sample,design,coolant,operating_variation,actual_supply_C,actual_compute_fraction,actual_switch_fraction,draw_coldplate_multiplier,draw_qdc_multiplier,draw_tubing_multiplier,draw_restriction_multiplier,draw_compute_load_multiplier,draw_switch_load_multiplier,draw_supply_C,draw_flow_LPM,draw_viscosity_multiplier,draw_roughness_m,draw_efficiency,M_flow,CV_flow,M_thermal,RMS_target_error,max_abs_target_error,zero_load_flow_fraction,T_out_max_C,T_out_min_C,outlet_spread_K,rack_dp_Pa,system_dp_Pa,rack_flow_LPM,heat_W,T_return_C,rack_deltaT_K,pump_hydraulic_W,pump_electrical_W,header_volume_m3,min_header_ID_m,max_header_ID_m,max_header_velocity_m_s,resolved_fluid_volume_m3,minimum_normalized_margin,feasible,error
0,baseline,PG25,False,40,1.0,1.0,0.831214883036104,0.7578692295790306,0.9325330905484835,0.8198032193640747,0.8716198903007893,1.0726553850752818,36.55721755410903,102.3782464986105,1.0501545853736696,3.6893700856028344e-05,0.6946600504613601,0.5682172611813986,0.24438370374087198,1.113436159482417,0.7369492697742445,1.3223364318034563,0.0,56.31958948561896,45.916206290823766,10.403383194795197,70187.11972574047,70187.11972574047,120.0,115560.0,53.72642027106804,13.726420271068037,140.37423945148095,202.0761656845691,0.004082813812605295,0.038,0.038,1.7754359387857443,0.005694450843896859,0.0,True,
0,C,PG25,False,40,1.0,1.0,0.831214883036104,0.7578692295790306,0.9325330905484835,0.8198032193640747,0.8716198903007893,1.0726553850752818,36.55721755410903,102.3782464986105,1.0501545853736696,3.6893700856028344e-05,0.6946600504613601,1.090528794728317,0.4971920971295127,0.05883918840065138,0.01931994527686298,0.030493143080347063,0.0,54.13198404259458,53.3208986416854,0.8110854009091781,91870.23841049887,91870.23841049887,120.0,115560.0,53.72642027106804,13.726420271068037,183.74047682099774,264.5041653092992,0.004082813812605295,0.038,0.038,1.7754359387857443,0.005694450843896859,0.0,True,
0,D,PG25,False,40,1.0,1.0,0.831214883036104,0.7578692295790306,0.9325330905484835,0.8198032193640747,0.8716198903007893,1.0726553850752818,36.55721755410903,102.3782464986105,1.0501545853736696,3.6893700856028344e-05,0.6946600504613601,1.094938717806563,0.49762652168935206,0.05765745102686552,0.01856487627000752,0.029625156088678835,0.0,54.14554499596045,53.34879334754322,0.7967516484172279,99725.17746017795,99725.17746017795,119.99337567015172,115560.0,53.72717679082365,13.727176790823648,199.439344712528,287.10351859167645,0.003842939613395669,0.035260164829076075,0.038488037593577065,1.7359665460999867,0.0054545766446872325,0.0,True,
0,E,PG25,False,40,1.0,1.0,0.831214883036104,0.7578692295790306,0.9325330905484835,0.8198032193640747,0.8716198903007893,1.0726553850752818,36.55721755410903,102.3782464986105,1.0501545853736696,3.6893700856028344e-05,0.6946600504613601,1.0819881854671787,0.49725589176606544,0.05360588145457715,0.01840048849428982,0.029485667633790708,0.0,54.07102170311941,53.33464863689585,0.7363730662235639,94160.82632467538,94160.82632467538,119.99337567015172,115560.0,53.727176790823705,13.727176790823705,188.31125677647807,271.0840455722345,0.003842939613395669,0.035260164829076075,0.038488037593577065,1.7359665460999862,0.0054545766446872325,0.0,True,
0,D116,PG25,False,40,1.0,1.0,0.831214883036104,0.7578692295790306,0.9325330905484835,0.8198032193640747,0.8716198903007893,1.0726553850752818,36.55721755410903,102.3782464986105,1.0501545853736696,3.6893700856028344e-05,0.6946600504613601,1.094742962401702,0.4975101969647945,0.05831646840717433,0.018823197838374953,0.029715363703174142,0.0,54.63301081563293,53.79977476090397,0.8332360547289568,93247.70752188956,93247.70752188956,116.0,115560.0,54.19893224298369,14.198932242983688,180.2789012089865,259.52104355109213,0.003842939613395669,0.035260164829076075,0.038488037593577065,1.6785844423461524,0.0054545766446872325,0.0,True,
1,baseline,PG25,False,40,1.0,1.0,1.1732652037838003,1.1532846700207917,0.7860923942478999,1.2377018269086209,0.7689428372444046,0.8427090556102959,25.743244324223078,110.1693467970918,0.9379305259211003,2.428323828245451e-05,0.7936113711719993,0.5813216662623139,0.24594109899888258,1.1133692363443894,0.7330105273519566,1.3192681966288176,0.0,56.33932842574046,45.92402741330301,10.415301012437453,89438.5060236255,89438.5060236255,120.0,115560.0,53.72642027106804,13.726420271068037,178.877012047251,225.39623113399543,0.004082813812605295,0.038,0.038,1.7754359387857443,0.005694450843896859,0.0,True,
1,C,PG25,False,40,1.0,1.0,1.1732652037838003,1.1532846700207917,0.7860923942478999,1.2377018269086209,0.7689428372444046,0.8427090556102959,25.743244324223078,110.1693467970918,0.9379305259211003,2.428323828245451e-05,0.7936113711719993,1.130268442160961,0.5100384533729794,0.07931675977767405,0.02586355337394592,0.039501321983802275,0.0,54.283485939093225,53.2056459313643,1.0778400077289234,118813.36916571557,118813.36916571557,120.0,115560.0,53.72642027106804,13.726420271068037,237.62673833143114,299.42456341131526,0.004082813812605295,0.038,0.038,1.7754359387857443,0.005694450843896859,-0.033159731875787586,False,
1,D,PG25,False,40,1.0,1.0,1.1732652037838003,1.1532846700207917,0.7860923942478999,1.2377018269086209,0.7689428372444046,0.8427090556102959,25.743244324223078,110.1693467970918,0.9379305259211003,2.428323828245451e-05,0.7936113711719993,1.128244256665413,0.5094067644937108,0.07563313500615355,0.024055546061778628,0.03857805031949495,0.0,54.24478868420755,53.218095180536864,1.0266935036706855,130204.72842149991,130204.72842149991,119.99337567015172,115560.0,53.727176790823705,13.727176790823705,260.39508152518533,328.114100911427,0.003842939613395669,0.035260164829076075,0.038488037593577065,1.7359665460999858,0.0054545766446872325,-0.1322150297521731,False,
1,E,PG25,False,40,1.0,1.0,1.1732652037838003,1.1532846700207917,0.7860923942478999,1.2377018269086209,0.7689428372444046,0.8427090556102959,25.743244324223078,110.1693467970918,0.9379305259211003,2.428323828245451e-05,0.7936113711719993,1.122853025253848,0.5098867351082714,0.07404406559229289,0.025255329232682193,0.03939706632745693,0.0,54.28919447801792,53.277058103243405,1.0121363747745136,121782.05713567896,121782.05713567896,119.99337567015172,115560.0,53.72717679082365,13.727176790823648,243.55066886275677,306.8890866609975,0.003842939613395669,0.035260164829076075,0.038488037593577065,1.7359665460999862,0.0054545766446872325,-0.05897440987546921,False,
1,D116,PG25,False,40,1.0,1.0,1.1732652037838003,1.1532846700207917,0.7860923942478999,1.2377018269086209,0.7689428372444046,0.8427090556102959,25.743244324223078,110.1693467970918,0.9379305259211003,2.428323828245451e-05,0.7936113711719993,1.1281239478114116,0.5093375802451171,0.0752747139174162,0.023898212638014744,0.03855993024885075,0.0,54.72925805769842,53.67262230062482,1.0566357570735931,121729.23803616762,121729.23803616762,116.0,115560.0,54.19893224298369,14.198932242983688,235.34319353659072,296.5471540422079,0.003842939613395669,0.035260164829076075,0.038488037593577065,1.6785844423461522,0.0054545766446872325,-0.05851511335797929,False,
2,baseline,PG25,False,40,1.0,1.0,1.017418364220521,0.8705677272119184,0.7754998593207691,1.1616283158117415,0.9156736747967913,0.8105972767645031,37.164299473931806,129.52203484659123,0.9334789017886667,7.025111808327121e-06,0.7841236445023878,0.5724310201252651,0.2473567535783647,1.1026692285273911,0.7286417091193788,1.3009562746685661,0.0,56.377376501262404,45.97113905624076,10.406237445021645,75428.85959669009,75428.85959669009,120.0,115560.0,53.72642027106809,13.726420271068093,150.85771919338018,192.3902183680686,0.004082813812605295,0.038,0.038,1.775435938785744,0.005694450843896859,0.0,True,
2,C,PG25,False,40,1.0,1.0,1.017418364220521,0.8705677272119184,0.7754998593207691,1.1616283158117415,0.9156736747967913,0.8105972767645031,37.164299473931806,129.52203484659123,0.9334789017886667,7.025111808327121e-06,0.7841236445023878,1.1357366766394739,0.5190084255489067,0.12029421848868743,0.04895409835767358,0.08380046213843467,0.0,54.97963691225783,53.27614551332141,1.7034913989364213,100672.6441905351,100672.6441905351,120.0,115560.0,53.72642027106809,13.726420271068093,201.3452883810702,256.77747354353255,0.004082813812605295,0.038,0.038,1.7754359387857443,0.005694450843896859,0.0,True,
2,D,PG25,False,40,1.0,1.0,1.017418364220521,0.8705677272119184,0.7754998593207691,1.1616283158117415,0.9156736747967913,0.8105972767645031,37.164299473931806,129.52203484659123,0.9334789017886667,7.025111808327121e-06,0.7841236445023878,1.1329404425655605,0.5175840374988135,0.1128687299875169,0.04483354346858217,0.07742642598646989,0.0,54.87714895482975,53.285866367612186,1.591282587217563,111444.97089153818,111444.97089153818,119.99337567015172,115560.0,53.727176790823705,13.727176790823705,222.8776376456244,284.23787397338924,0.003842939613395669,0.035260164829076075,0.038488037593577065,1.7359665460999862,0.0054545766446872325,0.0,True,
2,E,PG25,False,40,1.0,1.0,1.017418364220521,0.8705677272119184,0.7754998593207691,1.1616283158117415,0.9156736747967913,0.8105972767645031,37.164299473931806,129.52203484659123,0.9334789017886667,7.025111808327121e-06,0.7841236445023878,1.1287362711894944,0.5188646359758848,0.11330303674111336,0.04883187168919524,0.08170760211022765,0.0,54.94638243917143,53.33764382802934,1.608738611142087,103491.51888429341,103491.51888429341,119.99337567015172,115560.0,53.727176790823705,13.727176790823705,206.97161173596035,263.9527747786594,0.003842939613395669,0.035260164829076075,0.038488037593577065,1.7359665460999862,0.0054545766446872325,0.0,True,
2,D116,PG25,False,40,1.0,1.0,1.017418364220521,0.8705677272119184,0.7754998593207691,1.1616283158117415,0.9156736747967913,0.8105972767645031,37.164299473931806,129.52203484659123,0.9334789017886667,7.025111808327121e-06,0.7841236445023878,1.1328067074736785,0.517507445413432,0.11246537338540784,0.04462424304245465,0.07706276429462196,0.0,55.38229941197949,53.74275870878057,1.639540703198918,104208.8410573061,104208.8410573061,116.0,115560.0,54.19893224298369,14.198932242983688,201.47042604412513,256.93706274088976,0.003842939613395669,0.035260164829076075,0.038488037593577065,1.6785844423461516,0.0054545766446872325,0.0,True,
3,baseline,PG25,False,40,1.0,1.0,1.1642527833952805,1.1028767328113276,1.054648435342368,0.7802907402776955,0.956585841459086,0.817335217725186,35.56787983592869,107.11395955129134,1.0709078114916382,4.3811064990908655e-05,0.6325872547816669,0.5593757003009854,0.24621802385271865,1.102753154921452,0.7313405076989196,1.3049439899083866,0.0,56.32836895829797,45.9608160279152,10.367552930382772,91678.0088952993,91678.0088952993,120.0,115560.0,53.72642027106809,13.726420271068093,183.3560177905986,289.85095163493713,0.004082813812605295,0.038,0.038,1.7754359387857443,0.005694450843896859,0.0,True,
3,C,PG25,False,40,1.0,1.0,1.1642527833952805,1.1028767328113276,1.054648435342368,0.7802907402776955,0.956585841459086,0.817335217725186,35.56787983592869,107.11395955129134,1.0709078114916382,4.3811064990908655e-05,0.6325872547816669,1.0272385386945766,0.47083873859188957,0.19633111556225769,0.09097564970243695,0.15982832584392284,0.0,54.363892350941796,51.83758141742118,2.5263109335206195,116953.35810116434,116953.35810116434,120.0,115560.0,53.72642027106804,13.726420271068037,233.90671620232868,369.76198055564674,0.004082813812605295,0.038,0.038,1.775435938785744,0.005694450843896859,-0.016985722618820347,False,
3,D,PG25,False,40,1.0,1.0,1.1642527833952805,1.1028767328113276,1.054648435342368,0.7802907402776955,0.956585841459086,0.817335217725186,35.56787983592869,107.11395955129134,1.0709078114916382,4.3811064990908655e-05,0.6325872547816669,1.0331016178641044,0.47289939668350967,0.18646753383902698,0.08508003980614626,0.149571289708661,0.0,54.3571729069734,51.94370782321914,2.413465083754261,124523.54309111746,124523.54309111746,119.99337567015172,115560.0,53.727176790823705,13.727176790823705,249.03333809851307,393.6742895404448,0.003842939613395669,0.035260164829076075,0.038488037593577065,1.7359665460999858,0.0054545766446872325,-0.08281341818363011,False,
3,E,PG25,False,40,1.0,1.0,1.1642527833952805,1.1028767328113276,1.054648435342368,0.7802907402776955,0.956585841459086,0.817335217725186,35.56787983592869,107.11395955129134,1.0709078114916382,4.3811064990908655e-05,0.6325872547816669,1.0314117618083596,0.47128199081507866,0.19183454510865325,0.08970170097356137,0.1577508197667973,0.0,54.32412131464008,51.859446413768524,2.4646749008715574,119178.77796049301,119178.77796049301,119.99337567015172,115560.0,53.727176790823705,13.727176790823705,238.34439792871729,376.7771103940123,0.003842939613395669,0.035260164829076075,0.038488037593577065,1.7359665460999867,0.0054545766446872325,-0.03633719965646096,False,
3,D116,PG25,False,40,1.0,1.0,1.1642527833952805,1.1028767328113276,1.054648435342368,0.7802907402776955,0.956585841459086,0.817335217725186,35.56787983592869,107.11395955129134,1.0709078114916382,4.3811064990908655e-05,0.6325872547816669,1.032821567264768,0.47275268298498524,0.18722103379673916,0.08549508861948327,0.15030242357718643,0.0,54.85187462043615,52.346422443265396,2.5054521771707527,116419.51715403893,116419.51715403893,116.0,115560.0,54.19893224298369,14.198932242983688,225.07773316447526,355.80503948369824,0.003842939613395669,0.035260164829076075,0.038488037593577065,1.6785844423461513,0.0054545766446872325,-0.012343627426425455,False,
4,baseline,PG25,False,40,1.0,1.0,1.2420719991697424,0.8786902022973265,1.2549311920058872,0.7603910683953996,0.8166532953910903,0.9961053318105137,31.45793775361496,126.32391314922683,1.0471566796129173,1.9058331429959456e-06,0.5493012959708469,0.5787773132071078,0.24854761003363265,1.1004953915116165,0.7251647941956906,1.3034942647155399,0.0,56.23795483408736,45.964564810411616,10.273390023675745,90883.32091746065,90883.32091746065,120.0,115560.0,53.72642027106809,13.726420271068093,181.7666418349213,330.9051756625898,0.004082813812605295,0.038,0.038,1.7754359387857443,0.005694450843896859,0.0,True,
4,C,PG25,False,40,1.0,1.0,1.2420719991697424,0.8786902022973265,1.2549311920058872,0.7603910683953996,0.8166532953910903,0.9961053318105137,31.45793775361496,126.32391314922683,1.0471566796129173,1.9058331429959456e-06,0.5493012959708469,1.0391446743000834,0.470262826478188,0.19671286951619962,0.0928242781299985,0.1640024395872674,0.0,54.30973572236104,51.79519243123758,2.5145432911234593,115428.15034194935,115428.15034194935,120.0,115560.0,53.72642027106804,13.726420271068037,230.85630068389872,420.2726306623369,0.004082813812605295,0.038,0.038,1.7754359387857443,0.005694450843896859,-0.0037230464517335033,False,
4,D,PG25,False,40,1.0,1.0,1.2420719991697424,0.8786902022973265,1.2549311920058872,0.7603910683953996,0.8166532953910903,0.9961053318105137,31.45793775361496,126.32391314922683,1.0471566796129173,1.9058331429959456e-06,0.5493012959708469,1.0444825286590238,0.47239083293368234,0.18682463238013877,0.08679372985220386,0.15383133738428803,0.0,54.30107273499908,51.89967409280604,2.401398642193044,122827.72388001792,122827.72388001792,119.99337567015172,115560.0,53.727176790823705,13.727176790823705,245.6418869040776,447.1897093742058,0.003842939613395669,0.035260164829076075,0.038488037593577065,1.7359665460999858,0.0054545766446872325,-0.06806716417406886,False,
4,E,PG25,False,40,1.0,1.0,1.2420719991697424,0.8786902022973265,1.2549311920058872,0.7603910683953996,0.8166532953910903,0.9961053318105137,31.45793775361496,126.32391314922683,1.0471566796129173,1.9058331429959456e-06,0.5493012959708469,1.0358593811769747,0.47069907913624304,0.19232159217413894,0.09148332068722538,0.16174269878715059,0.0,54.27450138953782,51.81875429892733,2.455747090610487,117621.90409738809,117621.90409738809,119.99337567015172,115560.0,53.727176790823705,13.727176790823705,235.2308220899408,428.2364229164776,0.003842939613395669,0.035260164829076075,0.038488037593577065,1.7359665460999862,0.0054545766446872325,-0.02279916606424427,False,
4,D116,PG25,False,40,1.0,1.0,1.2420719991697424,0.8786902022973265,1.2549311920058872,0.7603910683953996,0.8166532953910903,0.9961053318105137,31.45793775361496,126.32391314922683,1.0471566796129173,1.9058331429959456e-06,0.5493012959708469,1.0441199389497886,0.4722235768858356,0.18757995136785813,0.08726480671464573,0.1545707850083637,0.0,54.79382575336848,52.300846582093754,2.492979171274726,114876.13841881827,114876.13841881827,116.0,115560.0,54.19893224298369,14.198932242983688,222.09386760971532,404.3206692552616,0.003842939613395669,0.035260164829076075,0.038488037593577065,1.6785844423461522,0.0054545766446872325,0.0,True,
5,baseline,PG25,False,40,1.0,1.0,0.9106439363788748,1.1512898989378235,0.9350749196332613,0.7969242244429879,0.8177557728112902,1.131923068770566,26.04056871174745,126.14404577242482,0.9048728334566959,2.0112629810399976e-05,0.5288788473082074,0.5691651779341215,0.24392112257980675,1.114626110034753,0.737973881732548,1.3224809103263249,0.0,56.35910358724499,45.91583851516157,10.44326507208342,78597.35685593418,78597.35685593418,120.0,115560.0,53.72642027106804,13.726420271068037,157.19471371186836,297.22253879490506,0.004082813812605295,0.038,0.038,1.7754359387857443,0.005694450843896859,0.0,True,
5,C,PG25,False,40,1.0,1.0,0.9106439363788748,1.1512898989378235,0.9350749196332613,0.7969242244429879,0.8177557728112902,1.131923068770566,26.04056871174745,126.14404577242482,0.9048728334566959,2.0112629810399976e-05,0.5288788473082074,1.075282955849649,0.485408583707667,0.12358693227444023,0.0501756997754228,0.08909687202903228,0.0,54.255759985094414,52.605201179636936,1.6505588054574787,101889.57915364992,101889.57915364992,120.0,115560.0,53.72642027106809,13.726420271068093,203.77915830729984,385.3040433446306,0.004082813812605295,0.038,0.038,1.7754359387857443,0.005694450843896859,0.0,True,
5,D,PG25,False,40,1.0,1.0,0.9106439363788748,1.1512898989378235,0.9350749196332613,0.7969242244429879,0.8177557728112902,1.131923068770566,26.04056871174745,126.14404577242482,0.9048728334566959,2.0112629810399976e-05,0.5288788473082074,1.080521253851837,0.4866652453995225,0.11824909063571258,0.04687574199690428,0.08321944298694572,0.0,54.26002867274423,52.674189314142666,1.5858393586015609,109559.51847186509,109559.51847186509,119.99337567015172,115560.0,53.727176790823705,13.727176790823705,219.10694097059056,414.28569526983676,0.003842939613395669,0.035260164829076075,0.038488037593577065,1.7359665460999867,0.0054545766446872325,0.0,True,
5,E,PG25,False,40,1.0,1.0,0.9106439363788748,1.1512898989378235,0.9350749196332613,0.7969242244429879,0.8177557728112902,1.131923068770566,26.04056871174745,126.14404577242482,0.9048728334566959,2.0112629810399976e-05,0.5288788473082074,1.0662600049962585,0.48562174957206333,0.11773596795779366,0.049122116267202635,0.08673205705759789,0.0,54.20272898540111,52.63328549742323,1.5694434879778782,104144.95394600576,104144.95394600576,119.99337567015172,115560.0,53.727176790823705,13.727176790823705,208.27840971656198,393.8111928216075,0.003842939613395669,0.035260164829076075,0.038488037593577065,1.7359665460999862,0.0054545766446872325,0.0,True,
5,D116,PG25,False,40,1.0,1.0,0.9106439363788748,1.1512898989378235,0.9350749196332613,0.7969242244429879,0.8177557728112902,1.131923068770566,26.04056871174745,126.14404577242482,0.9048728334566959,2.0112629810399976e-05,0.5288788473082074,1.0804825161979572,0.48662852892926795,0.11846937517402281,0.04698086064694833,0.08340805009777817,0.0,54.750702982939,53.107535907439114,1.643167075499889,102448.46947870083,102448.46947870083,116.0,115560.0,54.19893224298369,14.198932242983688,198.06704099215494,374.50361647141114,0.003842939613395669,0.035260164829076075,0.038488037593577065,1.678584442346152,0.0054545766446872325,0.0,True,
6,baseline,PG25,False,40,1.0,1.0,0.9950619333671381,0.8723531658714531,0.8519764085764479,0.7432928449276205,0.8434812431025498,1.0108823903695718,39.91331558765676,90.99235241608889,0.9743977027633097,4.752291979816574e-05,0.538560983206536,0.5661191796065592,0.2491307112708294,1.1204165517817781,0.7232931586308433,1.326788244936562,0.0,56.28045820610606,45.904894991695244,10.375563214410818,79315.95813556174,79315.95813556174,120.0,115560.0,53.72642027106804,13.726420271068037,158.6319162711235,294.54773223014706,0.004082813812605295,0.038,0.038,1.7754359387857446,0.005694450843896859,0.0,True,
6,C,PG25,False,40,1.0,1.0,0.9950619333671381,0.8723531658714531,0.8519764085764479,0.7432928449276205,0.8434812431025498,1.0108823903695718,39.91331558765676,90.99235241608889,0.9743977027633097,4.752291979816574e-05,0.538560983206536,1.0491792896902448,0.4799403940542453,0.1534554622729456,0.06543894494775551,0.11955161233164027,0.0,54.27264599546635,52.26281540783987,2.0098305876264817,101676.68428013736,101676.68428013736,120.0,115560.0,53.72642027106804,13.726420271068037,203.35336856027473,377.58652204905366,0.004082813812605295,0.038,0.038,1.7754359387857443,0.005694450843896859,0.0,True,
6,D,PG25,False,40,1.0,1.0,0.9950619333671381,0.8723531658714531,0.8519764085764479,0.7432928449276205,0.8434812431025498,1.0108823903695718,39.91331558765676,90.99235241608889,0.9743977027633097,4.752291979816574e-05,0.538560983206536,1.051993567274452,0.48152027868547176,0.14678863857597318,0.06103580951718301,0.11207599679962814,0.0,54.27817432286736,52.345806078005694,1.9323682448616637,108910.43195592512,108910.43195592512,119.99337567015172,115560.0,53.727176790823705,13.727176790823705,217.80883960143032,404.4274397759362,0.003842939613395669,0.035260164829076075,0.038488037593577065,1.7359665460999858,0.0054545766446872325,0.0,True,
6,E,PG25,False,40,1.0,1.0,0.9950619333671381,0.8723531658714531,0.8519764085764479,0.7432928449276205,0.8434812431025498,1.0108823903695718,39.91331558765676,90.99235241608889,0.9743977027633097,4.752291979816574e-05,0.538560983206536,1.053571599098621,0.48026971717365385,0.14712521333617723,0.06435713167383808,0.11618191366312938,0.0,54.22603711715544,52.300459160616185,1.9255779565392572,103842.52462727998,103842.52462727998,119.99337567015172,115560.0,53.72717679082365,13.727176790823648,207.67358446896984,385.6082986786435,0.003842939613395669,0.035260164829076075,0.038488037593577065,1.7359665460999862,0.0054545766446872325,0.0,True,
6,D116,PG25,False,40,1.0,1.0,0.9950619333671381,0.8723531658714531,0.8519764085764479,0.7432928449276205,0.8434812431025498,1.0108823903695718,39.91331558765676,90.99235241608889,0.9743977027633097,4.752291979816574e-05,0.538560983206536,1.0519926254118697,0.48149410155444844,0.14696324162301433,0.06111162912897161,0.11221605118454256,0.0,54.769510166788336,52.76855625071187,2.000953916076469,101828.91218370637,101828.91218370637,116.0,115560.0,54.19893224298369,14.198932242983688,196.8692302218323,365.5467743869848,0.003842939613395669,0.035260164829076075,0.038488037593577065,1.6785844423461516,0.0054545766446872325,0.0,True,
7,baseline,PG25,False,40,1.0,1.0,0.9312899030863274,0.9330899259555129,1.1387394795562078,0.927515958828271,0.8232577624961641,1.1630531910333388,39.5414644514214,111.16665704736795,1.0157379819633054,6.251763703423667e-06,0.651224887978297,0.576345333935341,0.2472869130497531,1.1079663123781516,0.7285843719910996,1.3095575479865578,0.0,56.34511033118815,45.948917322288594,10.396193008899559,76744.96569301211,76744.96569301211,120.0,115560.0,53.72642027106809,13.726420271068093,153.48993138602424,235.69420367598036,0.004082813812605295,0.038,0.038,1.7754359387857443,0.005694450843896859,0.0,True,
7,C,PG25,False,40,1.0,1.0,0.9312899030863274,0.9330899259555129,1.1387394795562078,0.927515958828271,0.8232577624961641,1.1630531910333388,39.5414644514214,111.16665704736795,1.0157379819633054,6.251763703423667e-06,0.651224887978297,1.0996767824332734,0.5002735008526349,0.05709032808973094,0.013384560358514791,0.030822757976432868,0.0,54.16221405552636,53.37354854124396,0.7886655142823997,100436.03306155963,100436.03306155963,120.0,115560.0,53.72642027106809,13.726420271068093,200.87206612311928,308.45268636264655,0.004082813812605295,0.038,0.038,1.775435938785744,0.005694450843896859,0.0,True,
7,D,PG25,False,40,1.0,1.0,0.9312899030863274,0.9330899259555129,1.1387394795562078,0.927515958828271,0.8232577624961641,1.1630531910333388,39.5414644514214,111.16665704736795,1.0157379819633054,6.251763703423667e-06,0.651224887978297,1.1029305686459543,0.5004324299814684,0.058826651204800365,0.012725448083086828,0.03048745262403344,0.0,54.1581046766006,53.34750205576745,0.8106026208331514,109203.05842671025,109203.05842671025,119.99337567015172,115560.0,53.72717679082365,13.727176790823648,218.39406023542952,335.3588971598208,0.003842939613395669,0.035260164829076075,0.038488037593577065,1.7359665460999867,0.0054545766446872325,0.0,True,
7,E,PG25,False,40,1.0,1.0,0.9312899030863274,0.9330899259555129,1.1387394795562078,0.927515958828271,0.8232577624961641,1.1630531910333388,39.5414644514214,111.16665704736795,1.0157379819633054,6.251763703423667e-06,0.651224887978297,1.0917213971829507,0.5003477984061204,0.04782025058711588,0.01337162606679036,0.02707984355829371,0.0,54.108601167058794,53.44697752199397,0.6616236450648216,102888.52998529485,102888.52998529485,119.99337567015172,115560.0,53.72717679082365,13.727176790823648,205.7657005112526,315.9671939904576,0.003842939613395669,0.035260164829076075,0.038488037593577065,1.7359665460999867,0.0054545766446872325,0.0,True,
7,D116,PG25,False,40,1.0,1.0,0.9312899030863274,0.9330899259555129,1.1387394795562078,0.927515958828271,0.8232577624961641,1.1630531910333388,39.5414644514214,111.16665704736795,1.0157379819633054,6.251763703423667e-06,0.651224887978297,1.1026855237057949,0.5002981305793364,0.05883850183759224,0.012903021238364867,0.030554731666967965,0.0,54.64565797322206,53.806838181740204,0.8388197914818534,102136.26649323602,102136.26649323602,116.0,115560.0,54.19893224298369,14.198932242983688,197.46344855358964,303.21852281568573,0.003842939613395669,0.035260164829076075,0.038488037593577065,1.6785844423461513,0.0054545766446872325,0.0,True,
8,baseline,PG25,False,40,1.0,1.0,1.0746507561313525,1.001261960876256,1.2072097211496804,1.185531523522991,0.7744231658375729,0.9858329705700106,35.61098839937516,124.5764670285422,0.9478459044340357,4.0725112063125944e-05,0.5367478931113454,0.5821020964901351,0.24842758149053393,1.1201373197526234,0.7256562379244147,1.3256621417429546,0.0,56.31810163548187,45.90775213950337,10.410349495978494,87904.28034197487,87904.28034197487,120.0,115560.0,53.72642027106809,13.726420271068093,175.80856068394974,327.54401636277913,0.004082813812605295,0.038,0.038,1.7754359387857443,0.005694450843896859,0.0,True,
8,C,PG25,False,40,1.0,1.0,1.0746507561313525,1.001261960876256,1.2072097211496804,1.185531523522991,0.7744231658375729,0.9858329705700106,35.61098839937516,124.5764670285422,0.9478459044340357,4.0725112063125944e-05,0.5367478931113454,1.1274174421149072,0.5086162634999244,0.07216982299926082,0.02235562974689415,0.03871559335204749,0.0,54.19258346766662,53.215619273309585,0.9769641943570377,116152.50176867291,116152.50176867291,120.0,115560.0,53.72642027106804,13.726420271068037,232.30500353734584,432.8009602250184,0.004082813812605295,0.038,0.038,1.7754359387857446,0.005694450843896859,-0.01002175451019923,False,
8,D,PG25,False,40,1.0,1.0,1.0746507561313525,1.001261960876256,1.2072097211496804,1.185531523522991,0.7744231658375729,0.9858329705700106,35.61098839937516,124.5764670285422,0.9478459044340357,4.0725112063125944e-05,0.5367478931113454,1.1259253246772487,0.5080765705965904,0.06951382215883975,0.020506074318025976,0.0380202640460598,0.0,54.165614338331864,53.225186637913566,0.9404277004182973,127110.90382385168,127110.90382385168,119.99337567015172,115560.0,53.727176790823705,13.727176790823705,254.20777390513265,473.6073996146989,0.003842939613395669,0.035260164829076075,0.038488037593577065,1.7359665460999858,0.0054545766446872325,-0.10531220716392765,False,
8,E,PG25,False,40,1.0,1.0,1.0746507561313525,1.001261960876256,1.2072097211496804,1.185531523522991,0.7744231658375729,0.9858329705700106,35.61098839937516,124.5764670285422,0.9478459044340357,4.0725112063125944e-05,0.5367478931113454,1.1215838274914027,0.5086059294396037,0.06636755778701285,0.022916299903025916,0.03480428091748241,0.0,54.16645110825766,53.266222147487326,0.9002289607703347,119015.55938891333,119015.55938891333,119.99337567015172,115560.0,53.727176790823705,13.727176790823705,238.0179788057855,443.4446447960439,0.003842939613395669,0.035260164829076075,0.038488037593577065,1.7359665460999862,0.0054545766446872325,-0.03491790772968113,False,
8,D116,PG25,False,40,1.0,1.0,1.0746507561313525,1.001261960876256,1.2072097211496804,1.185531523522991,0.7744231658375729,0.9858329705700106,35.61098839937516,124.5764670285422,0.9478459044340357,4.0725112063125944e-05,0.5367478931113454,1.1257165765641868,0.5079668739136114,0.06893638955290066,0.020264183418806665,0.03797761935045308,0.0,54.644549983214176,53.68028002107434,0.9642699621398378,118847.0862991558,118847.0862991558,116.0,115560.0,54.19893224298369,14.198932242983688,229.7710335117012,428.0799914831458,0.003842939613395669,0.035260164829076075,0.038488037593577065,1.6785844423461516,0.0054545766446872325,-0.03345292434048518,False,
9,baseline,PG25,False,40,1.0,1.0,0.837278881043908,1.2705968070447482,1.1715742338057467,1.0329152325638806,0.8511901238692505,0.989850111409457,28.213016279681902,110.40347916033897,1.0081750965653835,4.5096193746645893e-05,0.7383035263110123,0.548812119841732,0.23903728402339822,1.10676757623984,0.7516036328865755,1.3196138692476211,0.0,56.343470070501326,45.923145238811685,10.42032483168964,81651.08563284093,81651.08563284093,120.0,115560.0,53.72642027106809,13.726420271068093,163.30217126568186,221.18568508216822,0.004082813812605295,0.038,0.038,1.7754359387857446,0.005694450843896859,0.0,True,
9,C,PG25,False,40,1.0,1.0,0.837278881043908,1.2705968070447482,1.1715742338057467,1.0329152325638806,0.8511901238692505,0.989850111409457,28.213016279681902,110.40347916033897,1.0081750965653835,4.5096193746645893e-05,0.7383035263110123,1.0949485432468211,0.5020901921219854,0.04620237990823953,0.011154014358416377,0.024827765079314185,0.0,54.07529829082762,53.439338122299716,0.6359601685279017,108246.0941801686,108246.0941801686,120.0,115560.0,53.72642027106804,13.726420271068037,216.4921883603372,293.22924873738083,0.004082813812605295,0.038,0.038,1.7754359387857443,0.005694450843896859,0.0,True,
9,D,PG25,False,40,1.0,1.0,0.837278881043908,1.2705968070447482,1.1715742338057467,1.0329152325638806,0.8511901238692505,0.989850111409457,28.213016279681902,110.40347916033897,1.0081750965653835,4.5096193746645893e-05,0.7383035263110123,1.0980346670641281,0.5021119502416834,0.04890294602304473,0.010881717645133874,0.02544123506622348,0.0,54.084919587200375,53.41272660859727,0.6721929786031069,117903.43942678528,117903.43942678528,119.99337567015172,115560.0,53.72717679082365,13.727176790823648,235.79386166568707,319.37252534042256,0.003842939613395669,0.035260164829076075,0.038488037593577065,1.7359665460999862,0.0054545766446872325,-0.025247299363350233,False,
9,E,PG25,False,40,1.0,1.0,0.837278881043908,1.2705968070447482,1.1715742338057467,1.0329152325638806,0.8511901238692505,0.989850111409457,28.213016279681902,110.40347916033897,1.0081750965653835,4.5096193746645893e-05,0.7383035263110123,1.1010647171543184,0.5021140409692865,0.04573030569025185,0.011060959989715699,0.02610862373254633,0.0,54.001745180583214,53.37846350758156,0.6232816730016566,110876.16294190529,110876.16294190529,119.99337567015172,115560.0,53.727176790823705,13.727176790823705,221.74008454588326,300.3372957648244,0.003842939613395669,0.035260164829076075,0.038488037593577065,1.7359665460999862,0.0054545766446872325,0.0,True,
9,D116,PG25,False,40,1.0,1.0,0.837278881043908,1.2705968070447482,1.1715742338057467,1.0329152325638806,0.8511901238692505,0.989850111409457,28.213016279681902,110.40347916033897,1.0081750965653835,4.5096193746645893e-05,0.7383035263110123,1.0978263129776005,0.5019925006158251,0.04895063738519296,0.010922070635383198,0.025529091167642844,0.0,54.57025898270075,53.87413547915395,0.6961235035468007,110240.79936527948,110240.79936527948,116.0,115560.0,54.19893224298369,14.198932242983688,213.132212106207,288.6783071064793,0.003842939613395669,0.035260164829076075,0.038488037593577065,1.6785844423461516,0.0054545766446872325,0.0,True,
10,baseline,PG25,False,40,1.0,1.0,1.203330557372312,1.076649182183814,0.8824712816694101,0.7827961305907086,0.8190690318669585,1.1066774504082697,39.11964256252608,96.31605639550142,0.9792350800883092,1.5413280806422585e-05,0.6172517567411749,0.5748651730203657,0.24240935745439487,1.1143056370362017,0.7439115667579121,1.3224877104256905,0.0,56.406035107132254,45.915821206372584,10.49021390075967,89383.48078627119,89383.48078627119,120.0,115560.0,53.72642027106809,13.726420271068093,178.76696157254239,289.6175824858813,0.004082813812605295,0.038,0.038,1.7754359387857443,0.005694450843896859,0.0,True,
10,C,PG25,False,40,1.0,1.0,1.203330557372312,1.076649182183814,0.8824712816694101,0.7827961305907086,0.8190690318669585,1.1066774504082697,39.11964256252608,96.31605639550142,0.9792350800883092,1.5413280806422585e-05,0.6172517567411749,1.046158167872245,0.47263921467167497,0.19108886280824192,0.08761008985765209,0.15278210500672915,0.0,54.38228324581826,51.90983271319885,2.472450532619405,114775.93046840487,114775.93046840487,120.0,115560.0,53.72642027106809,13.726420271068093,229.55186093680973,371.8934104760516,0.004082813812605295,0.038,0.038,1.7754359387857443,0.005694450843896859,0.0,True,
10,D,PG25,False,40,1.0,1.0,1.203330557372312,1.076649182183814,0.8824712816694101,0.7827961305907086,0.8190690318669585,1.1066774504082697,39.11964256252608,96.31605639550142,0.9792350800883092,1.5413280806422585e-05,0.6172517567411749,1.0504198034230101,0.47467301478289586,0.18176070467380692,0.08194340639153146,0.14298967521447642,0.0,54.37753778185805,52.0123826479753,2.3651551338827517,122355.76002739383,122355.76002739383,119.99337567015172,115560.0,53.727176790823705,13.727176790823705,244.69801130623335,396.43145383357694,0.003842939613395669,0.035260164829076075,0.038488037593577065,1.7359665460999856,0.0054545766446872325,-0.06396313067298982,False,
10,E,PG25,False,40,1.0,1.0,1.203330557372312,1.076649182183814,0.8824712816694101,0.7827961305907086,0.8190690318669585,1.1066774504082697,39.11964256252608,96.31605639550142,0.9792350800883092,1.5413280806422585e-05,0.6172517567411749,1.0434467489299062,0.47298018316148094,0.18509514281202444,0.08623117286355039,0.14960529521222268,0.0,54.33589612276427,51.943355037083734,2.3925410856805343,117018.4892169956,117018.4892169956,119.99337567015172,115560.0,53.727176790823705,13.727176790823705,234.02405894947586,379.13874913053746,0.003842939613395669,0.035260164829076075,0.038488037593577065,1.7359665460999858,0.0054545766446872325,-0.01755208014778783,False,
10,D116,PG25,False,40,1.0,1.0,1.203330557372312,1.076649182183814,0.8824712816694101,0.7827961305907086,0.8190690318669585,1.1066774504082697,39.11964256252608,96.31605639550142,0.9792350800883092,1.5413280806422585e-05,0.6172517567411749,1.0503617566408252,0.47463853856831845,0.18195758036190476,0.08204196576970954,0.1431667234139149,0.0,54.87214851639084,52.42337354480043,2.44877497159041,114409.18390227201,114409.18390227201,116.0,115560.0,54.19893224298369,14.198932242983688,221.1910888777259,358.3482533051346,0.003842939613395669,0.035260164829076075,0.038488037593577065,1.6785844423461518,0.0054545766446872325,0.0,True,
11,baseline,PG25,False,40,1.0,1.0,0.7331735619960841,1.1022479880883829,0.899693518947524,0.8851235523949271,0.7629796621067186,1.176091505791181,28.83070788563781,112.58598361466117,0.9387514324461598,4.194364105018238e-05,0.668500292823089,0.5455116388937703,0.2454413659432636,1.089581036490634,0.7329942401856433,1.290818639384539,0.0,56.28023500503821,45.997544129647,10.28269087539121,70659.67163781436,70659.67163781436,120.0,115560.0,53.72642027106809,13.726420271068093,141.3193432756287,211.39757871882827,0.004082813812605295,0.038,0.038,1.7754359387857435,0.005694450843896859,0.0,True,
11,C,PG25,False,40,1.0,1.0,0.7331735619960841,1.1022479880883829,0.899693518947524,0.8851235523949271,0.7629796621067186,1.176091505791181,28.83070788563781,112.58598361466117,0.9387514324461598,4.194364105018238e-05,0.668500292823089,1.0861925438799185,0.5030495976623784,0.0381820312783829,0.00968160106882477,0.024211290895913458,0.0,54.066421065833026,53.53802327680853,0.5283977890244955,92942.5101726476,92942.5101726476,120.0,115560.0,53.72642027106804,13.726420271068037,185.8850203452952,278.06273585954517,0.004082813812605295,0.038,0.038,1.7754359387857443,0.005694450843896859,0.0,True,
11,D,PG25,False,40,1.0,1.0,0.7331735619960841,1.1022479880883829,0.899693518947524,0.8851235523949271,0.7629796621067186,1.176091505791181,28.83070788563781,112.58598361466117,0.9387514324461598,4.194364105018238e-05,0.668500292823089,1.08650510080693,0.5030133348693338,0.038790679704560765,0.00949283752758822,0.024704235390613116,0.0,54.074294183682525,53.53721500474404,0.5370791789384839,101353.32227813631,101353.32227813631,119.99337567015172,115560.0,53.727176790823705,13.727176790823705,202.69545459230613,303.20922334427036,0.003842939613395669,0.035260164829076075,0.038488037593577065,1.7359665460999862,0.0054545766446872325,0.0,True,
11,E,PG25,False,40,1.0,1.0,0.7331735619960841,1.1022479880883829,0.899693518947524,0.8851235523949271,0.7629796621067186,1.176091505791181,28.83070788563781,112.58598361466117,0.9387514324461598,4.194364105018238e-05,0.668500292823089,1.0921629017074355,0.5030950437427275,0.04072869578356965,0.009957768054731779,0.02210052023899804,0.0,54.0368841632353,53.477016782465455,0.5598673807698447,95328.43127657156,95328.43127657156,119.99337567015172,115560.0,53.727176790823705,13.727176790823705,190.64633777026486,285.18512230587345,0.003842939613395669,0.035260164829076075,0.038488037593577065,1.7359665460999862,0.0054545766446872325,0.0,True,
11,D116,PG25,False,40,1.0,1.0,0.7331735619960841,1.1022479880883829,0.899693518947524,0.8851235523949271,0.7629796621067186,1.176091505791181,28.83070788563781,112.58598361466117,0.9387514324461598,4.194364105018238e-05,0.668500292823089,1.086327986865371,0.5029012346818637,0.03883948908280302,0.00944454335923618,0.02477594573099122,0.0,54.55902648335683,54.00269248425582,0.5563339991010139,94762.16373406906,94762.16373406906,116.0,115560.0,54.19893224298369,14.198932242983688,183.20684988586686,274.05649908122103,0.003842939613395669,0.035260164829076075,0.038488037593577065,1.6785844423461518,0.0054545766446872325,0.0,True,
12,baseline,PG25,False,40,1.0,1.0,0.871105281067239,0.9718484557457541,1.0777548946937987,1.2032234278378333,0.8264159178052196,1.1898894840675078,26.41684900212519,111.80323366882412,1.0782386160123414,2.3619619841327952e-05,0.5830813055906452,0.5684681609048583,0.2415725426889603,1.1049247106228999,0.7448406161856098,1.3147556560732576,0.0,56.32295836932019,45.93556780429094,10.38739056502925,74956.47786397583,74956.47786397583,120.0,115560.0,53.72642027106804,13.726420271068037,149.91295572795167,257.10471985736876,0.004082813812605295,0.038,0.038,1.7754359387857446,0.005694450843896859,0.0,True,
12,C,PG25,False,40,1.0,1.0,0.871105281067239,0.9718484557457541,1.0777548946937987,1.2032234278378333,0.8264159178052196,1.1898894840675078,26.41684900212519,111.80323366882412,1.0782386160123414,2.3619619841327952e-05,0.5830813055906452,1.1397560290244904,0.5210377601580729,0.13206540841525108,0.05422170858082387,0.09422462711858495,0.0,55.15171503256215,53.26669939730192,1.8850156352602312,100816.62065938677,100816.62065938677,120.0,115560.0,53.72642027106804,13.726420271068037,201.63324131877354,345.8063899245143,0.004082813812605295,0.038,0.038,1.7754359387857446,0.005694450843896859,0.0,True,
12,D,PG25,False,40,1.0,1.0,0.871105281067239,0.9718484557457541,1.0777548946937987,1.2032234278378333,0.8264159178052196,1.1898894840675078,26.41684900212519,111.80323366882412,1.0782386160123414,2.3619619841327952e-05,0.5830813055906452,1.1393200896769262,0.5194354289418537,0.12515309856749365,0.049646543637174106,0.08636705316221734,0.0,55.022469266429994,53.250065963473446,1.7724033029565476,111944.83486466882,111944.83486466882,119.99337567015172,115560.0,53.727176790823705,13.727176790823705,223.87731040415508,383.9555620418555,0.003842939613395669,0.035260164829076075,0.038488037593577065,1.7359665460999862,0.0054545766446872325,0.0,True,
12,E,PG25,False,40,1.0,1.0,0.871105281067239,0.9718484557457541,1.0777548946937987,1.2032234278378333,0.8264159178052196,1.1898894840675078,26.41684900212519,111.80323366882412,1.0782386160123414,2.3619619841327952e-05,0.5830813055906452,1.1369479689830393,0.5208187117660591,0.1286904268274169,0.05376834040564012,0.09272851738210314,0.0,55.127608794095124,53.28990114558661,1.8377076485085126,103715.04841297075,103715.04841297075,119.99337567015172,115560.0,53.727176790823705,13.727176790823705,207.4186461144262,355.72851354635156,0.003842939613395669,0.035260164829076075,0.038488037593577065,1.7359665460999862,0.0054545766446872325,0.0,True,
12,D116,PG25,False,40,1.0,1.0,0.871105281067239,0.9718484557457541,1.0777548946937987,1.2032234278378333,0.8264159178052196,1.1898894840675078,26.41684900212519,111.80323366882412,1.0782386160123414,2.3619619841327952e-05,0.5830813055906452,1.1391796574232667,0.5193461697515467,0.12468680019665404,0.049398055603427235,0.0859367200800144,0.0,55.53135421031823,53.70560546150284,1.8257487488153856,104686.97210219111,104686.97210219111,116.0,115560.0,54.19893224298369,14.198932242983688,202.39481273090283,347.11250522066126,0.003842939613395669,0.035260164829076075,0.038488037593577065,1.6785844423461522,0.0054545766446872325,0.0,True,
13,baseline,PG25,False,40,1.0,1.0,0.9355321374744648,1.1904728487943785,1.0410879005155065,1.0897746108093116,0.8844789360345107,1.1016022118696123,28.34585669234517,116.26575955966584,1.0537400149163298,4.3773558185890774e-05,0.6019760748751051,0.5561179919864054,0.24684875410549284,1.1045452028128122,0.7294523037059265,1.3150864226340426,0.0,56.16126461937603,45.93472037356895,10.226544245807077,82680.19189597636,82680.19189597636,120.0,115560.0,53.72642027106809,13.726420271068093,165.36038379195273,274.6959400774538,0.004082813812605295,0.038,0.038,1.775435938785744,0.005694450843896859,0.0,True,
13,C,PG25,False,40,1.0,1.0,0.9355321374744648,1.1904728487943785,1.0410879005155065,1.0897746108093116,0.8844789360345107,1.1016022118696123,28.34585669234517,116.26575955966584,1.0537400149163298,4.3773558185890774e-05,0.6019760748751051,1.0983846755865858,0.506408999675856,0.042605009565640325,0.015771475186894236,0.022976942819822068,0.0,54.04868007422215,53.46545042652275,0.5832296476993974,109128.18037745719,109128.18037745719,120.0,115560.0,53.72642027106804,13.726420271068037,218.2563607549144,362.5665036607927,0.004082813812605295,0.038,0.038,1.7754359387857446,0.005694450843896859,0.0,True,
13,D,PG25,False,40,1.0,1.0,0.9355321374744648,1.1904728487943785,1.0410879005155065,1.0897746108093116,0.8844789360345107,1.1016022118696123,28.34585669234517,116.26575955966584,1.0537400149163298,4.3773558185890774e-05,0.6019760748751051,1.0979056233967004,0.5060822504643413,0.041429833376240656,0.014783564589521559,0.021959973651196625,0.0,54.03487045492756,53.46798756628249,0.5668828886450683,119269.87211084168,119269.87211084168,119.99337567015172,115560.0,53.727176790823705,13.727176790823705,238.52657617211963,396.2392960909749,0.003842939613395669,0.035260164829076075,0.038488037593577065,1.7359665460999858,0.0054545766446872325,-0.037129322702971125,False,
13,E,PG25,False,40,1.0,1.0,0.9355321374744648,1.1904728487943785,1.0410879005155065,1.0897746108093116,0.8844789360345107,1.1016022118696123,28.34585669234517,116.26575955966584,1.0537400149163298,4.3773558185890774e-05,0.6019760748751051,1.104085969533789,0.5063927863218513,0.05071224406273809,0.016046402050132587,0.026482144934505278,0.0,54.09995385668111,53.40627496823316,0.6936788884479483,111845.16510225613,111845.16510225613,119.99337567015172,115560.0,53.727176790823705,13.727176790823705,223.6779818834194,371.57287676229816,0.003842939613395669,0.035260164829076075,0.038488037593577065,1.7359665460999862,0.0054545766446872325,0.0,True,
13,D116,PG25,False,40,1.0,1.0,0.9355321374744648,1.1904728487943785,1.0410879005155065,1.0897746108093116,0.8844789360345107,1.1016022118696123,28.34585669234517,116.26575955966584,1.0537400149163298,4.3773558185890774e-05,0.6019760748751051,1.097724601481647,0.5059866730891255,0.04093231278239882,0.014595434625569738,0.021506390452561,0.0,54.510464069858756,53.93135008784549,0.5791139820132685,111516.53117168215,111516.53117168215,116.0,115560.0,54.19893224298369,14.198932242983688,215.59862693191883,358.151487958471,0.003842939613395669,0.035260164829076075,0.038488037593577065,1.6785844423461522,0.0054545766446872325,0.0,True,
14,baseline,PG25,False,40,1.0,1.0,1.1950986756722182,0.761277455504093,1.0439615173730565,0.9709962383508786,0.889123310367211,0.9014399754784131,36.014047071670404,120.44307573356852,1.0947390643747417,2.1989257898714712e-05,0.743187509610196,0.5820172505835887,0.24476413873721556,1.1081471738948583,0.7372580010542471,1.3158875144438353,0.0,56.30784103101786,45.93266896226805,10.375172068749805,86993.93294632933,86993.93294632933,120.0,115560.0,53.72642027106804,13.726420271068037,173.98786589265865,234.1103202661678,0.004082813812605295,0.038,0.038,1.7754359387857443,0.005694450843896859,0.0,True,
14,C,PG25,False,40,1.0,1.0,1.1950986756722182,0.761277455504093,1.0439615173730565,0.9709962383508786,0.889123310367211,0.9014399754784131,36.014047071670404,120.44307573356852,1.0947390643747417,2.1989257898714712e-05,0.743187509610196,1.088252122480585,0.4928964612993414,0.08283802233101828,0.032183408371812404,0.05305877958534152,0.0,54.16215368546722,53.03589980768089,1.1262538777863256,113627.44291089033,113627.44291089033,120.0,115560.0,53.72642027106809,13.726420271068093,227.25488582178065,305.7840489555274,0.004082813812605295,0.038,0.038,1.775435938785744,0.005694450843896859,0.0,True,
14,D,PG25,False,40,1.0,1.0,1.1950986756722182,0.761277455504093,1.0439615173730565,0.9709962383508786,0.889123310367211,0.9014399754784131,36.014047071670404,120.44307573356852,1.0947390643747417,2.1989257898714712e-05,0.743187509610196,1.0918536498568052,0.4936035516751359,0.08004899357381469,0.030311325445783008,0.049922540221890264,0.0,54.16641309469338,53.07549860899002,1.0909144857033652,122760.78452221943,122760.78452221943,119.99337567015172,115560.0,53.727176790823705,13.727176790823705,245.50801557895372,330.34464708337657,0.003842939613395669,0.035260164829076075,0.038488037593577065,1.7359665460999862,0.0054545766446872325,-0.06748508280190808,False,
14,E,PG25,False,40,1.0,1.0,1.1950986756722182,0.761277455504093,1.0439615173730565,0.9709962383508786,0.889123310367211,0.9014399754784131,36.014047071670404,120.44307573356852,1.0947390643747417,2.1989257898714712e-05,0.743187509610196,1.0924627381827499,0.4929737706089648,0.07598248874085546,0.031179347359726457,0.050679741622168595,0.0,54.09647938306921,53.06609028452016,1.0303890985490511,116170.6674850181,116170.6674850181,119.99337567015172,115560.0,53.727176790823705,13.727176790823705,232.32850908970096,312.61089036810904,0.003842939613395669,0.035260164829076075,0.038488037593577065,1.7359665460999858,0.0054545766446872325,-0.010179717261026964,False,
14,D116,PG25,False,40,1.0,1.0,1.1950986756722182,0.761277455504093,1.0439615173730565,0.9709962383508786,0.889123310367211,0.9014399754784131,36.014047071670404,120.44307573356852,1.0947390643747417,2.1989257898714712e-05,0.743187509610196,1.091662844236003,0.49349521672341096,0.08065562388529872,0.03057956118135235,0.050469566431257176,0.0,54.654412530643924,53.517863223508584,1.1365493071353399,114789.87471981569,114789.87471981569,116.0,115560.0,54.19893224298369,14.198932242983688,221.927091124977,298.61520579292085,0.003842939613395669,0.035260164829076075,0.038488037593577065,1.6785844423461518,0.0054545766446872325,0.0,True,
15,baseline,PG25,False,40,1.0,1.0,0.8444219600465056,1.174622929715446,0.9341983197511529,0.7855935254251984,0.9662909921418674,1.0878868327864284,32.517232230124065,101.12961011885625,1.0696590827931682,4.183588363003907e-05,0.5502125224981007,0.5624622271673904,0.2427234975591388,1.117866016269357,0.74159280316541,1.3340202700427108,0.0,56.25307659929109,45.88661156664756,10.366465032643532,77376.1513717574,77376.1513717574,120.0,115560.0,53.72642027106809,13.726420271068093,154.7523027435148,281.2591433595534,0.004082813812605295,0.038,0.038,1.775435938785744,0.005694450843896859,0.0,True,
15,C,PG25,False,40,1.0,1.0,0.8444219600465056,1.174622929715446,0.9341983197511529,0.7855935254251984,0.9662909921418674,1.0878868327864284,32.517232230124065,101.12961011885625,1.0696590827931682,4.183588363003907e-05,0.5502125224981007,1.066858437011731,0.4851526185548289,0.11867767028008326,0.050740779018952284,0.09112802789032698,0.0,54.15286863179841,52.581772074196635,1.571096557601777,100394.39923304207,100394.39923304207,120.0,115560.0,53.72642027106804,13.726420271068037,200.78879846608416,364.9295322368408,0.004082813812605295,0.038,0.038,1.7754359387857443,0.005694450843896859,0.0,True,
15,D,PG25,False,40,1.0,1.0,0.8444219600465056,1.174622929715446,0.9341983197511529,0.7855935254251984,0.9662909921418674,1.0878868327864284,32.517232230124065,101.12961011885625,1.0696590827931682,4.183588363003907e-05,0.5502125224981007,1.073536671690411,0.4864249925555234,0.11406240178756409,0.047453917073739874,0.08548062745445127,0.0,54.164557452618,52.647827880345915,1.5167295722720837,107968.7051212017,107968.7051212017,119.99337567015172,115560.0,53.727176790823705,13.727176790823705,215.92548990380317,392.44015916513155,0.003842939613395669,0.035260164829076075,0.038488037593577065,1.7359665460999862,0.0054545766446872325,0.0,True,
15,E,PG25,False,40,1.0,1.0,0.8444219600465056,1.174622929715446,0.9341983197511529,0.7855935254251984,0.9662909921418674,1.0878868327864284,32.517232230124065,101.12961011885625,1.0696590827931682,4.183588363003907e-05,0.5502125224981007,1.0567984161072341,0.48535623882445506,0.11230324865854505,0.049669511570625234,0.08823896688981957,0.0,54.10045407045982,52.61581859457817,1.484635475881646,102635.18310300563,102635.18310300563,119.99337567015172,115560.0,53.727176790823705,13.727176790823705,205.2590347175627,373.0540951442472,0.003842939613395669,0.035260164829076075,0.038488037593577065,1.7359665460999856,0.0054545766446872325,0.0,True,
15,D116,PG25,False,40,1.0,1.0,0.8444219600465056,1.174622929715446,0.9341983197511529,0.7855935254251984,0.9662909921418674,1.0878868327864284,32.517232230124065,101.12961011885625,1.0696590827931682,4.183588363003907e-05,0.5502125224981007,1.073325766668118,0.4863009992232076,0.11475448920475922,0.047800750942485835,0.08611113535753566,0.0,54.65273823443954,53.07496581069944,1.5777724237401003,100948.18180732,100948.18180732,116.0,115560.0,54.19893224298369,14.198932242983688,195.16648482748533,354.7110922546461,0.003842939613395669,0.035260164829076075,0.038488037593577065,1.6785844423461516,0.0054545766446872325,0.0,True,
16,baseline,PG25,False,40,1.0,1.0,0.8224296750438149,0.8065864019248598,0.9785939700891988,0.8874946498604648,0.7934802153399553,0.8512958519623348,36.50519219234018,101.17127313175116,0.94796417273909,1.5152995184025282e-05,0.6534900432861952,0.5681596202787983,0.24497134895404804,1.112704746173556,0.7354183128683072,1.3206586205140936,0.0,56.31872879064639,45.92048057561874,10.39824821502765,68788.12077446823,68788.12077446823,120.0,115560.0,53.72642027106804,13.726420271068037,137.57624154893648,210.52538284609352,0.004082813812605295,0.038,0.038,1.7754359387857443,0.005694450843896859,0.0,True,
16,C,PG25,False,40,1.0,1.0,0.8224296750438149,0.8065864019248598,0.9785939700891988,0.8874946498604648,0.7934802153399553,0.8512958519623348,36.50519219234018,101.17127313175116,0.94796417273909,1.5152995184025282e-05,0.6534900432861952,1.1125932073608862,0.5055052924601438,0.05604839983021563,0.015362994029684605,0.030994922197427013,0.0,54.075486083607245,53.314425881269756,0.7610602023374895,90680.68581143166,90680.68581143166,120.0,115560.0,53.72642027106804,13.726420271068037,181.36137162286332,277.52736783999677,0.004082813812605295,0.038,0.038,1.7754359387857443,0.005694450843896859,0.0,True,
16,D,PG25,False,40,1.0,1.0,0.8224296750438149,0.8065864019248598,0.9785939700891988,0.8874946498604648,0.7934802153399553,0.8512958519623348,36.50519219234018,101.17127313175116,0.94796417273909,1.5152995184025282e-05,0.6534900432861952,1.1120289320317305,0.5053232302658982,0.05643317067575735,0.015441299004341375,0.03063430601114808,0.0,54.08720134457417,53.31981116276552,0.7673901818086506,99101.58371711381,99101.58371711381,119.99337567015172,115560.0,53.727176790823705,13.727176790823705,198.19222607457715,303.28270202546776,0.003842939613395669,0.035260164829076075,0.038488037593577065,1.7359665460999862,0.0054545766446872325,0.0,True,
16,E,PG25,False,40,1.0,1.0,0.8224296750438149,0.8065864019248598,0.9785939700891988,0.8874946498604648,0.7934802153399553,0.8512958519623348,36.50519219234018,101.17127313175116,0.94796417273909,1.5152995184025282e-05,0.6534900432861952,1.1069454788622404,0.505401173757811,0.047268843570077136,0.01385396295468944,0.02696973596692606,0.0,54.00858139310918,53.36726382966498,0.6413175634442041,93085.58060306616,93085.58060306616,119.99337567015172,115560.0,53.727176790823705,13.727176790823705,186.16088404629843,284.87179867370907,0.003842939613395669,0.035260164829076075,0.038488037593577065,1.7359665460999862,0.0054545766446872325,0.0,True,
16,D116,PG25,False,40,1.0,1.0,0.8224296750438149,0.8065864019248598,0.9785939700891988,0.8874946498604648,0.7934802153399553,0.8512958519623348,36.50519219234018,101.17127313175116,0.94796417273909,1.5152995184025282e-05,0.6534900432861952,1.1117918126797581,0.5052021763687383,0.05645150931992586,0.015278635702974863,0.030582441039233924,0.0,54.57248615995053,53.778282376383686,0.794203783566843,92676.49611320983,92676.49611320983,116.0,115560.0,54.19893224298369,14.198932242983688,179.17455915220566,274.1810085601203,0.003842939613395669,0.035260164829076075,0.038488037593577065,1.678584442346152,0.0054545766446872325,0.0,True,
17,baseline,PG25,False,40,1.0,1.0,0.8312901029257301,1.1185677260276523,1.275105700432353,1.1379064433729849,0.8286379425851822,0.8321688694837117,26.73404657544168,96.65976862684995,0.9712171847887494,9.06329638146008e-06,0.5409877758535491,0.5456737369795319,0.23874096388372598,1.1217808029000713,0.7528503666697189,1.3425898811090893,0.0,56.29836820518307,45.8650925988681,10.433275606314965,77370.77279344534,77370.77279344534,120.0,115560.0,53.72642027106804,13.726420271068037,154.74154558689068,286.03519800931844,0.004082813812605295,0.038,0.038,1.7754359387857443,0.005694450843896859,0.0,True,
17,C,PG25,False,40,1.0,1.0,0.8312901029257301,1.1185677260276523,1.275105700432353,1.1379064433729849,0.8286379425851822,0.8321688694837117,26.73404657544168,96.65976862684995,0.9712171847887494,9.06329638146008e-06,0.5409877758535491,1.119210171591321,0.5141834375035754,0.08748139983352166,0.03543827254108572,0.05912149761549434,0.0,54.58741856266579,53.36544192032238,1.2219766423434066,103672.68350368062,103672.68350368062,120.0,115560.0,53.72642027106804,13.726420271068037,207.34536700736123,383.2718154864404,0.004082813812605295,0.038,0.038,1.7754359387857443,0.005694450843896859,0.0,True,
17,D,PG25,False,40,1.0,1.0,0.8312901029257301,1.1185677260276523,1.275105700432353,1.1379064433729849,0.8286379425851822,0.8321688694837117,26.73404657544168,96.65976862684995,0.9712171847887494,9.06329638146008e-06,0.5409877758535491,1.1183388507969825,0.5132224342649039,0.08333126292686015,0.032762018306152,0.054867092749866786,0.0,54.52267060898123,53.36271568305415,1.1599549259270816,114225.50960803474,114225.50960803474,119.99337567015172,115560.0,53.72717679082365,13.727176790823648,228.4384080918573,422.2616818493472,0.003842939613395669,0.035260164829076075,0.038488037593577065,1.7359665460999867,0.0054545766446872325,0.0,True,
17,E,PG25,False,40,1.0,1.0,0.8312901029257301,1.1185677260276523,1.275105700432353,1.1379064433729849,0.8286379425851822,0.8321688694837117,26.73404657544168,96.65976862684995,0.9712171847887494,9.06329638146008e-06,0.5409877758535491,1.1276225779131983,0.5140017188905969,0.09339171276799246,0.03492529915936929,0.05865767881997786,0.0,54.581047208120765,53.284731493637935,1.2963157144828301,106474.64324686327,106474.64324686327,119.99337567015172,115560.0,53.727176790823705,13.727176790823705,212.93753110777078,393.60876643063955,0.003842939613395669,0.035260164829076075,0.038488037593577065,1.7359665460999862,0.0054545766446872325,0.0,True,
17,D116,PG25,False,40,1.0,1.0,0.8312901029257301,1.1185677260276523,1.275105700432353,1.1379064433729849,0.8286379425851822,0.8321688694837117,26.73404657544168,96.65976862684995,0.9712171847887494,9.06329638146008e-06,0.5409877758535491,1.1181225757266302,0.5130978371494841,0.08267794679296511,0.03243074487478263,0.054267300178432204,0.0,55.012205230357495,53.82238807484475,1.189817155512742,106835.62021367534,106835.62021367534,116.0,115560.0,54.19893224298369,14.198932242983688,206.548865746439,381.7995063207378,0.003842939613395669,0.035260164829076075,0.038488037593577065,1.6785844423461516,0.0054545766446872325,0.0,True,
18,baseline,PG25,False,40,1.0,1.0,0.9177919479707202,0.8708540092661835,0.7172923519407317,0.9465158697402537,0.7614869871042793,1.0740403598822368,36.76086997797622,116.55828144699812,1.0408433465711278,4.618042120904653e-05,0.6776493556587962,0.5777883789183191,0.24972372203767768,1.1134950475304868,0.7231791953885925,1.3102141676522812,0.0,56.42109875402434,45.94722771232239,10.473871041701955,73224.2296527805,73224.2296527805,120.0,115560.0,53.72642027106804,13.726420271068037,146.44845930556102,216.11244529729825,0.004082813812605295,0.038,0.038,1.7754359387857443,0.005694450843896859,0.0,True,
18,C,PG25,False,40,1.0,1.0,0.9177919479707202,0.8708540092661835,0.7172923519407317,0.9465158697402537,0.7614869871042793,1.0740403598822368,36.76086997797622,116.55828144699812,1.0408433465711278,4.618042120904653e-05,0.6776493556587962,1.1093393197536126,0.505963040598731,0.061831170405051955,0.01888156870956386,0.03335707772106503,0.0,54.19928042323454,53.350321055602365,0.848959367632176,96246.68289010516,96246.68289010516,120.0,115560.0,53.72642027106809,13.726420271068093,192.49336578021033,284.06042767217326,0.004082813812605295,0.038,0.038,1.7754359387857435,0.005694450843896859,0.0,True,
18,D,PG25,False,40,1.0,1.0,0.9177919479707202,0.8708540092661835,0.7172923519407317,0.9465158697402537,0.7614869871042793,1.0740403598822368,36.76086997797622,116.55828144699812,1.0408433465711278,4.618042120904653e-05,0.6776493556587962,1.1108625557070373,0.505751837577902,0.0632919932939781,0.018883464141838578,0.033529292785910256,0.0,54.20258891736489,53.33420805569028,0.8683808616746092,105164.53057591686,105164.53057591686,119.99337567015172,115560.0,53.727176790823705,13.727176790823705,210.31745040951915,310.3632411854845,0.003842939613395669,0.035260164829076075,0.038488037593577065,1.7359665460999858,0.0054545766446872325,0.0,True,
18,E,PG25,False,40,1.0,1.0,0.9177919479707202,0.8708540092661835,0.7172923519407317,0.9465158697402537,0.7614869871042793,1.0740403598822368,36.76086997797622,116.55828144699812,1.0408433465711278,4.618042120904653e-05,0.6776493556587962,1.1015394482850107,0.5057507562278748,0.05088932690276155,0.016401812940811923,0.028035979816605345,0.0,54.122456313800114,53.423676619337016,0.6987796944630986,98767.31399754979,98767.31399754979,119.99337567015172,115560.0,53.727176790823705,13.727176790823705,197.52372354066378,291.4836735122922,0.003842939613395669,0.035260164829076075,0.038488037593577065,1.7359665460999862,0.0054545766446872325,0.0,True,
18,D116,PG25,False,40,1.0,1.0,0.9177919479707202,0.8708540092661835,0.7172923519407317,0.9465158697402537,0.7614869871042793,1.0740403598822368,36.76086997797622,116.55828144699812,1.0408433465711278,4.618042120904653e-05,0.6776493556587962,1.110746289661381,0.5056760080330319,0.06334807354562257,0.018799836265857343,0.03359990401992237,0.0,54.6917251423792,53.79259495235823,0.8991301900209692,98320.11574288236,98320.11574288236,116.0,115560.0,54.19893224298369,14.198932242983688,190.0855571029059,280.5072498270271,0.003842939613395669,0.035260164829076075,0.038488037593577065,1.6785844423461513,0.0054545766446872325,0.0,True,
19,baseline,PG25,False,40,1.0,1.0,0.7765575434615647,1.2186068609624554,1.151194805300872,1.2515626842187946,0.846060130242356,1.1082144770230558,26.877626321173356,107.00352114592553,0.9961309090911785,4.903850976866022e-05,0.7646321245854103,0.5468759121313399,0.2371249940758417,1.1332573073248513,0.7570677549083179,1.359515973293055,0.0,56.30801357334809,45.823048788142046,10.484964785206046,77489.62913302414,77489.62913302414,120.0,115560.0,53.72642027106804,13.726420271068037,154.97925826604828,202.6847333285654,0.004082813812605295,0.038,0.038,1.7754359387857446,0.005694450843896859,0.0,True,
19,C,PG25,False,40,1.0,1.0,0.7765575434615647,1.2186068609624554,1.151194805300872,1.2515626842187946,0.846060130242356,1.1082144770230558,26.877626321173356,107.00352114592553,0.9961309090911785,4.903850976866022e-05,0.7646321245854103,1.1320605457844242,0.5206759670450698,0.12404436085491208,0.05285237993156793,0.09153161191744011,0.0,55.106882141169706,53.332346413138566,1.7745357280311396,104812.59455942808,104812.59455942808,120.0,115560.0,53.72642027106809,13.726420271068093,209.62518911885616,274.1516899156135,0.004082813812605295,0.038,0.038,1.775435938785744,0.005694450843896859,0.0,True,
19,D,PG25,False,40,1.0,1.0,0.7765575434615647,1.2186068609624554,1.151194805300872,1.2515626842187946,0.846060130242356,1.1082144770230558,26.877626321173356,107.00352114592553,0.9961309090911785,4.903850976866022e-05,0.7646321245854103,1.1320905934471934,0.5191303260030116,0.11767765400138142,0.04847313713824025,0.08388896642035772,0.0,54.98190699798778,53.31170396804134,1.6702030299464354,116345.37474414943,116345.37474414943,119.99337567015172,115560.0,53.72717679082365,13.727176790823648,232.67790431932175,304.3004561775136,0.003842939613395669,0.035260164829076075,0.038488037593577065,1.7359665460999862,0.0054545766446872325,-0.011698910818690733,False,
19,E,PG25,False,40,1.0,1.0,0.7765575434615647,1.2186068609624554,1.151194805300872,1.2515626842187946,0.846060130242356,1.1082144770230558,26.877626321173356,107.00352114592553,0.9961309090911785,4.903850976866022e-05,0.7646321245854103,1.1350196740381333,0.5204304258915086,0.1253874871456648,0.05227882852204751,0.09048183823245305,0.0,55.090308968438194,53.30202037302013,1.7882885954180665,107796.61380161403,107796.61380161403,119.99337567015172,115560.0,53.727176790823705,13.727176790823705,215.58132626445558,281.94123596539384,0.003842939613395669,0.035260164829076075,0.038488037593577065,1.7359665460999867,0.0054545766446872325,0.0,True,
19,D116,PG25,False,40,1.0,1.0,0.7765575434615647,1.2186068609624554,1.151194805300872,1.2515626842187946,0.846060130242356,1.1082144770230558,26.877626321173356,107.00352114592553,0.9961309090911785,4.903850976866022e-05,0.7646321245854103,1.1319419959533439,0.5190373183540526,0.11718876235153479,0.04821190968680185,0.08343770343281945,0.0,55.48908711314215,53.76938045698921,1.7197066561529368,108785.44334822692,108785.44334822692,116.0,115560.0,54.19893224298369,14.198932242983688,210.31852380657205,275.05844581223744,0.003842939613395669,0.035260164829076075,0.038488037593577065,1.6785844423461513,0.0054545766446872325,0.0,True,
20,baseline,PG25,False,40,1.0,1.0,0.8081710070952931,1.0434641210125868,0.9555415880897389,0.86951340562218,0.7592755738552043,1.1520633105009583,40.27093186042077,121.43647185952712,1.0364664216359238,4.896710504654687e-05,0.6781009972292558,0.558274305246866,0.23897247484368012,1.109372749856973,0.7525861627717385,1.3155749919383781,0.0,56.5002417474808,45.9334690915652,10.5667726559156,73134.49922206646,73134.49922206646,120.0,115560.0,53.72642027106809,13.726420271068093,146.2689984441329,215.70385391231264,0.004082813812605295,0.038,0.038,1.7754359387857443,0.005694450843896859,0.0,True,
20,C,PG25,False,40,1.0,1.0,0.8081710070952931,1.0434641210125868,0.9555415880897389,0.86951340562218,0.7592755738552043,1.1520633105009583,40.27093186042077,121.43647185952712,1.0364664216359238,4.896710504654687e-05,0.6781009972292558,1.095002431605157,0.49756555847144707,0.06253158580695016,0.020022605362608588,0.036125122552569104,0.0,54.23998752697514,53.36861118990595,0.8713763370691936,96436.93977575681,96436.93977575681,120.0,115560.0,53.72642027106809,13.726420271068093,192.87387955151362,284.4323785683888,0.004082813812605295,0.038,0.038,1.7754359387857443,0.005694450843896859,0.0,True,
20,D,PG25,False,40,1.0,1.0,0.8081710070952931,1.0434641210125868,0.9555415880897389,0.86951340562218,0.7592755738552043,1.1520633105009583,40.27093186042077,121.43647185952712,1.0364664216359238,4.896710504654687e-05,0.6781009972292558,1.098567651481779,0.497974950899637,0.0645521708211491,0.019401794611109222,0.03610499339218853,0.0,54.240475422932775,53.343129352784615,0.8973460701481599,104709.94060176802,104709.94060176802,119.99337567015172,115560.0,53.727176790823705,13.727176790823705,209.4083206504537,308.8158275922073,0.003842939613395669,0.035260164829076075,0.038488037593577065,1.7359665460999862,0.0054545766446872325,0.0,True,
20,E,PG25,False,40,1.0,1.0,0.8081710070952931,1.0434641210125868,0.9555415880897389,0.86951340562218,0.7592755738552043,1.1520633105009583,40.27093186042077,121.43647185952712,1.0364664216359238,4.896710504654687e-05,0.6781009972292558,1.0846650965028661,0.4975777906927094,0.057480603972093536,0.018767059152889308,0.031907846373649545,0.0,54.17884195643353,53.38070354777881,0.7981384086547223,98815.95987536233,98815.95987536233,119.99337567015172,115560.0,53.727176790823705,13.727176790823705,197.62100992551652,291.4330029494173,0.003842939613395669,0.035260164829076075,0.038488037593577065,1.7359665460999862,0.0054545766446872325,0.0,True,
20,D116,PG25,False,40,1.0,1.0,0.8081710070952931,1.0434641210125868,0.9555415880897389,0.86951340562218,0.7592755738552043,1.1520633105009583,40.27093186042077,121.43647185952712,1.0364664216359238,4.896710504654687e-05,0.6781009972292558,1.098368049199358,0.49786009215490085,0.06458943275096624,0.01963497684556939,0.03617972660759907,0.0,54.73097989504913,53.80207953628263,0.9289003587664979,97901.8290572242,97901.8290572242,116.0,115560.0,54.19893224298369,14.198932242983688,189.27686951063345,279.12784420613644,0.003842939613395669,0.035260164829076075,0.038488037593577065,1.6785844423461513,0.0054545766446872325,0.0,True,
21,baseline,PG25,False,40,1.0,1.0,1.1082281294173277,1.0640900402518623,0.7910900424498818,0.7013518534202846,0.8643014385924007,1.0271808328820202,25.027541670377072,129.9791652143893,1.0893993717212387,8.278483945864708e-06,0.687963765006567,0.5721309145977376,0.245211517739923,1.0996037948563835,0.7348288832615564,1.3011841675611964,0.0,56.352583872022024,45.970548145003704,10.38203572701832,83399.79813237424,83399.79813237424,120.0,115560.0,53.72642027106809,13.726420271068093,166.7995962647485,242.4540430020414,0.004082813812605295,0.038,0.038,1.7754359387857446,0.005694450843896859,0.0,True,
21,C,PG25,False,40,1.0,1.0,1.1082281294173277,1.0640900402518623,0.7910900424498818,0.7013518534202846,0.8643014385924007,1.0271808328820202,25.027541670377072,129.9791652143893,1.0893993717212387,8.278483945864708e-06,0.687963765006567,1.0327252743168442,0.469925399322782,0.20378296387194664,0.09409082970119785,0.16519593235394914,0.0,54.40375094072431,51.78312801938415,2.620622921340157,106336.0824006533,106336.0824006533,120.0,115560.0,53.72642027106804,13.726420271068037,212.6721648013066,309.13279974749327,0.004082813812605295,0.038,0.038,1.7754359387857443,0.005694450843896859,0.0,True,
21,D,PG25,False,40,1.0,1.0,1.1082281294173277,1.0640900402518623,0.7910900424498818,0.7013518534202846,0.8643014385924007,1.0271808328820202,25.027541670377072,129.9791652143893,1.0893993717212387,8.278483945864708e-06,0.687963765006567,1.0372839989504388,0.4720771235327523,0.19322876013062873,0.0880105547394781,0.15531540766270793,0.0,54.37972562897795,51.88441024780883,2.495315381169121,113234.35842197349,113234.35842197349,119.99337567015172,115560.0,53.727176790823705,13.727176790823705,226.45621514827457,329.16881188664485,0.003842939613395669,0.035260164829076075,0.038488037593577065,1.7359665460999867,0.0054545766446872325,0.0,True,
21,E,PG25,False,40,1.0,1.0,1.1082281294173277,1.0640900402518623,0.7910900424498818,0.7013518534202846,0.8643014385924007,1.0271808328820202,25.027541670377072,129.9791652143893,1.0893993717212387,8.278483945864708e-06,0.687963765006567,1.0315872387950913,0.4703645705475895,0.19989848628744178,0.09270137711439903,0.16130264427900123,0.0,54.40043459283669,51.82322639320904,2.5772081996276484,108435.23243737018,108435.23243737018,119.99337567015172,115560.0,53.727176790823705,13.727176790823705,216.8584930289597,315.2178996329693,0.003842939613395669,0.035260164829076075,0.038488037593577065,1.7359665460999862,0.0054545766446872325,0.0,True,
21,D116,PG25,False,40,1.0,1.0,1.1082281294173277,1.0640900402518623,0.7910900424498818,0.7013518534202846,0.8643014385924007,1.0271808328820202,25.027541670377072,129.9791652143893,1.0893993717212387,8.278483945864708e-06,0.687963765006567,1.0370469992610776,0.4719584198923087,0.19386484868846124,0.08834633017188016,0.15591885315469847,0.0,54.87521958202876,52.28652228306197,2.5886972989667925,105878.52426303521,105878.52426303521,116.0,115560.0,54.19893224298369,14.198932242983688,204.69848024186808,297.5425315313142,0.003842939613395669,0.035260164829076075,0.038488037593577065,1.6785844423461522,0.0054545766446872325,0.0,True,
22,baseline,PG25,False,40,1.0,1.0,0.8835425494445401,1.078030970059003,0.7465985721163901,0.8111177048473789,0.8716278272028349,0.829825625644233,25.133643513322863,92.59126293614102,1.026929526558536,2.034590289482054e-06,0.6002784056808748,0.5596646495543948,0.24789249144593511,1.098613675869056,0.7278593575438997,1.290323372935316,0.0,56.47383038505035,45.99884011390941,10.474990271140939,73346.21170849806,73346.21170849806,120.0,115560.0,53.72642027106804,13.726420271068037,146.69242341699612,244.3739805209352,0.004082813812605295,0.038,0.038,1.7754359387857443,0.005694450843896859,0.0,True,
22,C,PG25,False,40,1.0,1.0,0.8835425494445401,1.078030970059003,0.7465985721163901,0.8111177048473789,0.8716278272028349,0.829825625644233,25.133643513322863,92.59126293614102,1.026929526558536,2.034590289482054e-06,0.6002784056808748,1.0771142150836848,0.4935034109930206,0.09118923664211653,0.03127900219793838,0.05030029671775526,0.0,54.3267046104761,53.070082839691224,1.256621770784875,95352.39303126353,95352.39303126353,120.0,115560.0,53.72642027106804,13.726420271068037,190.70478606252706,317.69389712797897,0.004082813812605295,0.038,0.038,1.7754359387857443,0.005694450843896859,0.0,True,
22,D,PG25,False,40,1.0,1.0,0.8835425494445401,1.078030970059003,0.7465985721163901,0.8111177048473789,0.8716278272028349,0.829825625644233,25.133643513322863,92.59126293614102,1.026929526558536,2.034590289482054e-06,0.6002784056808748,1.0814634673455252,0.49423760703838476,0.0882910575648293,0.02990471133521425,0.04770608003683223,0.0,54.32126031188358,53.103116452327356,1.2181438595562213,103124.7731963516,103124.7731963516,119.99337567015172,115560.0,53.72717679082365,13.727176790823648,206.23816085081685,343.5708479582705,0.003842939613395669,0.035260164829076075,0.038488037593577065,1.7359665460999862,0.0054545766446872325,0.0,True,
22,E,PG25,False,40,1.0,1.0,0.8835425494445401,1.078030970059003,0.7465985721163901,0.8111177048473789,0.8716278272028349,0.829825625644233,25.133643513322863,92.59126293614102,1.026929526558536,2.034590289482054e-06,0.6002784056808748,1.071137390037532,0.4935144852316635,0.0847580892580622,0.029814452267812944,0.0475862755574123,0.0,54.270864468500406,53.1046125805434,1.166251887957003,97642.87402102485,97642.87402102485,119.99337567015172,115560.0,53.727176790823705,13.727176790823705,195.27496773196887,325.30733387031523,0.003842939613395669,0.035260164829076075,0.038488037593577065,1.7359665460999862,0.0054545766446872325,0.0,True,
22,D116,PG25,False,40,1.0,1.0,0.8835425494445401,1.078030970059003,0.7465985721163901,0.8111177048473789,0.8716278272028349,0.829825625644233,25.133643513322863,92.59126293614102,1.026929526558536,2.034590289482054e-06,0.6002784056808748,1.0812914018959245,0.4941365558349489,0.08885174141655802,0.030149860548668538,0.048224632909649734,0.0,54.8143194282614,53.546766357369165,1.2675530708922338,96434.62791878082,96434.62791878082,116.0,115560.0,54.19893224298369,14.198932242983688,186.44028064297626,310.58968451730925,0.003842939613395669,0.035260164829076075,0.038488037593577065,1.6785844423461513,0.0054545766446872325,0.0,True,
23,baseline,PG25,False,40,1.0,1.0,1.1053994671185272,1.1166375227920098,1.1198535371942024,0.7707363188455449,0.9521460254405835,0.8532640493384186,37.270126843696794,128.9117155847343,0.9615099763712082,1.3651352262270343e-05,0.6971516784912247,0.5755983904361381,0.2428198724485393,1.1143156499487366,0.7419825201223659,1.322071686388557,0.0,56.395707917201946,45.91688032918762,10.478827588014326,87713.211817875,87713.211817875,120.0,115560.0,53.72642027106804,13.726420271068037,175.42642363574998,251.63307935427733,0.004082813812605295,0.038,0.038,1.7754359387857446,0.005694450843896859,0.0,True,
23,C,PG25,False,40,1.0,1.0,1.1053994671185272,1.1166375227920098,1.1198535371942024,0.7707363188455449,0.9521460254405835,0.8532640493384186,37.270126843696794,128.9117155847343,0.9615099763712082,1.3651352262270343e-05,0.6971516784912247,1.0456017369062538,0.4730992201287351,0.18787285234084988,0.08530545426061449,0.14982413706816847,0.0,54.37423617708947,51.94042695799385,2.4338092190956218,112532.33189048868,112532.33189048868,120.0,115560.0,53.72642027106804,13.726420271068037,225.06466378097738,322.83457205189865,0.004082813812605295,0.038,0.038,1.7754359387857446,0.005694450843896859,0.0,True,
23,D,PG25,False,40,1.0,1.0,1.1053994671185272,1.1166375227920098,1.1198535371942024,0.7707363188455449,0.9521460254405835,0.8532640493384186,37.270126843696794,128.9117155847343,0.9615099763712082,1.3651352262270343e-05,0.6971516784912247,1.0532975378680798,0.4751119018562203,0.17871398300457375,0.07975294339701473,0.14020483269683778,0.0,54.369889818933814,52.04167900657188,2.328210812361931,120006.53441395171,120006.53441395171,119.99337567015172,115560.0,53.727176790823705,13.727176790823705,239.99981944677165,344.2576800018314,0.003842939613395669,0.035260164829076075,0.038488037593577065,1.7359665460999862,0.0054545766446872325,-0.04353508186044966,False,
23,E,PG25,False,40,1.0,1.0,1.1053994671185272,1.1166375227920098,1.1198535371942024,0.7707363188455449,0.9521460254405835,0.8532640493384186,37.270126843696794,128.9117155847343,0.9615099763712082,1.3651352262270343e-05,0.6971516784912247,1.040710402238469,0.4734488120384376,0.1827237517848837,0.08394342263159049,0.1473451206399382,0.0,54.3306675388111,51.96684838460459,2.36381915420651,114752.54226396105,114752.54226396105,119.99337567015172,115560.0,53.727176790823705,13.727176790823705,229.49241521640735,329.18577448321537,0.003842939613395669,0.035260164829076075,0.038488037593577065,1.7359665460999858,0.0054545766446872325,0.0,True,
23,D116,PG25,False,40,1.0,1.0,1.1053994671185272,1.1166375227920098,1.1198535371942024,0.7707363188455449,0.9521460254405835,0.8532640493384186,37.270126843696794,128.9117155847343,0.9615099763712082,1.3651352262270343e-05,0.6971516784912247,1.0532403464528797,0.4750663203713315,0.17896070439126005,0.0798827027381439,0.14043566429452461,0.0,54.86423846209743,52.45307960038622,2.4111588617112147,112227.94220721263,112227.94220721263,116.0,115560.0,54.19893224298369,14.198932242983688,216.97402160061108,311.22928954311084,0.003842939613395669,0.035260164829076075,0.038488037593577065,1.6785844423461516,0.0054545766446872325,0.0,True,
24,baseline,PG25,False,40,1.0,1.0,0.8749718736393123,1.0155070592549285,0.7960490010824004,0.9977667050457332,0.7971601087273099,0.8836154189147986,25.940975858705322,125.36968992105184,1.0542802298042038,7.070891433146716e-06,0.6129782090881742,0.5697254019021825,0.24185726173902528,1.1229253613249235,0.7452953742089435,1.3339278692659264,0.0,56.420283026033246,45.886844452782896,10.53343857325035,72927.59719792816,72927.59719792816,120.0,115560.0,53.72642027106809,13.726420271068093,145.85519439585633,237.9451540582835,0.004082813812605295,0.038,0.038,1.775435938785744,0.005694450843896859,0.0,True,
24,C,PG25,False,40,1.0,1.0,0.8749718736393123,1.0155070592549285,0.7960490010824004,0.9977667050457332,0.7971601087273099,0.8836154189147986,25.940975858705322,125.36968992105184,1.0542802298042038,7.070891433146716e-06,0.6129782090881742,1.1220454754257951,0.5091661662973394,0.07178875037268556,0.0243525376637017,0.03740643026720444,0.0,54.2589096783509,53.27851030699367,0.9803993713572368,96957.88627601434,96957.88627601434,120.0,115560.0,53.72642027106804,13.726420271068037,193.91577255202867,316.35018941453876,0.004082813812605295,0.038,0.038,1.7754359387857446,0.005694450843896859,0.0,True,
24,D,PG25,False,40,1.0,1.0,0.8749718736393123,1.0155070592549285,0.7960490010824004,0.9977667050457332,0.7971601087273099,0.8836154189147986,25.940975858705322,125.36968992105184,1.0542802298042038,7.070891433146716e-06,0.6129782090881742,1.1197915916451746,0.5086509595918229,0.0686494313520194,0.0231186843685135,0.03561786247802713,0.0,54.233294623664165,53.29568861294365,0.9376060107205149,106315.97477260328,106315.97477260328,119.99337567015172,115560.0,53.727176790823705,13.727176790823705,212.62021167712265,346.86422539131104,0.003842939613395669,0.035260164829076075,0.038488037593577065,1.7359665460999862,0.0054545766446872325,0.0,True,
24,E,PG25,False,40,1.0,1.0,0.8749718736393123,1.0155070592549285,0.7960490010824004,0.9977667050457332,0.7971601087273099,0.8836154189147986,25.940975858705322,125.36968992105184,1.0542802298042038,7.070891433146716e-06,0.6129782090881742,1.1167500357456883,0.5089822745577584,0.06627334141352369,0.023112716629247142,0.03543013971764374,0.0,54.23052933424293,53.3240887814689,0.9064405527740291,99545.95884351752,99545.95884351752,119.99337567015172,115560.0,53.727176790823705,13.727176790823705,199.08092726592767,324.77651621917727,0.003842939613395669,0.035260164829076075,0.038488037593577065,1.7359665460999858,0.0054545766446872325,0.0,True,
24,D116,PG25,False,40,1.0,1.0,0.8749718736393123,1.0155070592549285,0.7960490010824004,0.9977667050457332,0.7971601087273099,0.8836154189147986,25.940975858705322,125.36968992105184,1.0542802298042038,7.070891433146716e-06,0.6129782090881742,1.1196240724595676,0.5085653057486662,0.06819951942921545,0.02294291033306806,0.03521675722271437,0.0,54.716302776350176,53.753143454838096,0.9631593215120802,99419.44993810152,99419.44993810152,116.0,115560.0,54.19893224298369,14.198932242983688,192.21093654699627,313.5689551393948,0.003842939613395669,0.035260164829076075,0.038488037593577065,1.678584442346152,0.0054545766446872325,0.0,True,
25,baseline,PG25,False,40,1.0,1.0,0.9256453594063178,0.9601583032855038,1.246339692906814,1.2999946374565994,0.9442697420493179,0.9804706410061999,43.56031920641405,101.59001627161943,0.9544237783616585,1.2273989024251237e-05,0.5502488624804392,0.5709372812183527,0.2442747391068922,1.1134413267121634,0.7375974087939844,1.3262727955607732,0.0,56.24975959141091,45.906202446240115,10.343557145170792,78888.27787941434,78888.27787941434,120.0,115560.0,53.72642027106804,13.726420271068037,157.7765557588287,286.73672317575665,0.004082813812605295,0.038,0.038,1.7754359387857443,0.005694450843896859,0.0,True,
25,C,PG25,False,40,1.0,1.0,0.9256453594063178,0.9601583032855038,1.246339692906814,1.2999946374565994,0.9442697420493179,0.9804706410061999,43.56031920641405,101.59001627161943,0.9544237783616585,1.2273989024251237e-05,0.5502488624804392,1.152834218503209,0.523469897900975,0.1506304042267889,0.06111653049965129,0.10442238777086613,0.0,55.323924868199015,53.171752153255966,2.152172714943049,106074.96496433177,106074.96496433177,120.0,115560.0,53.72642027106804,13.726420271068037,212.14992992866354,385.5526915082087,0.004082813812605295,0.038,0.038,1.7754359387857446,0.005694450843896859,0.0,True,
25,D,PG25,False,40,1.0,1.0,0.9256453594063178,0.9601583032855038,1.246339692906814,1.2999946374565994,0.9442697420493179,0.9804706410061999,43.56031920641405,101.59001627161943,0.9544237783616585,1.2273989024251237e-05,0.5502488624804392,1.1484132923148571,0.5216867374370285,0.13987596395279334,0.05612817920607534,0.09566035236303691,0.0,55.17656193300007,53.19003054100875,1.9865313919913206,118019.0340682808,118019.0340682808,119.99337567015172,115560.0,53.727176790823705,13.727176790823705,236.02503818639423,428.94234641836204,0.003842939613395669,0.035260164829076075,0.038488037593577065,1.7359665460999862,0.0054545766446872325,-0.026252470158963495,False,
25,E,PG25,False,40,1.0,1.0,0.9256453594063178,0.9601583032855038,1.246339692906814,1.2999946374565994,0.9442697420493179,0.9804706410061999,43.56031920641405,101.59001627161943,0.9544237783616585,1.2273989024251237e-05,0.5502488624804392,1.1500799020996217,0.5230457102593261,0.14697052393312157,0.05981932963917078,0.10256432637444553,0.0,55.29309935618164,53.193146143696595,2.0999532124850475,109160.56525894743,109160.56525894743,119.99337567015172,115560.0,53.727176790823705,13.727176790823705,218.3090785913832,396.74607886925685,0.003842939613395669,0.035260164829076075,0.038488037593577065,1.7359665460999858,0.0054545766446872325,0.0,True,
25,D116,PG25,False,40,1.0,1.0,0.9256453594063178,0.9601583032855038,1.246339692906814,1.2999946374565994,0.9442697420493179,0.9804706410061999,43.56031920641405,101.59001627161943,0.9544237783616585,1.2273989024251237e-05,0.5502488624804392,1.148207692313787,0.5215814206269523,0.1392902933424594,0.05583690749772208,0.09515056196613131,0.0,55.689205882896545,53.64391576981444,2.0452901130821033,110376.56460790684,110376.56460790684,116.0,115560.0,54.19893224298369,14.198932242983688,213.39469157528654,387.81487091737966,0.003842939613395669,0.035260164829076075,0.038488037593577065,1.6785844423461516,0.0054545766446872325,0.0,True,
26,baseline,PG25,False,40,1.0,1.0,0.9388624187529325,0.9443844442203766,1.0626802261980248,1.0723014567780673,0.8143375472656441,0.9753191758272217,27.922475700828006,105.62938186125088,1.0537286092919267,4.939361053090905e-05,0.5818668461978609,0.570452566070136,0.2520714981039612,1.1133185649233655,0.714676639068466,1.3122395281124681,0.0,56.296797674330094,45.94202210704566,10.354775567284435,78780.37219532537,78780.37219532537,120.0,115560.0,53.72642027106809,13.726420271068093,157.56074439065074,270.78488045884126,0.004082813812605295,0.038,0.038,1.775435938785744,0.005694450843896859,0.0,True,
26,C,PG25,False,40,1.0,1.0,0.9388624187529325,0.9443844442203766,1.0626802261980248,1.0723014567780673,0.8143375472656441,0.9753191758272217,27.922475700828006,105.62938186125088,1.0537286092919267,4.939361053090905e-05,0.5818668461978609,1.107475752595157,0.509870082244568,0.06343519383643269,0.023717921828689613,0.0404461916219344,0.0,54.304002200373475,53.426347520089564,0.8776546802839107,103650.52140027167,103650.52140027167,120.0,115560.0,53.72642027106809,13.726420271068093,207.30104280054334,356.26886830746093,0.004082813812605295,0.038,0.038,1.7754359387857443,0.005694450843896859,0.0,True,
26,D,PG25,False,40,1.0,1.0,0.9388624187529325,0.9443844442203766,1.0626802261980248,1.0723014567780673,0.8143375472656441,0.9753191758272217,27.922475700828006,105.62938186125088,1.0537286092919267,4.939361053090905e-05,0.5818668461978609,1.1075124533340857,0.5092896272829561,0.061743616266888526,0.022229965649504694,0.03833864693893873,0.0,54.273494717492895,53.42082747495385,0.8526672425390416,113644.01856557105,113644.01856557105,119.99337567015172,115560.0,53.727176790823705,13.727176790823705,227.27549020673774,390.5970785100443,0.003842939613395669,0.035260164829076075,0.038488037593577065,1.7359665460999858,0.0054545766446872325,0.0,True,
26,E,PG25,False,40,1.0,1.0,0.9388624187529325,0.9443844442203766,1.0626802261980248,1.0723014567780673,0.8143375472656441,0.9753191758272217,27.922475700828006,105.62938186125088,1.0537286092919267,4.939361053090905e-05,0.5818668461978609,1.1036885557225262,0.5097501547422478,0.058763796461719,0.023253350294211692,0.03812544402021779,0.0,54.270336406809065,53.45729308108429,0.8130433257247773,106350.1450392714,106350.1450392714,119.99337567015172,115560.0,53.727176790823705,13.727176790823705,212.6885484378736,365.52786918117334,0.003842939613395669,0.035260164829076075,0.038488037593577065,1.7359665460999862,0.0054545766446872325,0.0,True,
26,D116,PG25,False,40,1.0,1.0,0.9388624187529325,0.9443844442203766,1.0626802261980248,1.0723014567780673,0.8143375472656441,0.9753191758272217,27.922475700828006,105.62938186125088,1.0537286092919267,4.939361053090905e-05,0.5818668461978609,1.1073381906719562,0.5091918931771964,0.06124050109621315,0.02198856770201714,0.03787765182640215,0.0,54.75693030366847,53.88247938406096,0.8744509196075114,106258.16474209608,106258.16474209608,116.0,115560.0,54.19893224298369,14.198932242983688,205.4324518347191,353.0574961902243,0.003842939613395669,0.035260164829076075,0.038488037593577065,1.6785844423461522,0.0054545766446872325,0.0,True,
27,baseline,PG25,False,40,1.0,1.0,0.8812028747673365,1.2053952559761014,0.9079878208522545,0.7233623207869896,0.8334359379023941,1.0050679712328723,32.258401281132585,94.33982177803009,0.9304074243854387,1.926120989002935e-05,0.7127369465959663,0.5649123223133798,0.24114443392152016,1.1268430393853597,0.7463854471252538,1.3411431208340507,0.0,56.39313125150045,45.868714482561586,10.524416768938863,77801.08889823593,77801.08889823593,120.0,115560.0,53.72642027106804,13.726420271068037,155.60217779647186,218.3164188970816,0.004082813812605295,0.038,0.038,1.7754359387857446,0.005694450843896859,0.0,True,
27,C,PG25,False,40,1.0,1.0,0.8812028747673365,1.2053952559761014,0.9079878208522545,0.7233623207869896,0.8334359379023941,1.0050679712328723,32.258401281132585,94.33982177803009,0.9304074243854387,1.926120989002935e-05,0.7127369465959663,1.0554102671564534,0.4777601198452681,0.16436434176607823,0.07171796389242614,0.12810520052882216,0.0,54.31923123317938,52.16997245894777,2.149258774231612,100397.73868685911,100397.73868685911,120.0,115560.0,53.72642027106809,13.726420271068093,200.79547737371823,281.724524500544,0.004082813812605295,0.038,0.038,1.775435938785744,0.005694450843896859,0.0,True,
27,D,PG25,False,40,1.0,1.0,0.8812028747673365,1.2053952559761014,0.9079878208522545,0.7233623207869896,0.8334359379023941,1.0050679712328723,32.258401281132585,94.33982177803009,0.9304074243854387,1.926120989002935e-05,0.7127369465959663,1.0608968421721952,0.47951208692557046,0.15706530202196878,0.06694679207172115,0.12039647619162429,0.0,54.317491079223544,52.25425749173604,2.0632335874875025,107460.28150011058,107460.28150011058,119.99337567015172,115560.0,53.727176790823705,13.727176790823705,214.90869879438372,301.52596946291095,0.003842939613395669,0.035260164829076075,0.038488037593577065,1.7359665460999862,0.0054545766446872325,0.0,True,
27,E,PG25,False,40,1.0,1.0,0.8812028747673365,1.2053952559761014,0.9079878208522545,0.7233623207869896,0.8334359379023941,1.0050679712328723,32.258401281132585,94.33982177803009,0.9304074243854387,1.926120989002935e-05,0.7127369465959663,1.0509383038689164,0.47808353361364225,0.15849550910775448,0.07048321761275092,0.12483926300847312,0.0,54.27742680513069,52.20592823482963,2.0714985703010598,102534.62742766694,102534.62742766694,119.99337567015172,115560.0,53.727176790823705,13.727176790823705,205.0579344687847,287.7049315994379,0.003842939613395669,0.035260164829076075,0.038488037593577065,1.7359665460999858,0.0054545766446872325,0.0,True,
27,D116,PG25,False,40,1.0,1.0,0.8812028747673365,1.2053952559761014,0.9079878208522545,0.7233623207869896,0.8334359379023941,1.0050679712328723,32.258401281132585,94.33982177803009,0.9304074243854387,1.926120989002935e-05,0.7127369465959663,1.0608494363996113,0.4794747258180033,0.15728250314687725,0.06705442829539042,0.1205958775542465,0.0,54.80998790596675,52.67321927115739,2.136768634809357,100486.29902229171,100486.29902229171,116.0,115560.0,54.19893224298369,14.198932242983688,194.2735114430973,272.5739311971242,0.003842939613395669,0.035260164829076075,0.038488037593577065,1.678584442346152,0.0054545766446872325,0.0,True,
28,baseline,PG25,False,40,1.0,1.0,1.0512441066985403,1.2948012801195832,1.2634921977062294,1.207411409739166,0.779706744647823,1.0008516970995018,37.94955076261979,109.81683448196932,0.9451934669106724,1.6369249285944296e-05,0.6325519952247133,0.5598141020781804,0.24668936295369936,1.113401029042838,0.7306643389392151,1.3124889101724477,0.0,56.45011966222722,45.94138177239057,10.508737889836652,89580.73446267647,89580.73446267647,120.0,115560.0,53.72642027106809,13.726420271068093,179.16146892535295,283.2359557441694,0.004082813812605295,0.038,0.038,1.7754359387857443,0.005694450843896859,0.0,True,
28,C,PG25,False,40,1.0,1.0,1.0512441066985403,1.2948012801195832,1.2634921977062294,1.207411409739166,0.779706744647823,1.0008516970995018,37.94955076261979,109.81683448196932,0.9451934669106724,1.6369249285944296e-05,0.6325519952247133,1.1045469862565342,0.5082764651088048,0.05540754947194047,0.02150202047603356,0.03275351444598422,0.0,54.19043525711089,53.42811352199135,0.7623217351195422,118540.34389681132,118540.34389681132,120.0,115560.0,53.72642027106804,13.726420271068037,237.08068779362264,374.80031615329904,0.004082813812605295,0.038,0.038,1.7754359387857443,0.005694450843896859,-0.030785599102707117,False,
28,D,PG25,False,40,1.0,1.0,1.0512441066985403,1.2948012801195832,1.2634921977062294,1.207411409739166,0.779706744647823,1.0008516970995018,37.94955076261979,109.81683448196932,0.9451934669106724,1.6369249285944296e-05,0.6325519952247133,1.104363029272576,0.5078076366854456,0.05507849797131962,0.020280153159582318,0.03226487513973352,0.0,54.18406401587134,53.42631545628859,0.7577485595827511,129669.70309934109,129669.70309934109,119.99337567015172,115560.0,53.727176790823705,13.727176790823705,259.32508995060454,409.9664405587396,0.003842939613395669,0.035260164829076075,0.038488037593577065,1.7359665460999862,0.0054545766446872325,-0.12756263564644424,False,
28,E,PG25,False,40,1.0,1.0,1.0512441066985403,1.2948012801195832,1.2634921977062294,1.207411409739166,0.779706744647823,1.0008516970995018,37.94955076261979,109.81683448196932,0.9451934669106724,1.6369249285944296e-05,0.6325519952247133,1.1074085122137798,0.508127621107418,0.054899453222889597,0.020617125881600834,0.029920610961355402,0.0,54.14984589950393,53.39829466693408,0.7515512325698523,121465.96010484642,121465.96010484642,119.99337567015172,115560.0,53.72717679082365,13.727176790823648,242.91850969994164,384.0293154298646,0.003842939613395669,0.035260164829076075,0.038488037593577065,1.7359665460999867,0.0054545766446872325,-0.05622574004214282,False,
28,D116,PG25,False,40,1.0,1.0,1.0512441066985403,1.2948012801195832,1.2634921977062294,1.207411409739166,0.779706744647823,1.0008516970995018,37.94955076261979,109.81683448196932,0.9451934669106724,1.6369249285944296e-05,0.6325519952247133,1.104143647881336,0.507692916287757,0.05509079407422087,0.02004272091133437,0.03233036582719233,0.0,54.67248447235744,53.8883613384487,0.7841231339087358,121257.56834010793,121257.56834010793,116.0,115560.0,54.19893224298369,14.198932242983688,234.43129879087533,370.6119031489165,0.003842939613395669,0.035260164829076075,0.038488037593577065,1.678584442346152,0.0054545766446872325,-0.05441363774006895,False,
29,baseline,PG25,False,40,1.0,1.0,1.1587209059099512,0.7282752520569522,1.0976577389012243,0.8403448843003524,0.7538163728183045,0.8735358804128818,39.24749621487347,114.05631905022048,0.9618472751502039,8.237009234200948e-06,0.7457818343173108,0.6033196786436573,0.25817499128400356,1.1005540417075592,0.69912116333483,1.2823859682231216,0.0,56.399287796278486,46.019686933015635,10.379600863262851,83486.88478254293,83486.88478254293,120.0,115560.0,53.72642027106804,13.726420271068037,166.97376956508586,223.89090466105782,0.004082813812605295,0.038,0.038,1.7754359387857446,0.005694450843896859,0.0,True,
29,C,PG25,False,40,1.0,1.0,1.1587209059099512,0.7282752520569522,1.0976577389012243,0.8403448843003524,0.7538163728183045,0.8735358804128818,39.24749621487347,114.05631905022048,0.9618472751502039,8.237009234200948e-06,0.7457818343173108,1.086015127344216,0.4877543841961209,0.1261533842151015,0.04672000735318775,0.08191732966156252,0.0,54.397276955983045,52.6887201697067,1.7085567862763469,106743.89933693294,106743.89933693294,120.0,115560.0,53.72642027106809,13.726420271068093,213.48779867386588,286.2603899024877,0.004082813812605295,0.038,0.038,1.7754359387857446,0.005694450843896859,0.0,True,
29,D,PG25,False,40,1.0,1.0,1.1587209059099512,0.7282752520569522,1.0976577389012243,0.8403448843003524,0.7538163728183045,0.8735358804128818,39.24749621487347,114.05631905022048,0.9618472751502039,8.237009234200948e-06,0.7457818343173108,1.0910102624403377,0.4888340384553243,0.1205799671846251,0.04389312255754043,0.07657423935251992,0.0,54.39046278418954,52.752300626078465,1.6381621581110721,114775.49693844016,114775.49693844016,119.99337567015172,115560.0,53.72717679082365,13.727176790823648,229.53832203104332,307.78213073688346,0.003842939613395669,0.035260164829076075,0.038488037593577065,1.7359665460999862,0.0054545766446872325,0.0,True,
29,E,PG25,False,40,1.0,1.0,1.1587209059099512,0.7282752520569522,1.0976577389012243,0.8403448843003524,0.7538163728183045,0.8735358804128818,39.24749621487347,114.05631905022048,0.9618472751502039,8.237009234200948e-06,0.7457818343173108,1.074562632048439,0.4878561495659199,0.12031911351779015,0.04551289343678255,0.07976228844537801,0.0,54.34063575267993,52.7147067763467,1.6259289763332276,109081.18436330356,109081.18436330356,119.99337567015172,115560.0,53.727176790823705,13.727176790823705,218.15032556418274,292.5122542893227,0.003842939613395669,0.035260164829076075,0.038488037593577065,1.7359665460999862,0.0054545766446872325,0.0,True,
29,D116,PG25,False,40,1.0,1.0,1.1587209059099512,0.7282752520569522,1.0976577389012243,0.8403448843003524,0.7538163728183045,0.8735358804128818,39.24749621487347,114.05631905022048,0.9618472751502039,8.237009234200948e-06,0.7457818343173108,1.0909093662474665,0.4887767002456918,0.12086030045063151,0.04404287330755813,0.0768311113436103,0.0,54.88555449517878,53.18746481241175,1.6980896827670335,107343.19901880811,107343.19901880811,116.0,115560.0,54.19893224298369,14.198932242983688,207.5301847696957,278.27197609294006,0.003842939613395669,0.035260164829076075,0.038488037593577065,1.6785844423461518,0.0054545766446872325,0.0,True,
30,baseline,PG25,False,40,1.0,1.0,1.1461165349803613,0.9598330969091664,0.8176699721257703,0.8412052240316084,0.7920474241989253,1.0035110931461722,28.32977810711646,97.89210049485501,0.9843984817645214,4.2705912133369105e-05,0.7479349724561437,0.58159540124179,0.24495694176069735,1.10632340338685,0.7360608143480899,1.3072256867397436,0.0,56.42027907821512,45.95492542075152,10.465353657463595,85082.95784955275,85082.95784955275,120.0,115560.0,53.72642027106809,13.726420271068093,170.1659156991055,227.51431871182282,0.004082813812605295,0.038,0.038,1.7754359387857443,0.005694450843896859,0.0,True,
30,C,PG25,False,40,1.0,1.0,1.1461165349803613,0.9598330969091664,0.8176699721257703,0.8412052240316084,0.7920474241989253,1.0035110931461722,28.32977810711646,97.89210049485501,0.9843984817645214,4.2705912133369105e-05,0.7479349724561437,1.066851051552058,0.483285000616621,0.1389780002437666,0.05720420059744139,0.09990570817725392,0.0,54.334880525538665,52.481516213748705,1.85336431178996,110084.92377255921,110084.92377255921,120.0,115560.0,53.72642027106804,13.726420271068037,220.16984754511842,294.37030711654336,0.004082813812605295,0.038,0.038,1.7754359387857446,0.005694450843896859,0.0,True,
30,D,PG25,False,40,1.0,1.0,1.1461165349803613,0.9598330969091664,0.8176699721257703,0.8412052240316084,0.7920474241989253,1.0035110931461722,28.32977810711646,97.89210049485501,0.9843984817645214,4.2705912133369105e-05,0.7479349724561437,1.072341354997933,0.48466149608954423,0.13259729170610873,0.0534488196752246,0.093647138401387,0.0,54.32800085126763,52.553527129934935,1.774473721332697,118136.88315150996,118136.88315150996,119.99337567015172,115560.0,53.727176790823705,13.727176790823705,236.26072334166588,315.8840434560899,0.003842939613395669,0.035260164829076075,0.038488037593577065,1.7359665460999862,0.0054545766446872325,-0.027277244795738776,False,
30,E,PG25,False,40,1.0,1.0,1.1461165349803613,0.9598330969091664,0.8176699721257703,0.8412052240316084,0.7920474241989253,1.0035110931461722,28.32977810711646,97.89210049485501,0.9843984817645214,4.2705912133369105e-05,0.7479349724561437,1.0597669092985798,0.4835065580545055,0.13277058281098886,0.05611796620603684,0.0968590493995532,0.0,54.28558161771366,52.51682255147222,1.7687590662414436,112418.54237183752,112418.54237183752,119.99337567015172,115560.0,53.72717679082365,13.727176790823648,224.82467311857948,300.59387700548046,0.003842939613395669,0.035260164829076075,0.038488037593577065,1.7359665460999867,0.0054545766446872325,0.0,True,
30,D116,PG25,False,40,1.0,1.0,1.1461165349803613,0.9598330969091664,0.8176699721257703,0.8412052240316084,0.7920474241989253,1.0035110931461722,28.32977810711646,97.89210049485501,0.9843984817645214,4.2705912133369105e-05,0.7479349724561437,1.0722421514267098,0.4846095868993197,0.13281759225843723,0.053593320059857556,0.09384177299982824,0.0,54.820979753882796,52.98270468837961,1.8382750655031828,110448.67945141823,110448.67945141823,116.0,115560.0,54.19893224298369,14.198932242983688,213.53411360607524,285.49823376335854,0.003842939613395669,0.035260164829076075,0.038488037593577065,1.6785844423461513,0.0054545766446872325,0.0,True,
31,baseline,PG25,False,40,1.0,1.0,0.9374833632174135,0.9655927091576281,1.2091764131631628,0.9730113480040621,0.9819284738187128,1.0301578466818244,36.93947561648946,115.9068145049273,1.0663313243541606,1.4764906231080904e-05,0.6579835769034971,0.5572288494684096,0.2424674033153424,1.102675784612838,0.7423882478609849,1.3072297843981748,0.0,56.38859724700865,45.954914852388754,10.433682394619893,79153.65512867573,79153.65512867573,120.0,115560.0,53.72642027106809,13.726420271068093,158.30731025735147,240.5946224408114,0.004082813812605295,0.038,0.038,1.7754359387857435,0.005694450843896859,0.0,True,
31,C,PG25,False,40,1.0,1.0,0.9374833632174135,0.9655927091576281,1.2091764131631628,0.9730113480040621,0.9819284738187128,1.0301578466818244,36.93947561648946,115.9068145049273,1.0663313243541606,1.4764906231080904e-05,0.6579835769034971,1.097864140495552,0.5005830352838523,0.05523332142756303,0.014582824325171297,0.03032304976423897,0.0,54.1549282690047,53.39150873123572,0.7634195377689821,104243.25981971821,104243.25981971821,120.0,115560.0,53.72642027106804,13.726420271068037,208.4865196394364,316.8567225045102,0.004082813812605295,0.038,0.038,1.7754359387857446,0.005694450843896859,0.0,True,
31,D,PG25,False,40,1.0,1.0,0.9374833632174135,0.9655927091576281,1.2091764131631628,0.9730113480040621,0.9819284738187128,1.0301578466818244,36.93947561648946,115.9068145049273,1.0663313243541606,1.4764906231080904e-05,0.6579835769034971,1.0972160408370364,0.5007220117891773,0.054744210315109544,0.014030228763692582,0.030621700463651563,0.0,54.16006205474315,53.402692488988635,0.7573695657545159,113393.39237219641,113393.39237219641,119.99337567015172,115560.0,53.72717679082365,13.727176790823648,226.774265490498,344.65034303395356,0.003842939613395669,0.035260164829076075,0.038488037593577065,1.7359665460999862,0.0054545766446872325,0.0,True,
31,E,PG25,False,40,1.0,1.0,0.9374833632174135,0.9655927091576281,1.2091764131631628,0.9730113480040621,0.9819284738187128,1.0301578466818244,36.93947561648946,115.9068145049273,1.0663313243541606,1.4764906231080904e-05,0.6579835769034971,1.0988885225618652,0.5006190996398462,0.05139580552279154,0.014205908864886888,0.026083772670817032,0.0,54.08489311618865,53.378787000622594,0.7061061155660582,106775.91480582104,106775.91480582104,119.99337567015172,115560.0,53.727176790823705,13.727176790823705,213.54004096365,324.5370377913988,0.003842939613395669,0.035260164829076075,0.038488037593577065,1.7359665460999862,0.0054545766446872325,0.0,True,
31,D116,PG25,False,40,1.0,1.0,0.9374833632174135,0.9655927091576281,1.2091764131631628,0.9730113480040621,0.9819284738187128,1.0301578466818244,36.93947561648946,115.9068145049273,1.0663313243541606,1.4764906231080904e-05,0.6579835769034971,1.0969481421565312,0.5005932867945062,0.05474965603040238,0.014171805087323476,0.03070355823746475,0.0,54.64790269628645,53.86422568351145,0.7836770127750015,106050.33578621005,106050.33578621005,116.0,115560.0,54.19893224298369,14.198932242983688,205.03064918667278,311.6045086589502,0.003842939613395669,0.035260164829076075,0.038488037593577065,1.6785844423461518,0.0054545766446872325,0.0,True,
