M_flow,CV_flow,M_thermal,RMS_target_error,max_abs_target_error,zero_load_flow_fraction,T_out_max_C,T_out_min_C,outlet_spread_K,rack_dp_Pa,system_dp_Pa,rack_flow_LPM,heat_W,T_return_C,rack_deltaT_K,pump_hydraulic_W,pump_electrical_W,header_volume_m3,min_header_ID_m,max_header_ID_m,max_header_velocity_m_s,resolved_fluid_volume_m3,minimum_normalized_margin,feasible,design,objective
0.5364589663859313,0.24451111320721097,1.057289007175159,0.7349159697275627,1.265297422941159,0.0,55.96999582540781,46.06506379464389,9.904932030763916,79833.85472782559,79833.85472782559,120.0,115560.0,53.72642027106809,13.726420271068093,159.66770945565116,266.11284909275196,0.004082813812605295,0.038,0.038,1.7754359387857443,0.005694450843896859,0.0,True,D,0.8021786427046973
0.9584052639668378,0.44476852413038903,0.29723979460937716,0.16400546366613467,0.28363504820732294,0.0,54.23041161856219,50.69732374547857,3.533087873083616,99148.19557213172,99148.19557213172,120.0,115560.0,53.72642027106804,13.726420271068037,198.29639114426345,330.4939852404391,0.004082813812605295,0.038,0.038,1.7754359387857443,0.005694450843896859,0.0,True,D,0.2219165988554628
0.09579850015578292,0.04471878951968027,1.7396283249528974,1.5589734515103686,2.670971527163249,0.0,58.88081336326394,43.67976868090858,15.20104468235536,934829.1706643959,934829.1706643959,122.08602667110671,115560.0,53.49226613543391,13.492266135433908,1902.1596510443667,3170.2660850739444,0.005144546507710654,0.028782536348297715,0.04976433310958066,1.419646416709461,0.006756183539002218,-7.142672079373502,False,D,1.937360403076373
0.21527805744390754,0.10023701773225058,1.8409780049179274,1.7171944111046795,2.944216824984855,0.0,62.54738101911431,43.92117810626331,18.626202912851,779157.5057557333,779157.5057557333,106.62951313849446,115560.0,55.44438876059331,15.444388760593313,1384.686424948959,2307.810708248265,0.0027480086600152704,0.02356399526549393,0.036075727346676384,2.0779669234896305,0.004359645691306834,-5.775282658745508,False,D,2.0249611394491875
0.4063008386318841,0.18594480794669024,1.2245244225400034,0.9017345778389012,1.5504458447202631,0.0,61.676728394203224,47.06975942448702,14.606968969716206,324518.07420556096,324518.07420556096,91.42567964129854,115560.0,58.00715716332547,18.007157163325473,494.4880915021461,824.1468191702436,0.00293954592919105,0.020250949714840507,0.04494752492498454,2.742492803729789,0.0045511829604826136,-1.8218962974396604,False,D,1.0469205644049635
0.5094527048109837,0.23959645679344221,2.0577298784407714,2.114430469525049,3.622904489414261,0.0,68.71923209356635,43.81597898724584,24.903253106320506,419289.41428522306,419289.41428522306,93.48445989139097,115560.0,57.61143487342184,17.611434873421842,653.2840738771957,1088.8067897953263,0.004860779199928855,0.03188120855885744,0.04841014851042254,0.9262453508308996,0.006472416231220419,-2.6459949068280264,False,D,2.32227676191691
0.07795451609517229,0.035723101775785936,1.5800832423636242,1.3297335606437632,2.2788544269178628,0.0,59.187950366301834,44.430682455098804,14.75726791120303,572143.4872961943,572143.4872961943,113.51027493955527,115560.0,54.50982395042797,14.509823950427972,1082.4027424644496,1804.0045707740828,0.004225386619622076,0.032114130667093704,0.04445682591450135,1.2611202783290565,0.00583702365091364,-3.9751607590973417,False,D,1.5721753739660045
0.027557247015015236,0.012264425086199036,1.6779851684381053,1.4663826186357614,2.5130636716028185,0.0,58.81030623358197,43.919697604996315,14.890608628585653,347157.9103926492,347157.9103926492,119.76123614145493,115560.0,53.753740637416286,13.753740637416286,692.9343414151352,1154.8905690252254,0.00563576546719368,0.037989290359581665,0.04981580534917621,1.0689220286761416,0.0072474024984852435,-2.0187644381969494,False,D,1.6428630779244022
0.5332581437432811,0.24976056231353508,2.0743665314791846,2.1433885594947473,3.6760932905380552,0.0,64.71916960341298,43.21295395620092,21.50621564721206,667373.1281761613,667373.1281761613,109.77524602996998,115560.0,55.00261529991559,15.00261529991559,1221.0174889888133,2035.0291483146889,0.003406989142574327,0.019942319525684118,0.04640333203479725,2.273996072630704,0.00501862617386589,-4.803244592836186,False,D,2.427746657169889
0.9200527799073267,0.4162219082269024,0.4439297114054483,0.2465443855917312,0.43154394665562373,0.0,53.93248248180254,49.1398488308937,4.79263365090884,234661.01357687364,234661.01357687364,125.96104167319311,115560.0,53.07785211634621,13.077852116346207,492.6357618371719,821.0596030619532,0.0021277295994443068,0.018356503129813885,0.03161520655056346,3.332997040158851,0.0037393666307358707,-1.080372509891181,False,D,0.3483685469268647
0.2551683024282118,0.11666230170755856,1.4005934693868098,1.099139586873356,1.8872839841052964,0.0,56.61675431102822,44.586415362258776,12.03033894876944,986012.2656215052,986012.2656215052,124.52508527010238,115560.0,53.22841754977742,13.228417549777419,2046.3876908980799,3410.6461514968,0.002637574187382606,0.017822745599013843,0.04063003565747404,3.601240082767971,0.00424921121867417,-7.6040875505545635,False,D,1.4811190390439357
0.14655284515160594,0.06420110391955093,1.523759078959817,1.2489255909368797,2.145592917589055,0.0,58.743515762090055,44.582385489096396,14.16113027299366,538622.9907777787,538622.9907777787,114.39994244878386,115560.0,54.39718016190784,14.39718016190784,1026.9739857761622,1711.623309626937,0.0029610762982879694,0.022290852207309364,0.04510114281819998,3.654893647255579,0.004572713329579533,-3.683678180676336,False,D,1.4746871818328173
0.7637302852664036,0.3471898427194152,0.7163310545703884,0.44261834231952213,0.766655229950905,0.0,57.2655632498948,48.883440282778736,8.38212296711606,176454.10566273323,176454.10566273323,105.01720364805152,115560.0,55.68105403226605,15.681054032266047,308.8452791486343,514.7421319143905,0.002531589189524804,0.021291708766948053,0.03409925294040739,2.7383338956831986,0.004143226220816368,-0.5343835275020281,False,D,0.5294918863437904
0.4458652511070398,0.2047538728595586,1.170840451298937,0.8480741811358704,1.4572872614744705,0.0,57.43053420140092,45.97237862895872,11.458155572442195,283531.68548944127,283531.68548944127,112.3423410511423,115560.0,54.66040360266504,14.660403602665042,530.8768885010004,884.794814168334,0.0032031308974043164,0.02890692762285244,0.0387871921673654,2.710498526872185,0.00481476792869588,-1.4654929172994893,False,D,0.9822809099866486
0.18366024888867674,0.08486780424011085,1.8151541435673453,1.6733506262288498,2.870300492101534,0.0,62.04016637138545,43.94888887866682,18.091277492718632,463167.72341369576,463167.72341369576,107.90304953881972,115560.0,55.26244121639883,15.262441216398827,832.9534967381728,1388.2558278969548,0.002939664393774947,0.027637037580202074,0.03741056004171444,1.8992543916173745,0.00455130142506651,-3.0275454209886585,False,D,1.8795662612519233
0.804423795817991,0.3749455518374644,2.2423021878800817,2.5001506869192522,4.297330043053587,0.0,72.89160661779323,43.358212817379865,29.533393800413364,282358.7937116637,282358.7937116637,92.70842185090797,115560.0,57.7585392477132,17.758539247713202,436.2839693455736,727.1399489092894,0.003222474523899633,0.023010855083240744,0.04178398138437113,3.091174769412791,0.004834111555191196,-1.455293858362293,False,D,2.67153132549762
0.4109269812115482,0.1876589472993276,1.220386521424717,0.8968792285154349,1.5425234271501773,0.0,57.857901745668244,45.84445477142435,12.013446974243891,233481.98658798644,233481.98658798644,110.95439350896726,115560.0,54.84346392865746,14.843463928657457,431.76420361898107,719.6070060316351,0.003025577589114565,0.023731365444526014,0.03788784736855571,2.1423584284022,0.004637214620406129,-1.0302781442433604,False,D,1.014844675096673
0.5308339839386229,0.24372280357589746,1.0586048802991732,0.7370704169693656,1.2684367491448676,0.0,56.53158022420098,46.272570394524564,10.259009829676415,215783.29637864302,215783.29637864302,115.86671745642819,115560.0,54.21523732412868,14.21523732412868,416.7017038886823,694.5028398144705,0.0032006305321225273,0.02478355198958373,0.040785151717050994,2.18470899430959,0.004812267563414091,-0.8763764902490697,False,D,0.846972977834721
0.3725391217039466,0.17227938817757943,1.2579906754326322,0.9405534243099837,1.6142824435001437,0.0,59.64704544859461,46.212081128310956,13.434964320283655,239630.11669969338,239630.11669969338,101.51833403432693,115560.0,56.2204479930856,16.2204479930856,405.4475038634036,675.7458397723393,0.003560546536011214,0.031869022383191246,0.04152057616004205,1.7315451887211644,0.005172183567302778,-1.083740145214725,False,D,1.0629549795136466
0.5116094202115374,0.24007715094632381,2.0595365855746555,2.115794737267597,3.6269625951347884,0.0,60.73140208409393,42.746652238272475,17.984749845821455,467541.6802923893,467541.6802923893,129.78275576439813,115560.0,52.69333986066482,12.693339860664821,1011.3141283843913,1685.523547307319,0.004415507743316094,0.03476000447005915,0.04281586594724804,1.5522948548458373,0.006027144774607658,-3.131981015961032,False,D,2.3429025398575414
0.056688277497174436,0.02572219758028754,1.704746995214145,1.5047591566836391,2.579510021145787,0.0,63.984564406460606,44.85868297683015,19.125881429630454,641486.65630699,641486.65630699,94.81198646132353,115560.0,57.36536277332351,17.36536277332351,1013.6770695483006,1689.461782580501,0.0028605958372221628,0.024463039267261195,0.03920893325275386,1.511429225785788,0.004472232868513727,-4.578144837452086,False,D,1.759337080525365
0.018828614871508734,0.0071313751555403355,1.6411879021454547,1.4117747927184527,2.4210917529762157,0.0,60.47262512183568,44.43695333437387,16.03567178746181,929588.1911406452,929588.1911406452,108.63706479912214,115560.0,55.15950829779405,15.159508297794048,1683.128875957417,2805.2147932623616,0.003264211413563022,0.019027615011089686,0.04631991503251726,2.5630989418970787,0.004875848444854586,-7.083375575136045,False,D,1.7660330161538076
0.0399832038597584,0.017369504417941908,1.6189344112061472,1.382138377123194,2.369116885388733,0.0,62.57946174396875,45.00968472653591,17.56977701743284,552985.8118516724,552985.8118516724,97.69469102028128,115560.0,56.854001891497546,16.854001891497546,900.3963004574755,1500.6605007624592,0.0038814257812914655,0.03070619343291079,0.04769653214841857,2.138834809641444,0.0054930628125830295,-3.808572276971064,False,D,1.6118226369241635
0.4908958754773316,0.22359357081957054,1.1212906603377764,0.7945825561804114,1.3689267404435739,0.0,55.63146079262549,45.60085358803457,10.030607204590922,579772.4369676053,579772.4369676053,124.26832634290719,115560.0,53.25570582124567,13.25570582124567,1200.7891733618828,2001.3152889364715,0.001981932172915316,0.0174073679031744,0.03264097369179275,3.7314670278569873,0.0035935692042068793,-4.069831433741874,False,D,1.027987073324989
0.0849164059258143,0.03826926317430254,1.5759261397937512,1.3225370504626852,2.267808234147163,0.0,57.19127047130155,43.98589621315381,13.205374258147742,797726.6020694093,797726.6020694093,126.6102360413978,115560.0,53.01090093798251,13.010900937982512,1683.3392230751688,2805.565371791948,0.0031668757658226683,0.023177556450601152,0.04352114016340878,2.0941783657334407,0.004778512797114232,-5.981050666648627,False,D,1.6464396000489494
0.11042935791705691,0.04926412068756729,1.752987557557787,1.571625716549356,2.69877796030214,0.0,64.10672305287682,44.633664816122746,19.47305823675407,196741.99280153768,196741.99280153768,96.21313542198806,115560.0,57.112994545249705,17.112994545249705,315.48606661010245,525.8101110168375,0.0040842269938773735,0.022366807491101006,0.047854489514447436,1.665480886063779,0.005695864025168937,-0.7107999374046755,False,D,1.6961307176672165
0.16200879795803216,0.07563462227570991,1.7967337538070978,1.6470854381159625,2.8226579883298686,0.0,60.02549893012093,43.66228320951103,16.3632157206099,641708.0821510146,641708.0821510146,117.80156122204639,115560.0,53.98215253967368,13.982152539673677,1259.9035654365787,2099.839275727631,0.004289057513201885,0.03354990394035552,0.04913814157472861,1.8572890972328162,0.005900694544493449,-4.58007027957404,False,D,1.9206708124698568
0.25878484360962,0.1201837813297785,1.8759734541151265,1.7740216844303056,3.0430557667628855,0.0,60.089110286297,43.35283909908213,16.736271187214868,394095.79320652684,394095.79320652684,121.66405133633117,115560.0,53.538985600409944,13.538985600409944,799.1215136018507,1331.8691893364178,0.00448672605957721,0.030505302832701756,0.04695713936534187,2.5320279034531055,0.006098363090868774,-2.437847696023316,False,D,1.9678194434071046
0.2329356980269986,0.10760781814878372,1.8556359829360078,1.7381519734706132,2.9828554720790503,0.0,60.289363351778206,43.46914988410765,16.820213467670555,876363.2500905027,876363.2500905027,119.36059618740832,115560.0,53.79982871548344,13.799828715483443,1743.3873334589537,2905.645555764923,0.002465007089654271,0.019707055955322985,0.03993196343351789,3.193425868928228,0.004076644120945835,-6.62055000078698,False,D,2.0871395615299786
0.9682631413525727,0.45175482358119157,0.2623805496281913,0.14400958893902152,0.24870370170259773,0.0,58.69881527114853,54.523239876567004,4.175575394581529,70480.29374514922,70480.29374514922,90.81837004376229,115560.0,58.12730869543776,18.127308695437762,106.68175663566711,177.80292772611188,0.005047386388498753,0.03607630937367737,0.04822133623901761,0.9581043074125939,0.006659023419790317,-0.19822157194936377,False,D,0.194523815159112
0.07659489315446667,0.03308906458449289,1.5889443978028344,1.3375243180312435,2.2954897337141786,0.0,60.90863322876356,44.78492045050439,16.123712778259176,884052.5015882025,884052.5015882025,104.57180192346397,115560.0,55.747717043309365,15.747717043309365,1540.7827181004056,2567.9711968340093,0.0019405349535010288,0.01783477346818489,0.030193663395976587,2.615296661281146,0.0035521719847925928,-6.687413057288718,False,D,1.667257427039995
0.26495455463560225,0.12352235005525698,1.380211618529502,1.0794681225565228,1.8502703771305766,0.0,56.06869219100889,44.52412541903237,11.54456677197652,937617.4316465468,937617.4316465468,127.87990913294806,115560.0,52.881921756725376,12.881921756725376,1998.3738660071424,3330.623110011904,0.0035199711775954863,0.030804891354540464,0.04031550431703713,2.27106912800519,0.00513160820888705,-7.206273078444186,False,D,1.4511244880589635
0.16749981604145936,0.07374909691203255,1.5026458080961282,1.22170112972859,2.099086150859847,0.0,61.09251137092184,45.26784866689957,15.824662704022273,720779.8511055487,720779.8511055487,100.99895950035545,115560.0,56.30369523117804,16.30369523117804,1213.3002498413591,2022.167083068932,0.001683265986454673,0.020440753753943282,0.026071913480483527,3.43185855823947,0.003294903017746237,-5.267650879178684,False,D,1.494036405674871
0.3588315823240005,0.1666896805932108,1.271673092673924,0.9564538345517569,1.6406060612303899,0.0,59.96537279883506,46.233283740874754,13.732089057960309,445949.2704673109,445949.2704673109,100.16418884922636,115560.0,56.439300595107,16.439300595107,744.4691157377076,1240.7818595628462,0.0036592601170499397,0.02645959241337984,0.04373375191711644,2.2750916006353057,0.005270897148341503,-2.877819743194008,False,D,1.1441017704776175
0.5764605160013908,0.2655301016293779,0.9896724409872466,0.6748700818826822,1.1609280846531322,0.0,59.07481341586413,47.70343124445196,11.371382171412165,281754.6455029426,281754.6455029426,99.02185243659959,115560.0,56.62856655683095,16.628566556830947,464.9977821719802,774.996303619967,0.002565089493507716,0.025100109239875424,0.041000431694290684,2.823974116533583,0.00417672652479928,-1.4500403956777619,False,D,0.8006682460064201
0.41841016303044853,0.1960816239692801,1.9952470899304808,1.9903927703549036,3.4121817972832997,0.0,65.23581937257262,43.638787606108906,21.597031766463715,441533.3093849023,441533.3093849023,102.72107318401216,115560.0,56.03089427677054,16.03089427677054,755.9129231084272,1259.8548718473787,0.0035844947870783956,0.03124175771901057,0.03837283006857241,1.5548358916107146,0.005196131818369959,-2.839420081607846,False,D,2.197608350447133
0.33417428206841454,0.1551394744658555,1.3016450737822434,0.9893727314232902,1.6967861709658303,0.0,59.941617077397154,46.05266127200633,13.888955805390822,279245.5463623076,279245.5463623076,101.00656942740646,115560.0,56.30246931653903,16.30246931653903,470.0939110989746,783.4898518316244,0.003989387800645285,0.03688559243826312,0.038,1.4979513416540653,0.005601024831936849,-1.4282221422809358,False,D,1.1267942606263868
0.5631383659995247,0.25979004858947136,1.0070527041497206,0.6912016295566842,1.188480713864891,0.0,55.52198457626321,46.17060303528871,9.3513815409745,406010.166493697,406010.166493697,122.08602667110671,115560.0,53.49226613543391,13.492266135433908,826.136133588166,1376.8935559802767,0.0025310693364602684,0.02567242876814584,0.03535739346380469,2.9555047550229245,0.004142706367751832,-2.544245956150033,False,D,0.8635267349578946
0.7615285363333727,0.346484551151445,0.7171999705973586,0.4445372497315849,0.7690759185601499,0.0,56.99090039681914,48.73729979989116,8.253600596927981,196073.14622831935,196073.14622831935,106.62951313849446,115560.0,55.44438876059331,15.444388760593313,348.4530686976421,580.7551144960702,0.002668662812793128,0.023840547414578566,0.036075727346676384,3.2523689031594767,0.0042802998440846915,-0.7049838802462552,False,D,0.5383161701016078
0.06829823124564055,0.030629797045034508,1.5916720128968784,1.3443056239071578,2.3046769015019173,0.0,59.25174208892429,44.39268480405502,14.859057284869266,401882.3536924223,401882.3536924223,113.59805396478053,115560.0,54.498631637143944,14.498631637143944,760.8842217040801,1268.1403695068002,0.004073655453349291,0.03206857700640362,0.04391356172049705,1.325708985856513,0.005685292484640855,-2.4946291625428025,False,D,1.5300290767955869
0.5098596924180847,0.23951977556831205,2.0581715163822025,2.114209390039965,3.6233573896660336,0.0,68.0353193806726,43.723237476588565,24.31208190408404,441427.6621036512,441427.6621036512,95.80474096546824,115560.0,57.18579194680473,17.185791946804727,704.8477137138758,1174.7461895231263,0.004621321771193848,0.030266983408566542,0.04675575301781625,1.5112376269632877,0.006232958802485412,-2.838501409596967,False,D,2.3278268891102476
0.08176107486161437,0.036314147342778214,1.580631781107125,1.3281642256814306,2.2779899519768314,0.0,59.203829839507364,44.431850291534715,14.771979547972649,574867.9247827312,574867.9247827312,113.51027493955527,115560.0,54.50982395042797,14.509823950427972,1087.5569366003235,1812.5948943338726,0.002921697919472439,0.02656609193600244,0.03744984781242228,1.9967988577548788,0.004533334950764003,-3.9988515198498367,False,D,1.5666573168630744
0.21428176294643209,0.09474864031334672,1.45599384662892,1.1619065926761696,1.9978537204111697,0.0,57.5665453478548,44.59296018367411,12.97358516418069,259173.94593374289,259173.94593374289,119.76123614145493,115560.0,53.75374063741623,13.753740637416229,517.316535678061,862.1942261301017,0.0039652589224060284,0.025253253807573872,0.04631011738905541,2.861380842501469,0.005576895953697592,-1.253686486380373,False,D,1.2973937175797563
0.16551635201373127,0.07704841127456957,1.7997739576757747,1.6511052644375641,2.8302212057549267,0.0,58.468515456428406,43.36566472847369,15.102850727954717,1191763.8391609439,1191763.8391609439,127.93498856034878,115560.0,52.87638438513318,12.876384385133179,2541.138218828212,4235.230364713687,0.0029946929661532015,0.026448814789551283,0.04007621166150644,2.6276476368133035,0.004606329997444765,-9.41662472362605,False,D,2.119117284492026
0.7393856106473166,0.3254936717603326,0.8132873126836572,0.5062393684585563,0.8844744328851153,0.0,55.94177242054678,47.507147801786914,8.43462461875987,148840.8181205629,148840.8181205629,116.52005764309132,115560.0,54.13566726406037,14.135667264060373,289.0490117842144,481.74835297369066,0.0021907250110858615,0.018356503129813885,0.03161520655056346,3.0847934148178804,0.0038023620423774255,-0.29426798365706874,False,D,0.5855139261188539
0.49532169174323554,0.22977661937217925,2.050408889130711,2.0863572451114973,3.58515304136025,0.0,61.49645452721467,42.888673712627735,18.60778081458693,747767.4112047465,747767.4112047465,124.52508527010238,115560.0,53.22841754977742,13.228417549777419,1551.930010707913,2586.5500178465218,0.002227946636731623,0.017822745599013843,0.03600712697093988,3.601240082767971,0.003839583668023187,-5.532393164321879,False,D,2.4006055042245125
0.44917964575720354,0.20696856003359013,1.1645169342267871,0.8417422609932357,1.4464717839850287,0.0,57.09284428298213,45.890945479929655,11.201898803052472,403289.9705544117,403289.9705544117,114.39994244878386,115560.0,54.39718016190784,14.39718016190784,768.9391570266073,1281.5652617110122,0.0025590794037856314,0.023072766393728492,0.03476746869613165,2.392501229000843,0.004170716435077195,-2.5068693091687972,False,D,1.0135592050339897
0.20849915999471938,0.09657788539560429,1.8355632759943665,1.7067293212865902,2.927417790715392,0.0,59.070912523031154,43.33647608763107,15.734436435400085,1020783.6723242289,1020783.6723242289,125.86079206691696,115560.0,53.08825228665302,13.088252286653017,2141.2773587950614,3568.7955979917692,0.0024029278453607597,0.0270884488495792,0.03037733894506884,3.257272752902086,0.004014564876652324,-7.915535709876766,False,D,2.111043766881604
0.6713568685070449,0.31200396287955345,0.831883414240932,0.5423069788199977,0.9317285477377012,0.0,56.3337567086279,47.595767670881685,8.737989037746217,320650.1474816109,320650.1474816109,112.3423410511423,115560.0,54.66040360266504,14.660403602665042,600.3764704413035,1000.6274507355058,0.0036612728983125473,0.02890692762285244,0.043029545267503355,2.710498526872185,0.005272909929604111,-1.7882621520140076,False,D,0.6836783403600908
0.10915788901093157,0.047489596562926756,1.559303090077419,1.2965238117701499,2.226260601409767,0.0,59.579529067524845,44.618216213648054,14.961312853876791,341234.2090172435,341234.2090172435,110.67368018485408,115560.0,54.88104522328757,14.881045223287572,629.427428615101,1049.0457143585018,0.0027999781481821014,0.025944971112473146,0.034930153201774936,1.9576242633640184,0.004411615179473665,-1.9672539914542915,False,D,1.4562243775075354
0.4940427160152472,0.225733867597526,1.1125564139388422,0.7883765320800854,1.356512894671245,0.0,56.577198352541586,45.98923303329593,10.587965319245654,388200.45640443504,388200.45640443504,116.81666738774726,115560.0,54.099836532008794,14.099836532008794,755.8047265928095,1259.6745443213492,0.0039741806431664115,0.023056410218469634,0.04788485973764553,3.887722305157171,0.0055858176744579754,-2.3756561426472613,False,D,0.9602464728590863
0.40956079477050505,0.18760375703448082,1.218919761995659,0.8969735053787372,1.5414028884044697,0.0,55.357959655823834,45.03281720946103,10.325142446362804,314561.9784913067,314561.9784913067,128.91740129814633,115560.0,52.778411826180275,12.778411826180275,675.875213571711,1126.458689286185,0.0031506037673936955,0.03067353611584722,0.03656096105461227,2.580964338308252,0.0047622407986852595,-1.7956393878990613,False,D,1.0456304911286463
0.4092869349146728,0.18756503194396096,1.2192567346229373,0.8970864415266873,1.5417806899548006,0.0,59.307274604303075,46.32691344903486,12.980361155268213,157366.68369738865,157366.68369738865,102.51751967182004,115560.0,56.06266258822001,16.062662588220007,268.88070152726874,448.1345025454479,0.003460625282504638,0.03189666023142621,0.039214830241782045,1.697134579107081,0.005072262313796202,-0.36840594519468395,False,D,0.9922895332554162
0.2658104924332436,0.12223486471518653,1.3855342031749904,1.0832011276983853,1.8585736242713118,0.0,56.97216613514746,44.753600079400485,12.218566055746976,320695.6233768993,320695.6233768993,121.34975463478713,115560.0,53.57399409059093,13.57399409059093,648.6055868206139,1081.0093113676899,0.0038059932012237735,0.03437853710595399,0.04152057616004205,1.980974754815783,0.005417630232515337,-1.7975098486557286,False,D,1.2378436348023611
0.15885953419183216,0.07404993396132253,1.794118686698982,1.6425651088054396,2.8151990638850286,0.0,58.1619170529122,43.33082398691323,14.83109306599897,834708.9781407792,834708.9781407792,129.78275576439813,115560.0,52.69333986066482,12.693339860664821,1805.5138574065847,3009.189762344308,0.0038192781966493493,0.02543705957059103,0.0423942416092324,1.785899184784369,0.005430915227940913,-6.324740127686162,False,D,1.9895914016321796
0.058489456437566666,0.0257321190277785,1.7065272867797314,1.5045829027428126,2.5814402076543588,0.0,59.50408479036395,43.94221588316742,15.561868907196526,978691.278042202,978691.278042202,116.80342026359429,115560.0,54.10143292128504,14.101432921285038,1905.2414776246255,3175.402462707709,0.002527004874956285,0.019088622326755157,0.039484464911775034,3.0581007127803197,0.004138641906247849,-7.510358939497409,False,D,1.8819411452172237
0.34845620725862386,0.16249057425217694,1.9447782683207202,1.8946308290342557,3.249986547106871,0.0,61.382034121084075,43.28485137970341,18.097182741380664,854712.7710785654,854712.7710785654,118.13675017296995,115560.0,53.94254793130017,13.942547931300169,1682.8831517759222,2804.8052529598704,0.0038027856637630306,0.019027615011089686,0.04631991503251726,2.7872271763545076,0.005414422695054594,-6.4322849659005685,False,D,2.243020194092823
0.0399647854370376,0.017252281996993454,1.6193723284746775,1.3824947863089516,2.3699376502032314,0.0,58.88860923347431,44.187494243299,14.701114990175313,791219.5552217916,791219.5552217916,116.85967079266352,115560.0,54.09465675222748,14.094656752227479,1541.0276124656039,2568.37935410934,0.0037429974467493373,0.0285103021859029,0.044261398914936995,2.5651111091682774,0.005354634478040901,-5.880170045406883,False,D,1.6993061828233047
0.2266462655976281,0.10395161274672417,1.4296935594910354,1.135322087379245,1.948103113578668,0.0,56.77418386220455,44.50112534521281,12.273058516991739,489187.7537869195,489187.7537869195,124.26832634290719,115560.0,53.25570582124561,13.255705821245613,1013.1757238424442,1688.6262064040736,0.0031657797295186326,0.025926027287102357,0.038988758609520835,2.137361984824458,0.004777416760810197,-3.2821385365185196,False,D,1.3473838490710002
0.03965277475015338,0.016354469506610535,1.6893855413090353,1.4772680881127163,2.536249767042615,0.0,57.447738157881986,43.59186031797742,13.855877839904565,788331.6984461044,788331.6984461044,129.84037304302933,115560.0,52.68771577764727,12.68771577764727,1705.9546967981184,2843.2578279968643,0.0025422501331242606,0.020007622339469573,0.03555895782331827,3.218881937224023,0.004153887164415824,-5.9218659232257185,False,D,1.8007052770586853
0.45385134886021344,0.20952230765679183,1.1567041459464669,0.8344428834956492,1.4335120516819366,0.0,60.2776292170613,47.04080951125462,13.236819705806681,278628.6442970529,278628.6442970529,96.21313542198806,115560.0,57.112994545249705,17.112994545249705,446.7955914366215,744.659319061036,0.002696650389700636,0.02231207898480261,0.0354019746175558,1.8929388457665444,0.0043082874209921995,-1.422857776496112,False,D,0.9633374932045173
0.8052615479526367,0.3680140000803677,0.6353791765552081,0.3831703134357212,0.6638638116684931,0.0,59.37550054376254,50.71572990633916,8.659770637423378,84452.05062870064,84452.05062870064,92.41818786136412,115560.0,57.81418886507208,17.814188865072083,130.08175800467816,216.80293000779696,0.003234131537525671,0.023153648695930194,0.04108931986632609,1.7256005817325626,0.004845768568817235,-0.18488975680268188,False,D,0.4424751929482083
0.5003997423099026,0.23461984535755456,1.0786750652435135,0.7628036728767906,1.307400868810582,0.0,55.74920258899397,45.8730897168864,9.87611287210757,566871.924977555,566871.924977555,121.66405133633117,115560.0,53.538985600409944,13.538985600409944,1149.465583026569,1915.7759717109484,0.005030691075969933,0.03668383138320524,0.04695713936534187,1.881544630482458,0.006642328107261497,-3.9402488418583435,False,D,1.0007342669127213
0.3502665214509179,0.16235850044727781,1.2832266831275219,0.9688066630541785,1.6618729368903944,0.0,56.56922356972041,45.11553148062052,11.453692089099889,403922.62825538276,403922.62825538276,121.09153363568727,115560.0,53.60289225466164,13.60289225466164,815.1935087600315,1358.6558479333858,0.0038400570858589536,0.03301863594482813,0.03993196343351789,2.2262102637386763,0.005451694117150518,-2.519521754346882,False,D,1.1500213133552002
0.05622815086124686,0.025657753660881574,1.6009197929388606,1.3584192882555552,2.327642551042848,0.0,62.962219502666755,45.19113015128079,17.771089351385967,389308.7495165003,389308.7495165003,95.4529364840604,115560.0,57.24900042619265,17.24900042619265,619.3443890047914,1032.240648341319,0.005043404436536854,0.03773027243661633,0.045585749667878324,1.0056234809769622,0.006655041467828418,-2.385293474056524,False,D,1.5410776801692299
0.24063246157474233,0.11089398930934424,1.4122181165537036,1.1155036711979518,1.91323887748904,0.0,60.61823063076753,45.62958089575591,14.98864973501162,498493.013745999,498493.013745999,100.53392192947325,115560.0,56.37896156444344,16.378961564443443,835.2576287721351,1392.0960479535586,0.0030928776205680197,0.029205790621427377,0.03881650386664501,2.478349405550741,0.004704514651859584,-3.334721858660861,False,D,1.320872826183506
0.30619950887912306,0.14262377387483208,1.912810458491032,1.8379966675712662,3.152570281122465,0.0,60.54038449873144,43.28058159333898,17.259802905392462,791415.181126923,791415.181126923,121.0655807525823,115560.0,53.605803513686,13.605803513685998,1596.8856419923507,2661.4760699872513,0.0037226175565357998,0.025066960760503056,0.04856906891234283,3.483528351667205,0.005334254587827363,-5.888851434879765,False,D,2.1658172169758014
0.740339836358691,0.3331999791596831,0.7727066616519966,0.48287751980142163,0.8382379811422717,0.0,55.83255968751246,47.742964840330046,8.089594847182411,228939.2131084717,228939.2131084717,115.80957481159476,115560.0,54.22223932769907,14.222239327699072,441.88921546321984,736.4820257720331,0.002587443565494083,0.020440753753943282,0.04476466813322255,3.935110642816541,0.004199080596785647,-0.9907757661606236,False,D,0.5894440369017946
0.7768668934019185,0.35798694739575565,0.668654860885624,0.4114364026569521,0.7098938413153761,0.0,56.10693748565234,48.65313905168307,7.4537984339692684,236367.1078454277,236367.1078454277,111.39424006684456,115560.0,54.7849584454986,14.784958445498603,438.8322392539885,731.3870654233142,0.0029301068913227656,0.022959076229123247,0.03699424354139846,2.6716658461739917,0.0045417439226143295,-1.055366155177632,False,D,0.518735475959054
0.6708487056130242,0.310125185501787,0.8411100007161588,0.5477430277739328,0.9426032463318673,0.0,54.85722900962941,46.84958734186512,8.00764166776429,161104.60605391418,161104.60605391418,123.89449669800405,115560.0,53.29563823047391,13.295638230473912,332.6662347129986,554.4437245216643,0.004021665840373179,0.03042272579310676,0.04405024159428956,1.88753561583019,0.005633302871664743,-0.4267206589484858,False,D,0.6385837574280288
0.04479434682465135,0.018677580634071878,1.6941279131810656,1.48398316183037,2.547949314108166,0.0,62.08101238756768,44.52466084250665,17.556351545061034,584121.9634746294,584121.9634746294,102.72107318401216,115560.0,56.03089427677054,16.03089427677054,1000.0272493077715,1666.7120821796193,0.002464842380257358,0.018689052108147513,0.037559678819201886,2.8006397519399053,0.004076479411548922,-4.079321421518517,False,D,1.722039232158339
0.5243540266938684,0.2357886954688491,1.0883460076310856,0.7600978422212324,1.311714139572712,0.0,58.867396042133294,46.964619153804904,11.90277688832839,138782.0056198448,138782.0056198448,102.39128039010902,115560.0,56.08242791117965,16.08242791117965,236.83445417538692,394.72409029231153,0.002761632844161767,0.027439105280038446,0.038,2.633286162072358,0.00437326987545333,-0.20680004886821565,False,D,0.8440831130996399
0.12416704096774517,0.056181014643612276,1.5375044486368323,1.2714865611846962,2.180500078073782,0.0,57.21525712845056,44.15055061658961,13.064706511860948,885717.9466402362,885717.9466402362,124.92275928147342,115560.0,53.18637391953865,13.186373919538653,1844.1054973236523,3073.5091622060872,0.002813740679298668,0.02862819887288559,0.034397360635253935,3.0237210349596633,0.004425377710590232,-6.734658660635123,False,D,1.6224132168855423
0.9401095708453846,0.43380043870118806,0.35146283755996693,0.19542255329266323,0.3388294820815127,0.0,56.144444543949874,51.54119666630595,4.603247877643923,110915.04862019945,110915.04862019945,106.62951313849446,115560.0,55.44438876059331,15.444388760593313,197.11362723507182,328.52271205845307,0.0034190817075185516,0.030861773048351564,0.03685779890631142,1.7613043462572333,0.0050307187388101155,-0.06646204615992911,False,D,0.2554679386659684
1.0652019292960266,0.46285551914637446,0.2624656373830487,0.1205457259008947,0.21840004788508718,0.0,53.47901889300539,50.426889205436055,3.052129687569334,167198.1194693574,167198.1194693574,129.7082264436188,115560.0,52.700622146133924,12.700622146133924,361.449525684644,602.4158761410733,0.0016774152730702364,0.0188226928617865,0.027036113914865843,3.898602851164495,0.0032890523043618003,-0.5197723434060724,False,D,0.1936650850216429
0.6109930381241127,0.28724601274940437,2.1238866684332085,2.250242462024706,3.8562657427086298,0.0,69.93908436123388,43.632688069079734,26.306396292154147,463625.2386421495,463625.2386421495,93.48445989139097,115560.0,57.61143487342184,17.611434873421842,722.3625837746432,1203.9376396244054,0.004613291733474968,0.032055353418537665,0.04675575301781625,1.6097202410164766,0.006224928764766532,-3.0315238142795606,False,D,2.4741356550224345
0.08569741012287714,0.03897388718190042,1.573509782286776,1.3204864031788788,2.2633123164247286,0.0,62.19674872285685,45.161395393132295,17.035353329724558,428597.871066653,428597.871066653,97.89571357080658,115560.0,56.81946363824903,16.819463638249033,699.2982403833092,1165.4970673055154,0.004336462253428439,0.03345358031007569,0.04445682591450135,1.7529745153039087,0.005948099284720003,-2.7269380092752433,False,D,1.5121501335043275
0.21949969734611013,0.10092575210174219,1.4364495809082847,1.1439303691764762,1.9624976480023422,0.0,57.15990921181401,44.574573850504805,12.585335361309205,590015.8683181783,590015.8683181783,121.67789824365661,115560.0,53.53744739099034,13.537447390990337,1196.5315131227003,1994.2191885378338,0.0036586761624424645,0.02270336127024784,0.043226915351470635,2.396257844084064,0.005270313193734028,-4.141592086489422,False,D,1.3914361579754833
0.3218018476051446,0.1507106667629689,1.9243474991981886,1.861073599833041,3.1900573213609933,0.0,59.59694079590486,43.085220193224814,16.511720602680043,1058948.8005908378,1058948.8005908378,127.5829642148847,115560.0,52.91185714747667,12.911857147476667,2251.730448852932,3752.8840814215537,0.0034150758446875994,0.027410674910529162,0.039427189467301,2.6477425760910616,0.005026712875979163,-8.25926709094904,False,D,2.2869686486268037
0.28546863511780796,0.13077391949032013,1.3653901875855257,1.0588970222155905,1.8176790962732678,0.0,56.25824299481974,44.6421457071562,11.616097287663536,556825.2422689864,556825.2422689864,126.06847500831171,115560.0,53.06672501802416,13.066725018024158,1169.9684856497472,1949.947476082912,0.0031410495623448334,0.026800732432912706,0.042275802040235635,3.2994007746680882,0.004752686593636397,-3.8825363564401347,False,D,1.2940527476662074
0.44885138451539447,0.21058878128064412,2.0166004958092816,2.031745644967375,3.4826382304249512,0.0,61.68379579527152,43.04049523833214,18.64330055693938,718221.5253353368,718221.5253353368,121.01052796268854,115560.0,53.61198317560297,13.611983175602973,1448.53943291661,2414.23238819435,0.003617061894120271,0.028993032854027934,0.04285734680730678,2.008406507395921,0.005228698925411834,-5.2520227169868585,False,D,2.3375375892350587
0.8277370563699683,0.381717260325847,0.5745264271935677,0.34379306648625724,0.5934584130261333,0.0,55.14117248631169,48.84648550385566,6.294686982456028,181805.87472664527,181805.87472664527,116.91867432370482,115560.0,54.08755593997256,14.08755593997256,354.27503095501527,590.4583849250255,0.0030367432209873536,0.0297069897367696,0.03476746869613165,2.1523772151115117,0.004648380252278917,-0.5809206497969154,False,D,0.4320589032632895
0.766840792953785,0.3503917639127452,0.7022376469353636,0.4333366415035402,0.7497514516292202,0.0,57.215917544135095,48.971957988790564,8.243959555344532,175651.5228734694,175651.5228734694,104.98450053189768,115560.0,55.685929483513576,15.685929483513576,307.3447899423064,512.2413165705108,0.0031719686529507827,0.021291708766948053,0.042509801676264516,2.7374811587187047,0.004783605684242347,-0.5274045467258208,False,D,0.5220015796035089
0.7183756220524303,0.3288535681962377,0.7787752327020031,0.4945718087973772,0.8534470249574806,0.0,54.80716746036052,47.21127500780449,7.595892452556029,154923.39969273497,154923.39969273497,123.33582735564423,115560.0,53.355765648589056,13.355765648589056,318.4600946308771,530.7668243847952,0.0033701963845739263,0.029618447184725772,0.0387871921673654,2.437225810875162,0.00498183341586549,-0.36921777747762136,False,D,0.5796813175367219
0.42030111696124156,0.19302848861703986,1.204422120454299,0.8815090032479701,1.515292858855255,0.0,56.73247440423131,45.55794747444446,11.17452692978685,469622.41592654673,469622.41592654673,117.94120574224604,115560.0,53.96562538196861,13.965625381968607,923.1305662993916,1538.5509438323195,0.0023111859533091464,0.021819912119174386,0.03471597395110833,2.611572808735009,0.00392282298460071,-3.0836731819699716,False,D,1.0767132787283618
0.12370562820611435,0.05739290950541405,1.7640851806102722,1.5950753314006194,2.7340072565667977,0.0,65.09519708874063,44.76338917022247,20.331807918518166,630035.010432122,630035.010432122,92.70842185090797,115560.0,57.7585392477132,17.758539247713202,973.4925254663729,1622.487542443955,0.003082228300083209,0.02890365442809072,0.03660939166386443,1.8084671193864676,0.004693865331374772,-4.478565308105409,False,D,1.8481588906065327
0.5494459030595985,0.25114437014723046,1.0376340048222257,0.7160097731416787,1.2334513715859108,0.0,55.930422650233425,46.15832076816167,9.772101882071752,212420.34952513836,212420.34952513836,119.86658470864836,115560.0,53.74167281594492,13.741672815944924,424.36836366992816,707.280606116547,0.003025577589114565,0.023731365444526014,0.03788784736855571,2.313180621156774,0.004637214620406129,-0.8471334741316379,False,D,0.8240926435944979
0.332167240238433,0.15314348996899202,1.3083541678651767,0.995107111685258,1.7079244930910937,0.0,59.850387752219206,45.986101105989405,13.8642866462298,233254.5006692964,233254.5006692964,101.71041134070684,115560.0,56.18987607386737,16.189876073867367,395.40685350242194,659.0114225040365,0.0035411764783501247,0.032645131648034884,0.039214830241782045,1.6838790782049722,0.005152813509641688,-1.0283000058199687,False,D,1.1165638113362466
0.03170150610644147,0.013069336448122498,1.6284852419598694,1.3945505521191857,2.391070684311958,0.0,57.41494477484429,43.823635611006864,13.591309163837423,361494.54426716315,361494.54426716315,127.18812798486113,115560.0,52.95187724098878,12.951877240988779,766.2969060346833,1277.1615100578056,0.004575587910869598,0.03835501870645313,0.042497243723210704,1.57987524517255,0.006187224942161162,-2.191713969178957,False,D,1.57241397159172
0.43925856597903395,0.2017824991422833,1.1797801383875013,0.8565533733824222,1.472315321704467,0.0,55.1248520977706,45.1388954188767,9.9859566788939,315550.08684949577,315550.08684949577,129.78275576439813,115560.0,52.69333986066482,12.693339860664821,682.5493308837122,1137.5822181395204,0.003580468952851432,0.026154984981081816,0.047866290337083735,2.741731459391216,0.005192105984142996,-1.8103149860228278,False,D,1.0067024105336513
0.9961978051266107,0.46344653197978597,0.20776758531057385,0.11077785682430083,0.19220716077663197,0.0,57.825763252619424,54.57065738395613,3.2551058686632928,72496.5393427685,72496.5393427685,94.81198646132353,115560.0,57.365362773323454,17.365362773323454,114.55901511098959,190.93169185164933,0.004545074686377399,0.03032089806994302,0.045852581114510134,1.1400035739941359,0.006156711717668963,-0.16494143513635365,False,D,0.15811432996119912
0.48714068148543616,0.22363272215944607,1.1187466364411953,0.7943314446947117,1.3667762731797177,0.0,58.970579274467184,46.81662372496157,12.15395554950561,279945.68796409573,279945.68796409573,102.18231582232193,115560.0,56.115252677368005,16.115252677368005,476.758311677407,794.5971861290117,0.003417454664593195,0.019027615011089686,0.04631991503251726,2.410810583377459,0.005029091695884759,-1.4343103301225717,False,D,0.9259478544696023
0.03915842222645294,0.017118710350495864,1.6195040880219649,1.3828444664415271,2.370429938467267,0.0,58.290703003305055,44.054255098443434,14.23644790486162,842264.6548539948,842264.6548539948,120.68447092029601,115560.0,53.648698385365094,13.648698385365094,1694.1377374320016,2823.562895720003,0.003222717960272628,0.026027952704845633,0.03914220109368858,1.7726133672001538,0.004834354991564192,-6.328517148766036,False,D,1.7181797328805288
0.841045646470644,0.38044189001175677,0.5922236080952306,0.3482686412144765,0.6064540250442387,0.0,55.61696038293502,48.967575069461645,6.649385313473374,124468.15989139354,124468.15989139354,114.40518006808696,115560.0,54.39652218767844,14.396522187678443,237.33003741863865,395.5500623643978,0.0027536016223754394,0.022503961161305305,0.040360434954116495,2.613135042144011,0.004365238653667003,-0.08233182514255256,False,D,0.4166422502031387
0.49631622624359656,0.22747012355636428,1.1064165561640886,0.7833774909961236,1.347206706324145,0.0,55.81297907790332,45.74544587286766,10.067533205035659,312859.5000714058,312859.5000714058,122.2597797173013,115560.0,53.47312245893556,13.473122458935563,637.5022260199181,1062.503710033197,0.002975798773234228,0.02766541537512439,0.03686959837872768,3.0030343945056677,0.004587435804525791,-1.735393852156872,False,D,0.9272411027485064
0.11094438914294728,0.04973698291079181,1.7533726010461195,1.5729986478076725,2.7005045211393433,0.0,59.657437984520016,43.77498589025328,15.882452094266739,296143.2545203015,296143.2545203015,118.05549497204903,115560.0,53.952128110094236,13.952128110094236,582.6889749171282,971.1482915285471,0.0044524988043107465,0.02619364999001004,0.047854489514447436,2.3696994034302095,0.0060641358356023104,-1.5751587349591432,False,D,1.729462237835115
0.8709534787964989,0.4001882910626407,0.5024879527713961,0.29135801254599,0.5051224195877735,0.0,55.74650025130023,49.80936569290179,5.937134558398441,126598.6881602912,126598.6881602912,111.61741086680343,115560.0,54.75544975585865,14.755449755858649,235.51029652642578,392.5171608773763,0.003469213131631265,0.023153648695930194,0.045219668414748455,2.0840818628922575,0.0050808501629228285,-0.10085815791557569,False,D,0.36085341938778365
0.010957760509878465,0.003818672405942833,1.6615720496741075,1.4370270776765957,2.4672663255253253,0.0,58.43341335406501,43.90936232570567,14.524051028359338,471075.03372800065,471075.03372800065,121.66405133633117,115560.0,53.538985600409944,13.538985600409944,955.2149514457902,1592.024919076317,0.0030981115591958226,0.024122336624128007,0.04126678039369137,2.870447705753928,0.004709748590487386,-3.1072323962100445,False,D,1.646482462370555
0.4369450815387392,0.2027079956685556,1.174015076215305,0.8538090194413752,1.4652018548493229,0.0,56.16386325273618,45.523369724660085,10.640493528076092,347247.92596537847,347247.92596537847,121.09153363568727,115560.0,53.60289225466164,13.60289225466164,700.8130651159879,1168.0217751933133,0.0037309138317446248,0.0329890977928178,0.040807197111038515,2.226281711751183,0.005342550863036188,-2.026698256172932,False,D,1.013193212536426
0.9223097270234506,0.42825733475421845,0.37358151492075914,0.21105576573498744,0.3646507792446291,0.0,54.64715476981576,50.26312404559644,4.384030724219315,142497.9239280677,142497.9239280677,117.6575233056783,115560.0,53.99924069562047,13.999240695620472,279.4325467596233,465.7209112660388,0.004017503232813252,0.028791354963408892,0.04293691713590359,1.7337958932704756,0.005629140264104816,-0.2391123819831974,False,D,0.2851497728715513
0.1901330036923137,0.08783080885685826,1.4656524507550246,1.1812187855405107,2.025123447422773,0.0,59.052577397540574,44.93642288307285,14.116154514467723,407039.91676323075,407039.91676323075,110.41951562782126,115560.0,54.9152367580441,14.915236758044102,749.0858408364104,1248.4764013940173,0.004004314331654284,0.035790143883273576,0.04074908537711487,1.641243594734903,0.005615951362945848,-2.539477537071572,False,D,1.3647387213815159
0.080082743329825,0.03673901234765889,1.7257942753601838,1.5361785966294477,2.6333568263883214,0.0,58.94548656702216,43.74916968949606,15.196316877526101,862515.882999866,862515.882999866,121.0655807525823,115560.0,53.605803513686,13.605803513685998,1740.349771395085,2900.582952325142,0.0030988302219819132,0.02742296188325064,0.03818337240355922,2.0901692548684467,0.004710467253273477,-6.507118407687966,False,D,1.8808219120327982
0.49990639373720164,0.23287637066246025,1.0860545893403202,0.7678052861949232,1.3174936040747902,0.0,58.03226476103606,46.678853755883836,11.353411005152225,289030.2846432957,289030.2846432957,106.50967189684597,115560.0,55.461733802077845,15.461733802077845,513.0753464268238,855.1255773780397,0.003646764186269163,0.026899674609178144,0.04476466813322255,1.7571402687030926,0.005258401217560727,-1.5133068229851798,False,D,0.9028865947349186
0.5605963445482083,0.2561422586959658,1.0214889139850933,0.7017502903917124,1.2085122979128076,0.0,56.665860653726156,46.5378025007268,10.128058152999358,221037.37828258332,221037.37828258332,114.17876322710218,115560.0,54.42502073294355,14.425020732943551,420.6295746544417,701.0492910907361,0.0029998790305703626,0.026223996593695502,0.03699424354139846,2.7269063533049507,0.004611516061861927,-0.9220641589789854,False,D,0.8118137298729662
0.7844118779567866,0.3608421541257674,0.6573614430219901,0.40330887809937216,0.6957157241901883,0.0,57.249529840830576,49.36122948359423,7.888300357236346,121629.04396707627,121629.04396707627,103.82031615836665,115560.0,55.86148564479379,15.861485644793788,210.4594299783623,350.76571663060383,0.0033364478935848287,0.033408416444728646,0.03510936829616966,1.8929823925184186,0.004948084924876393,-0.08987202099432749,False,D,0.47423247163660176
0.18721147841525346,0.08653657628473617,1.4685515652823793,1.184905115543142,2.0313716528229735,0.0,57.22943028996474,44.45061707224636,12.77881321771838,545230.5215862638,545230.5215862638,122.22708991958899,115560.0,53.476719989207936,13.476719989207936,1110.6989998138113,1851.1649996896856,0.0038531130388205818,0.03455523884742908,0.039421416129873245,1.7785774974017132,0.005464750070112145,-3.7557942504841226,False,D,1.4186822718738064
0.9640676721134236,0.4448439836116708,0.2999623476630945,0.16395494672587602,0.28452918274002087,0.0,55.33882739273571,51.49888432995044,3.8399430627852666,86677.5853892777,86677.5853892777,111.54653431610289,115560.0,54.7648086134767,14.764808613476703,161.14307088436672,268.5717848072779,0.00400946395137569,0.033173069692365276,0.041958532089414864,2.1510159344016397,0.0056211009826672535,-0.025486869679858682,False,D,0.21709324611725803
0.18589488024025944,0.08587665871106795,1.817042428410646,1.676226124925783,2.87539126741718,0.0,59.50150492969232,43.48574971001659,16.015755219675725,549519.4779356695,549519.4779356695,122.08602667110671,115560.0,53.49226613543391,13.492266135433908,1118.144160659113,1863.5736010985215,0.0031399199159537327,0.023728386310146742,0.03987577466789113,2.055208699877158,0.004751556947245297,-3.792153012167185,False,D,1.9167874975731023
0.9897340415844467,0.46049800736852864,0.22134496812571328,0.11915143051920117,0.20637536055040606,0.0,55.86887079808696,52.80640008539058,3.0624707126963813,112627.88762947485,112627.88762947485,106.62951313849446,115560.0,55.44438876059331,15.444388760593313,200.15761372913278,333.59602288188796,0.004430943486136027,0.03459276419147656,0.04640932417369028,1.669423569283441,0.006042580517427591,-0.06646204615992911,False,D,0.17969090523621617
0.8940907423991732,0.4017129389279997,0.512904146271262,0.28847777564675053,0.5061295338614326,0.0,56.01622347512085,49.864229697679264,6.151993777441589,173283.6791102747,173283.6791102747,110.9216457918879,115560.0,54.8478383391074,14.847838339107398,320.3485145964176,533.9141909940294,0.003782799439543314,0.01611465101821327,0.04934104227219489,3.346560354773891,0.005394436470834878,-0.5068146009589105,False,D,0.37487525955752166
0.005328850716168177,0.0019467851165709622,1.6572385646576955,1.4363228881727,2.4617335690005877,0.0,62.73611905740876,44.84549011363606,17.890628943772697,503970.63621808495,503970.63621808495,98.30480246091652,115560.0,56.74961225924699,16.749612259246987,825.7122306586878,1376.187051097813,0.004153678530468465,0.02629513583869112,0.04841014851042254,1.4311825645971166,0.005765315561760029,-3.38235335841813,False,D,1.6530821747446418
0.40355612142072395,0.18856718467156436,1.2119104823165616,0.8940768551985027,1.5330867269318529,0.0,60.80439127147616,46.86838205066255,13.936009220813617,407184.14643785224,407184.14643785224,94.75345185327008,115560.0,57.37606782096191,17.376067820961907,643.0350569152317,1071.7250948587196,0.004085932008446618,0.023390839212425938,0.04748769350572884,1.4737372618477744,0.005697569039738182,-2.5407317081552367,False,D,1.0686400121882522
0.41157981626534595,0.18608536090371267,1.2279735479290446,0.9015583480062186,1.553053601773157,0.0,58.003643534059506,45.84899352232122,12.154650011738283,170239.01682956793,170239.01682956793,110.41095257668627,115560.0,54.91639144027579,14.916391440275788,313.27086689785204,522.11811149642,0.003479922250281439,0.02241286891887723,0.04631011738905541,2.2543479444033157,0.005091559281573003,-0.4803392767788516,False,D,1.0007073725845177
0.4302797346659762,0.20169001329440808,2.0036562987460673,2.0063789446068188,3.439577123871266,0.0,61.38683533065881,43.049548934069264,18.337286396589548,616244.6447330886,616244.6447330886,121.82137177164734,115560.0,53.5215299164401,13.521529916440102,1251.1961328052719,2085.3268880087867,0.003596062911752917,0.028244760800002867,0.04582455360169624,2.128774521492623,0.005207699943044481,-4.370617742796583,False,D,2.277146722610516
0.7405376819887547,0.338967495198646,0.7432056123790394,0.4658004131686397,0.8047365091273541,0.0,58.08891832718166,49.09252963955004,8.996388687631622,178923.52826970498,178923.52826970498,100.43472688227979,115560.0,56.395106298816074,16.395106298816074,299.50226157636143,499.1704359606024,0.0029198994348141436,0.021968105777476234,0.03843409830412578,2.6494246365574163,0.004531536466105707,-0.555856767562652,False,D,0.5553166649175549
0.5198611316853672,0.2388292461401362,1.0731197313420726,0.7510036067124327,1.2921171904764233,0.0,58.30537226170162,46.85606018528165,11.449312076419972,144795.4640749792,144795.4640749792,104.90320412175079,115560.0,55.698062473895334,15.698062473895334,253.15846872935293,421.93078121558824,0.0033663424256793625,0.028993032854027934,0.04285734680730678,1.742868156915741,0.004977979456970926,-0.2590909919563408,False,D,0.8385290298996866
0.7827814432481909,0.36053910309431203,0.6596010139104252,0.40419247189046287,0.6978018318275968,0.0,55.33428859936794,48.30334537537368,7.030943223994257,177311.5959196014,177311.5959196014,116.91867432370482,115560.0,54.0875559399725,14.087555939972503,345.5172789523371,575.8621315872285,0.003279348427717192,0.02336725440117513,0.03908932548611939,2.173731313039117,0.004890985459008756,-0.5418399645182729,False,D,0.49369729242411486
0.7178047156312616,0.32971264088735663,0.7741575642762675,0.4920409263907986,0.8483138655352139,0.0,55.475043403679365,47.569362123347446,7.905681280331919,214321.6292940409,214321.6292940409,117.82233536050552,115560.0,53.97969141002244,13.97969141002244,420.8645813615405,701.4409689359009,0.003477407566325433,0.027131044011984344,0.04616724393721144,3.0490697979902284,0.005089044597616997,-0.8636663416873122,False,D,0.59719078324589
0.11731662013966639,0.05321285305613243,1.5437467966862592,1.2799329159532644,2.1947462693389115,0.0,62.27412463694054,45.338930789199765,16.935193847740777,538436.4980371027,538436.4980371027,96.6694911368594,115560.0,57.032374107133535,17.032374107133535,867.5063712459887,1445.8439520766478,0.003444288618895094,0.026614318830808985,0.04059673844326555,2.3701639913551267,0.005055925650186657,-3.6820565046704585,False,D,1.5011203105907145
0.09811518071765865,0.038791243340009676,1.5833989276130178,1.322523721176335,2.2756002241176385,0.0,58.06016736072502,44.15511368420351,13.905053676521504,429503.7453225285,429503.7453225285,121.16261843457497,115560.0,53.59492470852217,13.594924708522171,867.3299735122399,1445.5499558537333,0.002250532829947305,0.023741167812828003,0.03176539533871472,3.80081064301673,0.0038621698612388688,-2.742434201335096,False,D,1.5126996548069804
0.6079294534373381,0.28534493476961187,2.1223312577666467,2.2448200064398742,3.8485947156005222,0.0,68.39391829330782,43.453730604269936,24.940187689037884,367277.1016863978,367277.1016863978,98.48612722640163,115560.0,56.71883653216423,16.718836532164232,602.861656067177,1004.7694267786284,0.003908731335504205,0.024952023171098663,0.04178398138437113,1.3409300260174921,0.0055203683667957686,-2.193713927707807,False,D,2.435940968063697
0.7493546688183707,0.3433493714345864,0.7265652516212993,0.4532888405211614,0.7830203403333658,0.0,56.388904967439316,48.360200114707254,8.028704852732062,202862.48776527354,202862.48776527354,110.57272656186954,115560.0,54.89460724447474,14.894607244474741,373.8509731555033,623.0849552591723,0.0028018345736878086,0.024279229885107972,0.043878988801704155,2.906268581398266,0.0044134716049793726,-0.7640216327415091,False,D,0.5503021627221096
0.7843118917461145,0.36491414570930103,0.6380630059892543,0.3915302496434014,0.6739037559424017,0.0,55.44446989210377,48.52997273375729,6.914497158346478,244464.14979055163,244464.14979055163,115.43404752837537,115560.0,54.26842693570768,14.26842693570768,470.32477143177357,783.874619052956,0.0031484360031259276,0.02373055107896375,0.04050361925303691,1.6164665693229754,0.0047600730344174915,-1.1257752155700143,False,D,0.5023323628150379
0.5121458605647783,0.23644778363321964,1.0782224677801637,0.7577111141347838,1.3022220011334258,0.0,56.90498173289342,46.303369260009106,10.601612472884312,326655.6789225269,326655.6789225269,113.60811401984283,115560.0,54.49735002698145,14.49735002698145,618.5122602709935,1030.8537671183226,0.0027374097850257646,0.027904016955009645,0.03538860344264615,2.234064168320617,0.0043490468163173285,-1.840484164543712,False,D,0.9028328036576315
0.10597956183990517,0.047960513951679884,1.5553057245065844,1.2949116645217702,2.220612426506963,0.0,56.663102673075855,43.94546360392877,12.717639069147083,413379.58896464074,413379.58896464074,129.78275576439813,115560.0,52.69333986066488,12.693339860664878,894.1590372097544,1490.2650620162574,0.004174982215340982,0.031504300569697816,0.047600867631770134,1.7451046219765671,0.005786619246632546,-2.661006308763219,False,D,1.4887673010316125
0.21280590325958318,0.09612847294093978,1.4503957209779086,1.1577456289681998,1.9886555979691267,0.0,56.23108169737225,44.26734278954228,11.963738907829963,814133.35375558,814133.35375558,129.30137375893736,115560.0,52.74052363449829,12.740523634498288,1754.476017726124,2924.126696210207,0.0029281835582332786,0.01833389221622943,0.04201996579725742,3.6374386111713637,0.004539820589524842,-6.14243256678625,False,D,1.486430408740456
0.13528818310226487,0.058931399175978685,1.7751640220086131,1.5986829657031945,2.7509599464055134,0.0,62.93411921504287,44.30245684951524,18.63166236552763,193100.07778022796,193100.07778022796,102.18231582232193,115560.0,56.115252677368005,16.115252677368005,328.8568855509031,548.0948092515051,0.0032428324306879946,0.02018590038140631,0.04275776829747992,2.1713756690545325,0.004854469461979558,-0.6791311111324171,False,D,1.7184101059173171
0.28287365581484997,0.12749578718331164,1.377618321477292,1.0684576978880143,1.837660816775044,0.0,56.856581847206144,44.75578985245619,12.100791994749954,463336.5858196347,463336.5858196347,122.18775118325448,115560.0,53.48105178674086,13.481051786740863,943.567591037136,1572.6126517285602,0.003946717495988278,0.01834353596870144,0.04769653214841857,3.2183658523239758,0.005558354527279842,-3.0434117935191307,False,D,1.2727207768659923
0.16385510715301344,0.07485005517105685,1.4960606660973759,1.2182558301087005,2.0893402766095965,0.0,58.56024946247368,44.66556375392253,13.894685708551151,578870.9858009312,578870.9858009312,114.40518006808696,115560.0,54.39652218767844,14.396522187678443,1103.763989445776,1839.6066490762933,0.0032584833471265015,0.029272629880658693,0.04012225948742133,2.591849779293698,0.0048701203784180655,-4.033660746095054,False,D,1.4578654043075188
0.9052509744446315,0.4027017354689274,0.5074137416464016,0.28582279640978114,0.501092369441183,0.0,56.916033593303325,50.47376018305249,6.442273410250834,139041.8657106494,139041.8657106494,104.80926540790134,115560.0,55.71210564635828,15.712105646358282,242.8812634346205,404.80210572436755,0.0020235145396587553,0.024073049067056047,0.029524786755114475,3.439847393011824,0.003635151570950319,-0.20905970183173397,False,D,0.3539379587819816
0.5198068158093513,0.2425414991875641,2.06603077099969,2.1227915769226127,3.6436224543341087,0.0,68.05408547712591,43.69126834453368,24.362817132592227,308339.8415188876,308339.8415188876,96.21313542198806,115560.0,57.112994545249705,17.112994545249705,494.4390488008512,824.065081334752,0.0039006758562604464,0.02045275542772792,0.047854489514447436,1.9532651466888138,0.00551231288755201,-1.6812160132077183,False,D,2.293153728545962
0.501942972406112,0.2319449200213844,1.0916100208707136,0.7705381362514775,1.3241813124754618,0.0,56.047495604784785,45.91110731861744,10.136388286167346,436871.7045084931,436871.7045084931,120.00825189000507,115560.0,53.72547799533777,13.72547799533777,873.8034926378518,1456.3391543964199,0.003340911810521775,0.02227592937076141,0.045906300632302874,2.8918319501649457,0.004952548841813339,-2.7989382055546925,False,D,0.9572021717167811
0.027033787438246512,0.012306303919232445,1.6774736473673888,1.4665616050030457,2.5126477351665937,0.0,58.624516865678004,43.88295171496827,14.741565150709732,1020795.9398830126,1020795.9398830126,120.9094377295064,115560.0,53.62334515894986,13.62334515894986,2057.0643854636346,3428.440642439391,0.004474660456796587,0.03655197847195116,0.047915618440717817,1.863402915459927,0.006086297488088151,-7.882440024310581,False,D,1.8691472553900834
0.3694068205790999,0.17183534685048876,1.257826287422938,0.9417819666043312,1.6153211666999145,0.0,56.466115192412644,45.20652862767599,11.25958656473665,535083.451547001,535083.451547001,121.09153363568727,115560.0,53.60289225466164,13.60289225466164,1079.9012628483886,1799.8354380806477,0.003629701025966075,0.028020588979803546,0.04194983282007384,2.2383488555279447,0.005241338057257639,-3.660050652534867,False,D,1.1665920753409695
0.938814363719287,0.43814386080334833,0.326256089423331,0.18279432819295544,0.31529121771282703,0.0,58.836390426611786,53.78921712919265,5.0471732974191355,103176.84394057134,103176.84394057134,90.81837004376229,115560.0,58.12730869543776,18.127308695437762,156.17254654903869,260.28757758173117,0.004098254012547461,0.029592527431377132,0.04534898562257909,1.0413169757465175,0.005709891043839025,-0.19822157194936377,False,D,0.24173889180882915
0.3691405107996119,0.17314622109816397,1.9595545161985048,1.9250255114731072,3.2993501034612867,0.0,61.43167670441744,43.23118497550058,18.20049172891686,723990.0727246905,723990.0727246905,118.72071262203205,115560.0,53.87408252680899,13.87408252680899,1432.5436227525347,2387.572704587558,0.004093441499689237,0.024909029675644144,0.04415797850906771,1.7014092259515048,0.005705078530980801,-5.295565849779917,False,D,2.2311670986442103
0.04210535654473788,0.017781957134423224,1.6915378279113018,1.4815334114139957,2.5426199005333423,0.0,60.33727295884353,44.17777179387741,16.159501164966116,596371.4389273763,596371.4389273763,111.4222664016914,115560.0,54.78124619339201,14.781246193392008,1107.4842890421025,1845.8071484035042,0.0026699872594471226,0.024987450741635765,0.035610084921696636,3.208260158705438,0.004281624290738686,-4.1858385993684895,False,D,1.7279517459568827
0.1118397040401766,0.04876618936517189,1.555855315674268,1.2928395516642275,2.2191991014000143,0.0,57.77896263949157,44.20734624488574,13.571616394605826,861785.0758664884,861785.0758664884,121.75410421099208,115560.0,53.5289881606497,13.528988160649703,1748.7644989087694,2914.6074981812826,0.0022885924165914383,0.024901715204885815,0.03281469621793486,4.1098838084358755,0.0039002294478830022,-6.505306689388516,False,D,1.6309568544901092
0.041306844815606564,0.01891202729324091,1.6145050675075425,1.3776345321745445,2.360141114787392,0.0,61.775896815270016,44.853435427904,16.922461387366013,662061.0737111263,662061.0737111263,101.11111392619989,115560.0,56.28564645484198,16.28564645484198,1115.6955441684654,1859.492573614109,0.004995941373110476,0.038312951565590635,0.04520072684731867,1.068372513098614,0.00660757840440204,-4.757052814879359,False,D,1.6467911507704163
0.7656657648232428,0.352577608277787,0.6884794152001666,0.4268338652184624,0.7358643392789163,0.0,57.042268929089914,48.99694812561057,8.045320803479342,172584.35181711617,172584.35181711617,105.5301284520403,115560.0,55.60498071541036,15.604980715410363,303.5474802678731,505.9124671131218,0.003447664633457802,0.028587884514484307,0.04234592609462948,2.6635849316138653,0.005059301664749365,-0.5007334940618797,False,D,0.5151862028395211
0.3011848666959715,0.14116466173051448,1.908561831660831,1.833868602331594,3.142918588188454,0.0,63.674863468448336,43.80058614109606,19.874277327352274,458147.40772177966,458147.40772177966,104.7379694796197,115560.0,55.72278066526587,15.722780665265873,799.7571534521774,1332.9285890869623,0.004302120246576818,0.03215637637877726,0.04914007550630419,1.5592760905001,0.005913757277868382,-2.983890501928519,False,D,2.0460114860675565
0.8586548661121696,0.39587382752907974,0.5169731166554774,0.3034785447263289,0.5245033460785257,0.0,54.55513104827071,48.95328311442023,5.601847933850479,141753.07156427437,141753.07156427437,120.7477547067655,115560.0,53.64155691852818,13.641556918528181,285.272751902893,475.4545865048217,0.0038888447536057757,0.02857814667448977,0.04329600879870027,2.2478624458160863,0.00550048178489734,-0.23752725998078847,False,D,0.38049176981035254
0.09207534986550875,0.042707349653165014,1.7363734278328085,1.553223486550241,2.6617296363278067,0.0,58.915335018631595,43.69980070542539,15.215534313206206,913253.0808709854,913253.0808709854,121.73118039203192,115560.0,53.53153170325987,13.531531703259873,1852.856258851414,3088.0937647523565,0.004120583515475074,0.03180794952672123,0.044619928465389605,2.275644520950491,0.005732220546766638,-6.952702884737847,False,D,1.9199458215140772
0.6538155126380453,0.30584377571987764,0.8510209182457806,0.5598130228484094,0.9604601454439935,0.0,57.72398207659194,48.10647796310212,9.617504113489815,277019.32251197775,277019.32251197775,103.71560961280433,115560.0,55.87746793997974,15.877467939979738,478.8537984809304,798.089664134884,0.0045442504198240224,0.031110536437103015,0.04640932417369028,1.629506025659741,0.006155887451115586,-1.4088636740171978,False,D,0.6889794788935623
0.7477046897903724,0.33960825084753055,0.7428719184119782,0.4641567988838273,0.8028083066955644,0.0,57.04330257725553,48.56639874978765,8.47690382746788,147106.8923533064,147106.8923533064,106.7240496345672,115560.0,55.43073359651845,15.43073359651845,261.6640546850201,436.10675780836686,0.004013330076152894,0.025819669998843924,0.04934104227219489,3.1767160223245186,0.005624967107444458,-0.27919036828962096,False,D,0.5477881914942812
0.158601557902042,0.07442792949459792,1.7937647193169992,1.6436576036630879,2.815778044380764,0.0,60.32904870032428,43.7301763393919,16.598872360932376,940594.5824185286,940594.5824185286,115.86502804912942,115560.0,54.215444237620204,14.215444237620204,1816.3669612463666,3027.2782687439444,0.004958373980699578,0.03257706505841304,0.04841014851042254,1.0976300204535874,0.006570011011991142,-7.179083325378509,False,D,2.0186942669378096
0.7841833523023297,0.3642294927298328,0.6402031961563344,0.39348139541793553,0.6769955983764034,0.0,56.9550571702996,49.34793768210642,7.607119488193177,202466.83668617398,202466.83668617398,105.12869048577556,115560.0,55.664456086647135,15.664456086647135,354.75122346024756,591.2520391004126,0.00408866170488021,0.029335323501764703,0.047319759699573784,2.336525614757381,0.005700298736171774,-0.7605811885754259,False,D,0.4926059012582484
0.7884894824795802,0.3655375791459125,0.6368129735614674,0.3898014586143732,0.6715418515523816,0.0,54.15087527943518,47.82265549712071,6.328219782314477,271773.7275660076,271773.7275660076,126.0601541205131,115560.0,53.06758615350304,13.067586153503044,570.997299714621,951.6621661910351,0.0035851439686470045,0.025040319673681564,0.04652679970379195,2.582714213884189,0.005196780999938568,-1.403770523858966,False,D,0.5139144023605735
0.05024057281424416,0.022232751292375754,1.6089256753551193,1.3682495718798924,2.3454041399332866,0.0,58.0561855960612,44.04646791203089,14.009717684030306,942482.3655110439,942482.3655110439,121.82137177164734,115560.0,53.52152991644016,13.521529916440159,1913.5749106190415,3189.2915176984025,0.004076138180268068,0.026201163703363693,0.04648555732141781,2.5963454601746783,0.005687775211559632,-7.207467488691846,False,D,1.7419339367615096
0.09315509358074975,0.043361325913172745,1.7372991168221747,1.5550969418255205,2.6645724982897723,0.0,59.20299899555357,43.752267977666975,15.450731017886596,1076890.2492594032,1076890.2492594032,119.93515756741971,115560.0,53.73382907386355,13.733829073863546,2152.616695462407,3587.6944924373447,0.004106565548792515,0.03359032392354972,0.04374783006202198,2.212049960757549,0.005718202580084079,-8.364263037038288,False,D,1.975793375540842
0.2506683597554776,0.11564508532679771,1.8698619671490855,1.7610341697948761,3.0228464517386966,0.0,63.23240063019949,43.90780848412999,19.324592146069506,347625.84672042326,347625.84672042326,104.90320412175079,115560.0,55.69806247389539,15.69806247389539,607.7844192751503,1012.9740321252506,0.002867707913554561,0.027129359852202627,0.036460548398605394,2.2559134352800885,0.004479344944846125,-2.022833449742811,False,D,1.9312049254369983
0.13100995579102234,0.060529658939086864,1.7704565409681585,1.6039946500911586,2.7500712997842194,0.0,59.48238873772459,43.669973103380244,15.812415634344347,367375.4119598148,367375.4119598148,119.83001236639257,115560.0,53.745859826913886,13.745859826913886,733.7100026375529,1222.8500043959216,0.004507136261042925,0.035313969257287775,0.04834016993213042,1.7935826126936512,0.006118773292334489,-2.1945687996505634,False,D,1.785461326368738
0.6563806036790211,0.30225487746921403,0.8698034205136432,0.5702403257263529,0.9821035072020668,0.0,55.84731642310476,47.12083494756854,8.726481475536218,304028.3854923579,304028.3854923579,116.79627721518403,115560.0,54.10229386839319,14.10229386839319,591.8230598875044,986.3717664791741,0.0027377838653860637,0.024701413813685947,0.042509801676264516,3.0320374203408034,0.004349420896677628,-1.6437250912378947,False,D,0.7045163090591077
0.6363741019050639,0.2845594553725314,0.9390580195843745,0.6214307619177094,1.0755584950239054,0.0,55.26671448426282,46.44017792074203,8.82653656352079,131502.0732880304,131502.0732880304,123.33582735564423,115560.0,53.355765648589056,13.355765648589056,270.3152834660299,450.52547244338314,0.004225956395053377,0.02698711998851718,0.04887864471021998,3.342435179463284,0.0058375934263449406,-0.16555406961062513,False,D,0.7047406392193534
0.314769661981467,0.14686706306357403,1.3219689754801938,1.012930459009951,1.736390668617883,0.0,58.51825356644889,45.51347410393737,13.004779462511522,557623.097640328,557623.097640328,109.28673764712985,115560.0,55.069554334972054,15.069554334972054,1015.6801529633067,1692.8002549388445,0.0041962936172827885,0.029828320317156452,0.04470712292969428,1.9213855695707278,0.005807930648574352,-3.8488965012202434,False,D,1.2427964515023875
0.5522868227652951,0.2577258254390482,1.009551704666746,0.6969689029224079,1.1957319498409633,0.0,60.39664357846823,48.09722721657528,12.299416361892952,194580.370257912,194580.370257912,92.70842185090797,115560.0,57.7585392477132,17.758539247713202,300.65398416293954,501.0899736048992,0.004277804037265067,0.03469998677700645,0.04178398138437113,1.3593473850252802,0.005889441068556631,-0.6920032196340173,False,D,0.8026537720398096
0.5675666904032969,0.2637091642128944,0.992511078811304,0.6799534818746076,1.1677415624560494,0.0,59.91920012617527,48.02745138911109,11.891748737064177,103798.43808304817,103798.43808304817,94.72253688283462,115560.0,57.381727004656454,17.381727004656454,163.86752299503593,273.1125383250599,0.004791492427092768,0.032689630263985664,0.0443445946874886,1.062983868235934,0.006403129458384332,-0.1656868482904278,False,D,0.7593584795104317
0.01839756629203884,0.00788922209597634,1.6374103101209003,1.4091152559637856,2.414421468156668,0.0,58.11483931793447,43.940474465515365,14.174364852419103,889044.691372423,889044.691372423,122.5711086233664,115560.0,53.43895654747121,13.438956547471207,1816.1865572872753,3026.9775954787924,0.004627612819451373,0.03253520173905544,0.045044874065081314,1.7021211068535507,0.006239249850742937,-6.747771138813491,False,D,1.7678700640064848
0.7405345430234108,0.34377374559326523,0.7189117542738754,0.4517965215203312,0.7774004336932706,0.0,57.76826972917223,49.133778947102314,8.634490782069918,192221.14445289894,192221.14445289894,101.51833403432693,115560.0,56.2204479930856,16.2204479930856,325.2328391838334,542.0547319730557,0.0030920918854464136,0.025878043651503892,0.0387231157803807,1.7315451887211641,0.004703728916737977,-0.6714882126339038,False,D,0.545510593897261
0.24898551008182604,0.11620835190778193,1.8679845932927355,1.7627231179438017,3.021954073048335,0.0,62.40756329531945,43.775456027219036,18.632107268100413,368704.57884368935,368704.57884368935,108.60652798125997,115560.0,55.16376287047734,15.163762870477342,667.395402650097,1112.325671083495,0.004612767381943111,0.031831277057466086,0.047866290337083735,1.754903854756102,0.006224404413234675,-2.2061267725538203,False,D,1.9463400828015904
0.4430670386406717,0.205770479741326,1.1652664933776713,0.8450754975411878,1.4501830147432087,0.0,55.51957769934535,45.345877908743034,10.173699790602313,296669.6919943271,296669.6919943271,125.88157508204904,115560.0,53.08609484046883,13.086094840468832,622.4208017892042,1037.368002982007,0.004560402374103331,0.03151557688339674,0.04563334151627747,1.9972532716529587,0.0061720394053948946,-1.6190345756337563,False,D,0.991074385112173
0.3418472248565697,0.1557840177631133,1.3039307858570395,0.9876935576338277,1.6971842704590745,0.0,56.4833262281349,44.989088538500766,11.494237689634133,369829.14769211656,369829.14769211656,122.53684459361382,115560.0,53.442708268330875,13.442708268330875,755.2949466156257,1258.8249110260429,0.0033358833746888667,0.026254202895121315,0.04275776829747992,3.178336535628436,0.00494752040598043,-2.232625150664042,False,D,1.1561980727064056
0.4343945457292396,0.20335386513671774,1.1699480649409597,0.8519227999034076,1.4602814046937629,0.0,56.76091215954739,45.75065673051836,11.01025542902903,537738.6601624378,537738.6601624378,116.53494644389637,115560.0,54.133864342510094,14.133864342510094,1044.4224327140382,1740.7040545233972,0.004674273614655771,0.0341930633595183,0.04623386587908172,1.893421416617667,0.006285910645947335,-3.67598834923859,False,D,1.077531934241881
0.8950386660553821,0.41001606713395417,0.4619861238285799,0.263467909480966,0.45770742689593846,0.0,55.295524648216144,49.881544691152385,5.413979957063759,168913.35391915802,168913.35391915802,114.40518006808696,115560.0,54.39652218767844,14.396522187678443,322.07604451709625,536.7934075284937,0.0029154260218754273,0.02297134124798934,0.04238291409852375,2.7296344679661178,0.004527063053166991,-0.4688117732100697,False,D,0.3441516127962843
0.3328974588440971,0.14932039292457014,1.3239717301614315,1.0063464427819235,1.7319547930525014,0.0,57.00590205228633,45.04940800362556,11.956494048660772,566388.0452622856,566388.0452622856,119.53122553974346,115560.0,53.7801624638123,13.780162463812303,1128.3509530210117,1880.5849217016862,0.0018105477178785407,0.02195555571846591,0.029524786755114475,3.9230231502547857,0.0034221847491701044,-3.925113437063353,False,D,1.2355587466719715
0.29874204826620687,0.13659677767204698,1.9083174520230912,1.8206233801452505,3.130207468737186,0.0,63.17516799969388,43.72648059619803,19.448687403495853,306714.41033697507,306714.41033697507,107.15052461436265,115560.0,55.369431117245426,15.369431117245426,547.7434995731962,912.9058326219938,0.0033415888788537354,0.021624884195160402,0.047110497063961115,2.9716477013423033,0.004953225910145299,-1.6670818290171745,False,D,1.9807629851611348
0.9322742208913357,0.42537118443609173,0.398423514629233,0.22001525399855199,0.3841275918496745,0.0,55.589439463933616,50.665753529700964,4.923685934232651,101091.90710009875,101091.90710009875,111.61741086680343,115560.0,54.75544975585865,14.755449755858649,188.06028216834073,313.43380361390126,0.004094366756688804,0.022264859569420502,0.04768370925645638,2.253791479524924,0.005706003787980368,-0.02489623175735438,False,D,0.2809312355872115
0.39371255477788564,0.18439123646134475,1.2223797040019195,0.9059687261512248,1.5526861194193713,0.0,56.242705632304535,45.309113069441196,10.933592562863339,595932.2287678914,595932.2287678914,121.66405133633117,115560.0,53.53898560040989,13.538985600409887,1208.3921545631833,2013.9869242719724,0.004789410137781623,0.03692482742568456,0.04695713936534187,1.8570380207597723,0.006401047169073187,-4.192947135687355,False,D,1.15560272940047
0.9133405486430924,0.41906600432808705,0.4199182341231815,0.23755785105583713,0.41210227256186144,0.0,54.3970734559926,49.66511603537032,4.73195742062228,146970.05573114433,146970.05573114433,120.7477547067655,115560.0,53.64155691852818,13.641556918528181,295.7717373110645,492.95289551844087,0.0030644419747255787,0.030674272999820753,0.03410853796480474,2.242702550979118,0.004676079006017142,-0.2828923396927011,False,D,0.3110870564809087
0.9115322911168142,0.41908718452388405,0.4199997922372368,0.2374756103416778,0.4120800753212397,0.0,53.700077563262596,49.19614590864728,4.5039316546153145,135113.17464672553,135113.17464672553,126.91466240146347,115560.0,52.97974108959801,12.979741089598008,285.79738243798573,476.3289707299762,0.004006271458524278,0.026869716439689266,0.04822133623901761,2.4203032954291515,0.005617908489815842,-0.2212920494410222,False,D,0.3110733494010028
0.3326528016155272,0.15642483019964645,1.932223437662101,1.8773704257010106,3.2162342137522058,0.0,63.31158338414912,43.635280223136874,19.676303161012243,745292.2795496986,745292.2795496986,107.59874758753591,115560.0,55.30552532129076,15.305525321290759,1336.5419311034545,2227.569885172424,0.005082745576148783,0.04019395537638558,0.045270162882410064,1.3861817571659418,0.006694382607440347,-5.4808024308669445,False,D,2.1866160223900595
0.04153143113675875,0.017962733322200008,1.6909783576329338,1.4823547538355446,2.5427677075998294,0.0,59.48529202840564,44.00476614919501,15.480525879210632,645522.168464344,645522.168464344,116.23329100476474,115560.0,54.170482509290196,14.170482509290196,1250.5194342857144,2084.1990571428573,0.002728468109950782,0.026846103141307014,0.03452813738598509,2.4269999185350084,0.004340105141242345,-4.613236247516035,False,D,1.7477625017533505
0.10075416062065091,0.0453858229155721,1.5612222738852628,1.3022726600697097,2.2336052097943653,0.0,58.37982896522101,44.32650721828418,14.053321746936831,840607.2238268001,840607.2238268001,117.87155034290599,115560.0,53.973864325859665,13.973864325859665,1651.3946116985185,2752.3243528308644,0.002497008344496135,0.02215811065621253,0.03562387816220211,2.05381041303257,0.004108645375787699,-6.309628033276523,False,D,1.630578524035986
0.03552566461177545,0.01458017863740748,1.6260918369300295,1.3903254807867966,2.38455388557833,0.0,59.94855069519508,44.392100037732234,15.556450657462847,738343.4000508713,738343.4000508713,110.93186455345781,115560.0,54.84647304945133,14.846473049451333,1365.0968341397129,2275.161390232855,0.0026071885469803593,0.024356245071407063,0.03992530492221246,2.6499127400747264,0.004218825578271923,-5.420377391746707,False,D,1.6811591818282068
0.5833995805217325,0.26764697957042977,0.9844122903922438,0.668905975385697,1.1516463508813646,0.0,55.92169168177389,46.45783021977695,9.463861461996942,231546.5247358927,231546.5247358927,118.64888210648905,115560.0,53.882467849214606,13.882467849214606,457.8789385926031,763.1315643210052,0.0029501781130339575,0.025763541640805066,0.03510936829616966,2.3283059329326043,0.0045618151443255215,-1.0134480411816755,False,D,0.7820543360042503
0.4208337350828759,0.19562678859020963,1.9978698757928888,1.98903948237336,3.4146769194527637,0.0,62.89459517136373,43.292017763135505,19.60257740822823,546015.3089280793,546015.3089280793,113.4819596108656,115560.0,54.51343799911541,14.51343799911541,1032.7147872448434,1721.191312074739,0.0024692962282292356,0.025316642754630872,0.03282967531887974,3.168009454662579,0.004080933259520799,-3.747959208070255,False,D,2.228324536514932
0.2674863544865425,0.12196477778055208,1.388211851971337,1.0840525675045867,1.8618494844447027,0.0,57.18911605155688,44.801537957763685,12.387578093793195,482689.09848931944,482689.09848931944,120.0,115560.0,53.72642027106809,13.726420271068093,965.3781969786389,1608.963661631065,0.0030098079651634546,0.021044179063567744,0.038179677196157905,2.790027323816868,0.004621444996455018,-3.197296508602778,False,D,1.2907024058620415
0.34096529818347526,0.15722834496919816,1.2980336484104618,0.9834688132978008,1.6882073272040201,0.0,56.65669076610317,45.0708214412079,11.58586932489527,309000.4493137891,309000.4493137891,120.9631641458355,115560.0,53.61730424623181,13.61730424623181,622.9612011913465,1038.2686686522443,0.003485726525513042,0.028861680577085217,0.03974979560394566,1.841647507166578,0.005097363556804606,-1.6932671429506752,False,D,1.1311576030896362
0.7608812710053051,0.35201396490933007,0.688953769831757,0.4283579049980616,0.7376772762648397,0.0,56.6090595563511,48.76627842336427,7.842781132986829,103343.09195884095,103343.09195884095,108.19700198540168,115560.0,55.2210521298677,15.2210521298677,186.35687876413772,310.59479794022957,0.004399679067080548,0.034787669570678845,0.04640932417369028,1.6936325462377753,0.006011316098372112,-0.05339963910236886,False,D,0.49796610587410794
0.394004151197658,0.18457759523476552,1.2218814537424967,0.9054372521102262,1.551781728628455,0.0,57.19703687688195,45.62406772111626,11.57296915576569,330865.88345128833,330865.88345128833,114.88703248128942,115560.0,54.33624583177328,14.336245831773283,633.5366583169781,1055.8944305282969,0.005768785069631083,0.041260781425273084,0.04934104227219489,1.1665624349892525,0.007380422100922647,-1.877094638706855,False,D,1.0663392333113089
0.4066169116217628,0.19094641101340523,1.98661682335635,1.975762850221537,3.385876457690243,0.0,61.24048700300057,43.094721044665334,18.145765958335232,769151.0990941352,769151.0990941352,121.51234850985543,115560.0,53.555860712682545,13.555860712682545,1557.6892734977484,2596.148789162914,0.004103998688302713,0.03120373935578157,0.04675575301781625,1.8115917308266059,0.005715635719594277,-5.698195721481082,False,D,2.3000901081947664
0.3472631807704671,0.1608343758521514,1.287429848738165,0.9731560398443532,1.6695033527975947,0.0,59.1005198744233,45.87489542675729,13.225624447666007,350462.0546619442,350462.0546619442,105.12869048577556,115560.0,55.664456086647135,15.664456086647135,614.0602811927415,1023.4338019879026,0.004262091150874206,0.029898794075690495,0.049130890207477615,2.33494835475374,0.00587372818216577,-2.047496127495167,False,D,1.1343245554285948
0.5101234186388162,0.2298034695809583,1.1060932715614782,0.7771251287536304,1.3410099182367128,0.0,57.56073687589719,46.37837338720851,11.18236348868868,145181.54856473708,145181.54856473708,110.41095257668627,115560.0,54.91639144027579,14.916391440275788,267.16055122651767,445.2675853775295,0.0028348177851619384,0.025341200852871802,0.03615709143309035,2.2468106039225297,0.004446454816453502,-0.2624482483890181,False,D,0.8632239484063662
0.3686643613875705,0.17293824377722083,1.9591612952962576,1.9244320236062569,3.2982010005410314,0.0,60.334519416947956,43.06674471212716,17.267774704820795,608696.711637504,608696.711637504,125.1225091803982,115560.0,53.16535626342585,13.16535626342585,1269.3609981656966,2115.6016636094946,0.004782977350325162,0.03420527878771197,0.04681616652382473,2.013037169341259,0.006394614381616726,-4.32713559857609,False,D,2.1971780062885906
0.767506774675944,0.3419867372598182,0.7455451991613267,0.45838259765355965,0.7983254877994055,0.0,55.71248589838194,47.8664357087672,7.846050189614743,134759.39779456798,134759.39779456798,116.52005764309132,115560.0,54.13566726406043,14.13566726406043,261.70287998285556,436.1714666380926,0.0022788881680822336,0.02408080548313218,0.03410679137716047,3.027483133785862,0.0038905251993737976,-0.17182085038754766,False,D,0.5317885440975605
0.04056603689122018,0.017949508722297138,1.6900117583312766,1.482485979035995,2.5417536976524246,0.0,61.56964807380041,44.43833852393732,17.13130954986309,878775.8470922988,878775.8470922988,104.90320412175079,115560.0,55.69806247389539,15.69806247389539,1536.4400344131313,2560.7333906885524,0.003933290360706964,0.025411141650578273,0.04642272449705026,3.202366059382829,0.005544927391998528,-6.641529105150425,False,D,1.82093134340074
0.2546443009333218,0.11820726041236856,1.393811101286372,1.094631251637056,1.8768145963677023,0.0,57.64068732160263,44.90238407930542,12.738303242297206,496176.5394497203,496176.5394497203,116.91867432370482,115560.0,54.08755593997256,14.08755593997256,966.8717203830788,1611.4528673051313,0.0037302410146888123,0.03195541364326379,0.03908932548611939,1.685973140715355,0.005341878045980376,-3.3145786039106113,False,D,1.3073296289913507
1.0287216194097615,0.4657811163718201,0.21143411574155763,0.10562237878704654,0.18684454609597745,0.0,56.24595893916273,53.22044693136536,3.0255120077973743,82255.92902527217,82255.92902527217,104.98450053189768,115560.0,55.685929483513576,15.685929483513576,143.9266270750904,239.87771179181735,0.0034149354251838777,0.02791276662294197,0.042509801676264516,2.714100572475669,0.005026572456475442,-0.08017048454823546,False,D,0.1522914312014873
0.8180115474182202,0.37106555422211807,0.6245442069620833,0.37464689306632076,0.6496547852281511,0.0,54.837649893670005,48.282599864333065,6.55505002933694,138077.34127398382,138077.34127398382,120.63277635629258,115560.0,53.65453757934438,13.654537579344378,277.61088382959963,462.68480638266607,0.0038786590320083613,0.02698711998851718,0.04887864471021998,3.2696637669201305,0.005490296063299925,-0.20481021573647082,False,D,0.4527271804851728
0.0749320947316029,0.0346075129346899,1.7211253507968345,1.5301300053981477,2.6222155853770563,0.0,61.247605824523816,44.226946300841234,17.020659523682582,702162.040163125,702162.040163125,107.7054410525235,115560.0,55.29039163369788,15.29039163369788,1260.4445371018185,2100.7408951696975,0.004354123997032049,0.029828320317156452,0.045218036551478664,1.8935845708082053,0.0059657610283236125,-5.105756870983696,False,D,1.816161801374383
0.1854407556810073,0.08554290260080659,1.4709546576948118,1.187743082084189,2.036333798875712,0.0,57.450804569304694,44.497119267554865,12.953685301749829,646893.7396081436,646893.7396081436,120.76484195255907,115560.0,53.639629933307276,13.639629933307276,1302.033670397956,2170.056117329927,0.003482933075283202,0.033501982752384474,0.03827580903771408,2.2484022306123097,0.005094570106574766,-4.63016694908784,False,D,1.4541943592996578
0.6000408349318731,0.2654189499514727,1.0074431721008041,0.676557937416393,1.1744984452701621,0.0,55.005815852308444,45.949529444993686,9.056286407314758,197877.86790967832,197877.86790967832,127.44013281790431,115560.0,52.92630577148759,12.926305771487591,420.29302946888555,700.4883824481426,0.003944255140512526,0.019690357121394955,0.04807260088847724,3.8609063685541045,0.00555589217180409,-0.7707039452103848,False,D,0.7834275715791705
0.5294460290517785,0.24691023667309947,1.0432350749377495,0.72779888508668,1.2486929323887193,0.0,56.70366534613032,46.4310451798807,10.272620166249624,233492.3171181317,233492.3171181317,114.00157726828807,115560.0,54.44740152357957,14.447401523579572,443.6415405249052,739.4025675415087,0.004922562328735754,0.03346601755552374,0.04691857059164867,1.5817224581481368,0.006534199360027318,-1.0303679749402757,False,D,0.8495175321109442
0.09052209611431604,0.035369569195105206,1.5910733525244005,1.3324360564164641,2.293000813841774,0.0,57.75767886063824,44.05353084533499,13.704148015303247,256264.0435944384,256264.0435944384,123.54423489894947,115560.0,53.33327206222498,13.333272062224978,527.6657532997654,879.4429221662756,0.0029476737109355128,0.026036546365545577,0.039865299498682095,3.0298436927266192,0.004559310742227076,-1.251838911059432,False,D,1.4662900087345987
0.43131473034173934,0.20139671277218152,1.1760382702929888,0.8575097626326742,1.4702694179696632,0.0,56.29167955914244,45.55776652933156,10.733913029810878,266630.4565565554,266630.4565565554,120.09472943321586,115560.0,53.715610980441795,13.715610980441795,533.6818756469057,889.469792744843,0.005567232011494671,0.0409307937924228,0.047866290337083735,1.5147843360674251,0.007178869042786235,-1.3191437536884527,False,D,0.9960656690712973
0.10475578360204606,0.04784634411323229,1.5547092947632501,1.2951972955766382,2.220209429718683,0.0,62.78209969805795,45.40044430912013,17.381655388937816,225030.79178666588,225030.79178666588,94.81198646132353,115560.0,57.365362773323454,17.365362773323454,355.59360640430464,592.6560106738411,0.004998545445160819,0.03730494860113447,0.045852581114510134,1.1041956915020148,0.006610182476452383,-0.9567894937970947,False,D,1.42616456987797
0.2201707664722777,0.09940862374830016,1.4423662795931587,1.1483876691676065,1.9722360307785627,0.0,60.48020131504575,45.42895594740469,15.051245367641059,238250.70816886442,238250.70816886442,102.18231582232193,115560.0,56.11525267736806,16.115252677368062,405.75015178337935,676.250252972299,0.003642107168563237,0.026245527888292493,0.04275776829747992,2.15609664080845,0.0052537441998548005,-1.0717452884249081,False,D,1.2749211028859342
0.3462457211093511,0.15662468237669683,1.3038156078976393,0.9854120384954741,1.6949799841392985,0.0,56.544507318821786,45.00742370096083,11.537083617860958,483242.4553096434,483242.4553096434,122.18775118325448,115560.0,53.48105178674092,13.48105178674092,984.1051481759947,1640.1752469599912,0.002124354623695357,0.023882660887393815,0.031155014672875136,3.195229868558375,0.0037359916549869207,-3.2165063108235543,False,D,1.1882720058677911
0.058516754429756505,0.023716952355912566,1.6097254168947028,1.3646103379542152,2.34288044230283,0.0,59.25430431090774,44.3118898788623,14.942414432045439,449694.5407709306,449694.5407709306,114.40518006808696,115560.0,54.39652218767844,14.396522187678443,857.4564152088998,1429.0940253481663,0.0027194525110438225,0.02640227360021362,0.0373819300760804,2.793810262328843,0.0043310895423353864,-2.9103873110515703,False,D,1.5618267684391827
0.5270646189682555,0.21637618022957422,1.1780510157043045,0.8206293501669469,1.4363035430553224,0.0,56.0561311310081,45.441033815920264,10.615097315087837,164037.8413875079,164037.8413875079,124.38324860048166,115560.0,53.24347800835778,13.243478008357783,340.0593267531463,566.7655445885772,0.0017789820396629586,0.023352923739441075,0.027387265029121435,4.082266885160833,0.0033906190709545223,-0.45552450479379775,False,D,0.9107048735741372
0.18206451571155655,0.07956376066445216,1.4916757208985285,1.2053007628691694,2.0730134314197666,0.0,56.97380941715636,44.284033310605366,12.689776106550994,232327.34239100435,232327.34239100435,125.26171809695947,115560.0,53.15074829427931,13.15074829427931,485.02870114662954,808.3811685777159,0.003658120675637307,0.025422456663476572,0.04963681017662053,2.541958538936685,0.00526975770692887,-1.0553056409164006,False,D,1.331566969296508
0.5386595835233688,0.25045619308772377,1.0331421478018763,0.7177121287473803,1.2319589174598398,0.0,55.36990445015357,45.97046683339693,9.399437616756643,359788.1496281207,359788.1496281207,123.72354232913891,115560.0,53.313979822150145,13.313979822150145,741.9044060006227,1236.5073433343712,0.003589394252130071,0.032918399546719636,0.039491961022413494,2.226694925939611,0.005201031283421634,-2.1532533371594798,False,D,0.8790681705107167
0.3042623593665843,0.14244513742628362,1.3325029889065472,1.0255245112404157,1.7573386325501197,0.0,61.29737530342737,46.27950994562451,15.017865357802862,346056.102382879,346056.102382879,95.21704469521134,115560.0,57.29164399530066,17.29164399530066,549.173989460687,915.2899824344785,0.00536949014045657,0.039747494703293536,0.04695713936534187,1.169383756148094,0.006981127171748134,-2.0091834989815567,False,D,1.18915293176299
0.9155608792933069,0.41914919343321716,0.4212471321281951,0.23742676389646883,0.4125095285106837,0.0,54.00496892306637,49.388795184729645,4.616173738336727,156100.31717025267,156100.31717025267,124.26979552377439,115560.0,53.25554935683192,13.25554935683192,323.3092415990605,538.8487359984342,0.0028779547065257973,0.02936632485304876,0.03386027861731511,2.357709074161776,0.004489591737817361,-0.3857359666848249,False,D,0.31384984643870456
0.1708903126195501,0.07942245802078388,1.4841374204569393,1.2051647577131945,2.065414454628083,0.0,62.683927687088385,45.772748869228394,16.91117881785999,467946.78923543345,467946.78923543345,93.1719918529485,115560.0,57.67037168172112,17.67037168172112,726.6589072376202,1211.098178729367,0.003920244156676348,0.03020714686052478,0.045015272181957784,1.476968635789106,0.005531881187967912,-3.0691025150907256,False,D,1.4040805795836637
0.9647173526798485,0.4371842554769215,0.34733123565683977,0.18670990989098749,0.3273964390708856,0.0,54.785754783438506,50.59874149138466,4.187013292053848,120249.04335598796,120249.04335598796,117.12461959652141,115560.0,54.062827313629214,14.062827313629214,234.73539099859502,391.225651664325,0.002897042605357672,0.024747565282288532,0.036851321910704865,2.795045501782524,0.004508679636649236,-0.04564385526946052,False,D,0.24851551257981885
0.4039373561400977,0.1870862402171259,1.2178914645103776,0.8983454857532405,1.541903197511355,0.0,56.34483782094469,45.36325120212757,10.981586618817119,320690.2828721288,320690.2828721288,120.94604406466607,115560.0,53.61922861924148,13.619228619241483,646.4370180560453,1077.3950300934089,0.004267960070373139,0.028539922681332982,0.046926994932284735,2.166868232537754,0.005879597101664703,-1.7948053286405807,False,D,1.0514462771770492
0.19050647637390333,0.08406181055223318,1.4800849500351956,1.1923437049642438,2.0495471965562495,0.0,56.38053742097145,44.18200219253748,12.198535228433968,591079.9351743644,591079.9351743644,129.30681698629013,115560.0,52.739988143203334,12.739988143203334,1273.8444166976628,2123.0740278294384,0.0024126181346736247,0.022218983581931032,0.03424765514259989,3.7185989185855006,0.004024255165965189,-4.202875874318547,False,D,1.4408375728969336
0.7404588787363596,0.34247679750181215,0.7254481277264917,0.4555553817285455,0.7847363618600949,0.0,56.458559306182735,48.409025083494214,8.049534222688521,205610.41466972636,205610.41466972636,109.82436447200934,115560.0,54.995917616119414,14.995917616119414,376.35055199881674,627.2509199980279,0.0034789669633746036,0.02394119846597114,0.04123638687380223,2.2234465981263143,0.005090603994666167,-0.7879166493019684,False,D,0.5558462223838624
0.8524135679343047,0.3940457896814863,0.5225258953833624,0.30860157692593837,0.5324110174941903,0.0,53.96706918367528,48.55060430308947,5.416464880585806,183804.283843554,183804.283843554,125.78790661465665,115560.0,53.095824015241874,13.095824015241874,385.33926819144693,642.2321136524116,0.003562681707018324,0.03226008707468962,0.03829387008641622,2.345315334529962,0.005174318738309888,-0.6369556597944258,False,D,0.39958036361891675
0.8045411343588794,0.36922292404874635,0.6273946098533859,0.3795435943340634,0.6562316318119638,0.0,57.384571282159925,49.68658146404738,7.697989818112546,136020.55979895187,136020.55979895187,102.72107318401216,115560.0,56.03089427677048,16.030894276770482,232.86963129397398,388.1160521566233,0.0027626730581586803,0.027491205147248832,0.03608225813448879,2.0080194730880727,0.004374310089450244,-0.18278747651262497,False,D,0.4522101449855235
0.9731358562805931,0.44802873725833176,0.2864250831576867,0.15497659656785814,0.26955410255079226,0.0,53.558597392584375,50.2911621534642,3.267435239120175,111203.40887798881,111203.40887798881,126.12573131078244,115560.0,53.06080259250177,13.060802592501773,233.7601878164716,389.6003130274527,0.0036859704052303343,0.03318473834663916,0.038,2.1864831952115575,0.005297607436521898,-0.05104776092318701,False,D,0.21578731261977346
0.3497129846149784,0.15966367524845362,1.293447802013702,0.9766154821696252,1.6778391445847767,0.0,56.14802926574447,44.93612165231491,11.21190761342956,328920.19985558494,328920.19985558494,124.74724752182561,115560.0,53.20489670641871,13.204896706418708,683.8648264385502,1139.774710730917,0.003237796744504371,0.02894850895376582,0.03752492981527044,2.704269613395963,0.004849433775795935,-1.8917483619037723,False,D,1.130979237549999
0.36494820980641046,0.17135822121634164,1.9563454581062332,1.9199312986501318,3.289987647577704,0.0,63.78480936950979,43.60071685336629,20.184092516143494,661081.8354872825,661081.8354872825,106.76444480129706,115560.0,55.42490614552901,15.424906145529008,1176.3339189003686,1960.5565315006145,0.004082226589096848,0.03405442353226805,0.04075961117729353,1.6724417296337712,0.005693863620388412,-4.748537699889413,False,D,2.198698460222423
0.7936209433064183,0.35111198334234184,0.7152140644099941,0.4328624012644918,0.7559381214175711,0.0,55.210759131739565,47.81945819575316,7.391300935986408,127052.4756642516,127052.4756642516,120.0503946238845,115560.0,53.72066777204532,13.720667772045317,254.21166402391478,423.68610670652464,0.0030218286932035265,0.02299890082172081,0.04147753427400962,3.587406912250076,0.0046334657244950905,-0.19580230408335866,False,D,0.5059528992635149
0.1721593040768002,0.07761178342324025,1.491843423977955,1.2104860587340465,2.077973925582503,0.0,58.222169247194415,44.599480580201146,13.62268866699327,616137.7844276469,616137.7844276469,116.47837920619607,115560.0,54.14071665545214,14.140716655452138,1196.1121749638157,1993.5202916063597,0.002331432291894939,0.02164325469319292,0.034416981749996925,2.6449448228460533,0.003943069323186502,-4.357719864588234,False,D,1.4601160633682184
0.6279642946252795,0.2929349258095314,0.8963145828131117,0.596628572538256,1.0243602377864205,0.0,57.63525004371428,47.74540814148105,9.88984190223323,184721.5151295298,184721.5151295298,105.12869048577556,115560.0,55.664456086647135,15.664456086647135,323.65884983526416,539.4314163921069,0.00482266868598906,0.02665168256285593,0.047319759699573784,1.3122896899426024,0.006434305717280624,-0.6062740446046071,False,D,0.6985352365779954
0.44889466065485634,0.20626340106251367,1.1670586126850044,0.8437799338915477,1.4503594937835258,0.0,55.49482016309901,45.32674628838282,10.168073874716185,411788.3555295477,411788.3555295477,126.32488754390346,115560.0,53.04024419858757,13.040244198587573,866.9852950693177,1444.975491782196,0.002685250746324129,0.02574540987630332,0.0367034310893775,2.8416491764788434,0.004296887777615692,-2.623104646261824,False,D,1.023133949645215
0.35511279601444473,0.16372206950868926,1.2808532261572623,0.9649579951646247,1.6562468516051572,0.0,57.19607382470252,45.320532898562476,11.875540926140047,205492.95979691463,205492.95979691463,116.66954350699034,115560.0,54.11758650024143,14.11758650024143,399.5794968901058,665.9658281501764,0.004535346098645364,0.03559825025018168,0.04640541220307106,1.8985867798328602,0.0061469831299369275,-0.7868953025818664,False,D,1.0806905928090411
0.8273098368190932,0.38360419041543126,0.5640455060243247,0.33829677533643043,0.5827554483753082,0.0,55.77553977585842,49.30738683529967,6.468152940558753,127254.54246209672,127254.54246209672,111.87409602514734,115560.0,54.72165495953806,14.721654959538057,237.27478171734666,395.4579695289111,0.0044702063437157625,0.0337030517812568,0.046658564381861466,1.9476150192015096,0.006081843375007326,-0.10656123880084108,False,D,0.4131345547292238
0.707492434291874,0.328993348250785,0.7721325108555627,0.4938923178330122,0.8490386622458838,0.0,57.32807829864191,48.497262356176066,8.830815942465847,159805.7293905821,159805.7293905821,104.90320412175079,115560.0,55.69806247389539,15.69806247389539,279.40221750142507,465.67036250237516,0.003932312075135375,0.027957516029123615,0.04073420124938934,1.4123391484427739,0.005543949106426939,-0.38961503817897475,False,D,0.5817913468596327
0.01733925433011689,0.006447205299741383,1.6423363836400064,1.4137318235854397,2.4241678733447616,0.0,57.613210980173506,43.8115327378643,13.801678242309208,735929.8013910307,735929.8013910307,126.35890400552952,115560.0,53.036739234860875,13.036739234860875,1549.8547188129608,2583.0911980216015,0.0033471567267910397,0.024544364907647144,0.03908932548611939,2.1837211113619728,0.004958793758082603,-5.441959485505664,False,D,1.7179302083640253
1.0114467343327431,0.4472986410870216,0.3258074888725252,0.1614197272415058,0.28925334786122847,0.0,56.476805894556435,52.021025927804885,4.45577996675155,85201.24504795342,85201.24504795342,106.30372424942598,115560.0,55.491632504715085,15.491632504715085,150.9534943214235,251.58915720237252,0.0032555783965439204,0.017543963177705593,0.04211701392416346,2.785416391371425,0.004867215427835484,-0.06917695356883308,False,D,0.21216466183996968
0.9526436427648598,0.4362451044003932,0.3484121252979216,0.18896037279545685,0.33027519599270583,0.0,55.537275469701854,51.12923272244632,4.408042747255536,106459.6189451649,106459.6189451649,111.29316693438666,115560.0,54.79836167548967,14.798361675489673,197.47046905059048,329.1174484176508,0.003352274999878994,0.021488568010681306,0.04887864471021998,2.07054274392058,0.0049639120311705575,-0.02759826452749414,False,D,0.247522099672314
0.7745874111270453,0.35682337204405706,0.6724400716077307,0.4147359005088722,0.7152005245568844,0.0,54.5221572185431,47.77546672906897,6.746690489474133,193531.34867390286,193531.34867390286,123.59770588430477,115560.0,53.32751310591709,13.327513105917092,398.66717854649806,664.4452975774968,0.003150809942713027,0.03131411682970582,0.034930153201774936,2.218326901222567,0.0047624469740045906,-0.7066963172693485,False,D,0.5102980547529372
0.17027626355980316,0.07947265024859167,1.4834928796044464,1.2050126816497626,2.0646404517500514,0.0,58.60395058482857,44.73585093836857,13.868099646459996,546547.9530359862,546547.9530359862,113.61464274545017,115560.0,54.496518415079436,14.496518415079436,1034.9308404573442,1724.8847340955738,0.00541956540504006,0.042486087986374384,0.04451216362577223,1.22762406626154,0.007031202436331624,-3.7525908959650973,False,D,1.4413023556588933
0.7895947331395442,0.3691224775724628,0.6181149187244315,0.37946282265186065,0.6515504164110494,0.0,55.3772200406969,48.64899914758348,6.728220893113416,172975.57811737276,172975.57811737276,115.38466504601348,115560.0,54.27452301378344,14.274523013783437,332.6454857035599,554.4091428392666,0.005221789378912941,0.04149825276642352,0.04435588824281105,1.3962796805944742,0.006833426410204505,-0.5041354618901979,False,D,0.47366825143533503
0.4208987406088474,0.18818247413776473,1.2245996126739935,0.8958027035219861,1.5448884887546837,0.0,55.80398835806528,45.14831585444455,10.655672503620735,241708.35596638246,241708.35596638246,125.85086197518515,115560.0,53.08928336219316,13.089283362193157,506.986749082902,844.97791513817,0.003249976937609369,0.023149762285058002,0.04269809490614806,3.3198516181454663,0.0048616139689009324,-1.1408998198135731,False,D,1.018914429874222
0.9963509259240519,0.46218644231086986,0.21496330983201595,0.1144332240389449,0.198844086621121,0.0,54.77418855253774,51.99316547383012,2.7810230787076193,111001.85966914827,111001.85966914827,114.58643728773211,115560.0,54.37378880369755,14.37378880369755,211.9884605300083,353.3141008833472,0.004216136210138303,0.03311136456504703,0.043281719731998985,1.732040192134372,0.005827773241429867,-0.00015434491628199366,False,D,0.17416666881470833
0.6776366964932627,0.31512507657678795,0.8206834216279548,0.5334044113204877,0.9163047302213342,0.0,55.52870147072559,47.29351631921355,8.235185151512042,297446.69457764947,297446.69457764947,117.94393839728578,115560.0,53.96530235752283,13.96530235752283,584.7005770290427,974.5009617150713,0.003497479267401049,0.032689332112073324,0.037531396365198755,2.2742705064953337,0.005109116298692613,-1.5864929963273866,False,D,0.667562829464323
1.0010447992969338,0.4578066460426947,0.2447614023611174,0.12754827968658772,0.22363260949600575,0.0,57.99567599206978,54.19709487204898,3.798581120020799,74366.48042613044,74366.48042613044,94.81198646132353,115560.0,57.36536277332351,17.36536277332351,117.513895588976,195.85649264829334,0.0036070226806183786,0.028722927145167294,0.0490414101991938,2.2054628999242936,0.005218659711909942,-0.16494143513635365,False,D,0.17329719311504815
0.9794328756694474,0.4526443072532235,0.2634090946457501,0.14173574690345755,0.24650591954110887,0.0,55.26391131919314,51.83830357813258,3.42560774106056,132517.03909364072,132517.03909364072,111.64880528218275,115560.0,54.751308086959625,14.751308086959625,246.58948490562153,410.9824748427026,0.0032833847081939877,0.029176102459242972,0.03774163314203417,1.8915777685625415,0.004895021739485551,-0.1523220790751367,False,D,0.2062080242354743
0.5857115526926996,0.27416449222352574,0.9565591482044598,0.6501018258691991,1.1150177028787394,0.0,55.32714352785871,46.37945552255093,8.947688005307782,394075.9487964718,394075.9487964718,122.18775118325448,115560.0,53.48105178674092,13.48105178674092,802.5208996474705,1337.5348327457843,0.00424636809826201,0.029527039618034115,0.04329772107719358,1.4317061048730733,0.005858005129553574,-2.441145384622062,False,D,0.823806615505018
0.8203338859631971,0.379588917017538,0.5829126511883976,0.3498204900427129,0.6037148855410438,0.0,55.8747596952424,49.2062642910509,6.668495404191503,114464.96707010787,114464.96707010787,111.62612423929579,115560.0,54.75430002196566,14.754300021965662,212.9546772535794,354.924462089299,0.0037776945892285625,0.026859684035900867,0.0449488803627988,1.4723473274471295,0.005389331620520126,-0.024823620319917986,False,D,0.418311257162065
0.8668312528936611,0.40102216214042247,0.4931295272291771,0.2887115490432926,0.49821865679406113,0.0,54.818601374598586,49.315444245547724,5.503157129050862,164751.34191371338,164751.34191371338,118.08423621837589,115560.0,53.94873794527865,13.948737945278651,324.2422729305557,540.4037882175929,0.003507731621678838,0.03247124438838191,0.038143411300835504,2.1300792462800477,0.005119368652970402,-0.4326203644670728,False,D,0.3712960321474365
0.6265170498367013,0.2910522380733835,0.9043001452264866,0.6020364891101982,1.0346476624538021,0.0,59.30964202043458,48.419654632047184,10.889987388387397,144592.7839971908,144592.7839971908,96.21313542198806,115560.0,57.112994545249705,17.112994545249705,231.8620851293998,386.43680854899964,0.0036669380538262475,0.02727174653541989,0.04316546646218865,1.2953516565713923,0.005278575085117811,-0.2573285564973113,False,D,0.6874808868404113
0.9844970697620059,0.453727847382353,0.2592745001963157,0.13873565477746946,0.24162136373590576,0.0,53.88933577169945,50.812641352349885,3.0766944193495647,124329.89878438406,124329.89878438406,122.7357010462805,115560.0,53.420963743624725,13.420963743624725,254.32862147190792,423.8810357865132,0.004468856063955198,0.02970319683716921,0.04782835621779733,2.457365871274331,0.006080493095246762,-0.09917445441100116,False,D,0.20600224394793737
1.0000298070218754,0.4646911989479087,0.2013411375942863,0.10723706601565146,0.18603029653957914,0.0,57.733940638302215,54.58421050296397,3.1497301353382454,82471.63739356249,82471.63739356249,95.21704469521134,115560.0,57.29164399530066,17.29164399530066,130.8784263965017,218.1307106608362,0.004441321031522869,0.036731874701438516,0.04280852217750115,1.4735900266916249,0.006052958062814433,-0.16156594985395512,False,D,0.15701577421499963
1.008478184601502,0.46311074057384427,0.21777152767775243,0.1123176015385018,0.19716102128226157,0.0,54.81323441890788,51.98730256299632,2.8259318559115627,120607.05851361355,120607.05851361355,114.8037359552528,115560.0,54.3466295316631,14.346629531663098,230.7690149989436,384.61502499823933,0.0029528219188921655,0.025630094731919188,0.038637833924175254,2.1323016077114056,0.004564458950183729,-0.048757030553161294,False,D,0.17066140523510154
1.018070995242582,0.4711315093213281,0.17248764745093856,0.08908361229933984,0.1556969091180307,0.0,54.16667901140187,51.97114761111902,2.195531400282846,111959.67214465149,111959.67214465149,119.08338438477983,115560.0,53.83189931310301,13.831899313103008,222.20894455992436,370.3482409332073,0.003846002808122539,0.03241153879515436,0.04044244730212091,1.756786208265659,0.005457639839414103,0.0,True,D,0.14698361070667143
0.4770811778848916,0.22267013121956492,1.1156371149850093,0.7968832363634746,1.3669352268988861,0.0,56.00277266898462,45.7694288480738,10.233343820910818,455047.7520797833,455047.7520797833,120.73640093311568,115560.0,53.642837622251534,13.642837622251534,915.6804639802956,1526.1341066338261,0.0035495383780227647,0.028647222480985675,0.04017865330722318,1.6237364260569795,0.005161175409314329,-2.9617543254296934,False,D,0.9912228096571645
0.6627036301539301,0.3080817024489933,0.8457366246445787,0.5534872902569707,0.9510303361808267,0.0,57.33524604765938,47.963078092417675,9.372167955241707,146383.57571315963,146383.57571315963,106.09548496058137,115560.0,55.521981698699676,15.521981698699676,258.8439409258609,431.40656820976824,0.004185835958438762,0.034624772059867574,0.0418880299051376,1.3994166645464046,0.005797472989730326,-0.27290065837530114,False,D,0.6396429365672148
0.832286539482837,0.38891294748547506,0.5388482551566431,0.3230640489525483,0.5550996503519748,0.0,56.80940110012938,50.14854821220632,6.660852887923056,181824.02163132327,181824.02163132327,104.41543357205674,115560.0,55.771255224785705,15.771255224785705,316.4205675408274,527.3676125680457,0.004569268496840512,0.03534643605607122,0.0485251910817741,1.6899737332400784,0.006180905528132076,-0.5810784489680284,False,D,0.41484088764327076
0.043803707640467794,0.019597065314301585,1.692969791708535,1.4872358855788972,2.5495713409610716,0.0,58.044411297363865,43.69987636993028,14.344534927433585,1042565.6414450211,1042565.6414450211,125.57503659876575,115560.0,53.11798832763117,13.117988327631167,2182.003643017904,3636.6727383631733,0.0029136745663062296,0.030803145885862963,0.03339217234250418,2.657609839156899,0.004525311597597793,-8.102991714108374,False,D,1.8971729031688571
0.4433161738467021,0.20523560567701896,1.1676728301389756,0.8466251220206312,1.4535035269312344,0.0,55.26037533208887,45.244335135449546,10.016040196639324,377993.5491150182,377993.5491150182,128.14685550449857,115560.0,52.85512879206027,12.85512879206027,807.311412001247,1345.5190200020784,0.003321905065774058,0.028859087523926612,0.04012786103687314,2.333397442519233,0.004933542097065622,-2.341835660122192,False,D,1.0171363260507285
0.7692753094901509,0.3542271780066287,0.6840779440123201,0.4221896572974085,0.7288307668667715,0.0,54.229669093138114,47.5384823779566,6.691186715181516,251274.60025697364,251274.60025697364,126.48174540918141,115560.0,53.024097662933855,13.024097662933855,529.6941669582728,882.8236115971214,0.002979721920516809,0.021479257110898868,0.03757338391754375,2.489294092506838,0.004591358951808373,-1.2284104348908844,False,D,0.5379326923466301
0.9717807062296866,0.44879097247428534,0.2818291349088941,0.15272070134349294,0.26540585545569195,0.0,54.633106315256214,51.1555551425169,3.477551172739311,101497.23192437303,101497.23192437303,116.72202289999422,115560.0,54.11124992467404,14.111249924674041,197.44937048271157,329.08228413785264,0.003846002808122539,0.03241153879515436,0.04044244730212091,1.722187493204677,0.005457639839414103,0.0,True,D,0.20994289652127998
0.16510303450818564,0.07660661370648086,1.4907631262992398,1.2131952625786235,2.07942555402429,0.0,57.51860783933239,44.426956809432056,13.091651029900333,806723.6425155244,806723.6425155244,120.9631641458355,115560.0,53.61730424623181,13.61730424623181,1626.3974064988615,2710.6623441647694,0.0035854838597418285,0.026753032758063705,0.041548492494598174,1.6819476019232216,0.005197120891033392,-6.021294909922287,False,D,1.535202835751388
0.9353648805442834,0.4346484504296357,0.3436853637769697,0.19281650271651404,0.33299587732489444,0.0,55.93319889188194,51.4759295421058,4.457269349776141,111889.57505938024,111889.57505938024,107.70609761878332,115560.0,55.29029859722641,15.29029859722641,200.85315823116318,334.7552637186053,0.0043833046819130314,0.034630364457725785,0.04640932417369028,1.7012996115797272,0.005994941713204595,-0.05749050882418855,False,D,0.2565938883661247
0.3097280935225938,0.1429568756252431,1.3338934922806063,1.024127339650503,1.757251818904391,0.0,58.02302025020538,45.30438170134852,12.718638548856859,255234.30461233656,255234.30461233656,112.73810090918457,115560.0,54.609030118350006,14.609030118350006,479.57717981451924,799.2952996908655,0.00395264482302258,0.03505859652320948,0.04099427852175644,1.6657765149397739,0.005564281854314144,-1.2194287357594484,False,D,1.1550996938087121
0.8781678040309291,0.4014082998192883,0.49968872862008484,0.2880583263579191,0.5003363748858185,0.0,58.811336694720694,51.74666704873334,7.064669645987351,70191.80109976364,70191.80109976364,93.48445989139097,115560.0,57.6114348734219,17.6114348734219,109.36404357692246,182.27340596153743,0.0032692004684320526,0.02758045815158174,0.04317667939434411,1.7354352681123333,0.0048808374997236165,-0.17600415655245816,False,D,0.3393004422840652
0.22094946816479585,0.10296118706434705,1.4295988363967176,1.138071490414445,1.9505596506907796,0.0,57.71975945143595,44.75631404165489,12.963445409781059,845151.7467918085,845151.7467918085,117.49945783251141,115560.0,54.018041164583565,14.018041164583565,1655.0812005706243,2758.4686676177075,0.0037476148388747134,0.02748607844407641,0.04148481046998311,1.886139073013717,0.005359251870166277,-6.349145624276596,False,D,1.4694400054510952
0.3336659065708364,0.15619683409275414,1.9333465071861808,1.8767095104207898,3.2171854980049286,0.0,62.7382715852558,43.541929356852165,19.196342228403637,451353.75823322474,451353.75823322474,110.41095257668627,115560.0,54.91639144027579,14.916391440275788,830.573306593295,1384.2888443221584,0.003939025202838494,0.03031072234618967,0.044783457274676954,1.5873349611287295,0.005550662234130058,-2.924815288984563,False,D,2.087182458498243
0.47681599272565933,0.21948694870609825,1.1292058483307117,0.8060853133007078,1.3857731958633186,0.0,59.0384480753379,46.777433649272325,12.261014426065572,127491.04811460772,127491.04811460772,101.95532281593646,115560.0,56.15106157335498,16.15106157335498,216.63984944444863,361.06641574074774,0.0037212479826252897,0.029879628614235987,0.04189032397443575,1.3624253077080553,0.005332885013916854,-0.10861780969224107,False,D,0.8909182062815987
0.9687890878148708,0.44974273625579286,0.27386106814805633,0.14983366331353926,0.2593521123223055,0.0,53.99030872028084,50.74767825563117,3.2426304646496646,166098.56883705483,166098.56883705483,121.74004832277105,115560.0,53.53054763687226,13.530547636872257,337.01412994276944,561.6902165712825,0.004209214605959308,0.03220330587510618,0.046658564381861466,2.3643886718695564,0.005820851637250872,-0.45576579873609174,False,D,0.23069601269991058
0.1463827567899786,0.06812013509789502,1.5093464971351005,1.2373747907842136,2.120351145184258,0.0,61.838955181313224,45.419374159717165,16.41958102159606,652260.5622426174,652260.5622426174,97.50418402774194,115560.0,56.886864603279776,16.886864603279776,1059.9688982490431,1766.614830415072,0.0040406975795508095,0.027191874401606947,0.04285734680730678,1.34742696317794,0.005652334610842373,-4.671830976022759,False,D,1.4953437203027282
0.8087661407013903,0.36178165126811,0.6706986602940479,0.40194248280934003,0.701045587254365,0.0,54.46445649776439,47.73944449472879,6.7250120030356015,212262.2900726296,212262.2900726296,125.20680464278661,115560.0,53.156506796383326,13.156506796383326,442.9447181025707,738.2411968376178,0.003056447527208508,0.01957214013590838,0.042889019030936566,4.118959640605301,0.004668084558500072,-0.8804531726113698,False,D,0.5040439317680383
0.9644695376178709,0.44613821936951725,0.2939617191680457,0.16023919104447215,0.27822150305007687,0.0,54.573816901862074,50.98607850453993,3.5877383973221413,96140.91966382707,96140.91966382707,117.33671780453106,115560.0,54.03745046189357,14.03745046189357,188.01433266770948,313.3572211128492,0.004487827717627456,0.028855838127288765,0.04496272460045409,1.6289462446826657,0.00609946474891902,0.0,True,D,0.21842591197605807
0.8667945615533325,0.4003928154072624,0.49915422295069245,0.2906216400394676,0.5028342385515427,0.0,56.31384105152097,50.196291663669,6.117549387851966,157725.52386654692,157725.52386654692,107.54023844648063,115560.0,55.31383714043159,15.313837140431588,282.6973407617421,471.16223460290354,0.002792878753258028,0.02313856645025084,0.04004229575253754,1.7259940848302089,0.004404515784549591,-0.37152629449171237,False,D,0.3673774464537945
0.13332346050909763,0.061884985291096935,1.7724079600849325,1.6078796334269299,2.756099868130333,0.0,60.674803121231434,43.88649381745637,16.788309303775065,900108.5399895475,900108.5399895475,112.96957420396645,115560.0,54.57914916709211,14.579149167092112,1694.7479749995514,2824.5799583325856,0.0029526760123242605,0.02813208432806949,0.03720878952311615,2.0991135645146977,0.004564313043615824,-6.827030782517804,False,D,1.9586925552995689
0.6533682722053008,0.2981293551128916,0.8882363894481932,0.5822278923063329,1.0052027168379916,0.0,59.50644645011886,48.619365588768915,10.887080861349943,221883.99631965044,221883.99631965044,95.36165025448383,115560.0,57.26547781180659,17.26547781180659,352.6537342350281,587.7562237250469,0.0024618576514302943,0.019549850238505924,0.03628826494203578,2.755767229253245,0.004073494682721858,-0.9294260549534821,False,D,0.6866538929378933
0.5676862381430963,0.2637001330475837,0.9925344414148055,0.6799803455081619,1.167817063032368,0.0,56.33996940483706,46.583338467634576,9.756630937202488,154070.97242177892,154070.97242177892,115.51695725424375,115560.0,54.25820374900155,14.258203749001552,296.63016558944,494.3836093157334,0.004556303973692484,0.03573077271588067,0.043878988801704155,1.3197437709614601,0.006167941004984048,-0.33974758627633844,False,D,0.7729721949438284
0.7869613265004275,0.36017870109897643,0.6656474740750563,0.4054667848830045,0.7021128783218473,0.0,54.05251887410543,47.56306445611244,6.489454417992988,305638.71603701886,305638.71603701886,128.0491804207456,115560.0,52.86491933892785,12.864919338927848,652.279784889821,1087.1329748163685,0.0022715256681083147,0.018409110027077888,0.035989487937469804,2.9671199906931682,0.003883162699399878,-1.7119831994095298,False,D,0.5377198502349975
0.14963386860240746,0.06952376048676909,1.506298101468785,1.2333766943928555,2.1135838348615237,0.0,61.747756362824134,45.41315500240182,16.33460136042231,679894.6693036063,679894.6693036063,97.82844688925303,115560.0,56.831005147553356,16.831005147553356,1108.5506591042351,1847.584431840392,0.0036424181688601786,0.03086692987119209,0.038,1.4517884346995833,0.005254055200151742,-4.912127559161793,False,D,1.4984940387023924
0.2061766735471935,0.09498650420872769,1.4498909106316138,1.1608435314811245,1.9910054460335127,0.0,63.20254047227195,46.107754245309025,17.094786226962924,220988.27039215981,220988.27039215981,90.24867695393677,115560.0,58.24148478838515,18.24148478838515,332.3983170871877,553.9971951453128,0.004301483623075068,0.027857623015992837,0.047866290337083735,1.3394508555276392,0.005913120654366632,-0.921637133844868,False,D,1.2858436630692263
1.0179209487887817,0.4632202185700868,0.22501987802784787,0.11279051478726816,0.1997818330922147,0.0,54.92201025217133,51.98685632910184,2.9351539230694925,121880.03983062088,121880.03983062088,114.55722852322009,115560.0,54.377447329762845,14.377447329762845,232.7039929215934,387.83998820265566,0.004079882453681461,0.020542250815253744,0.047623462642767914,2.7569808981743003,0.005691519484973025,-0.05982643330974679,False,D,0.1760164868725751
0.9706408836736173,0.4524003189912167,0.25941512303460823,0.1421810070562729,0.2456400465023897,0.0,55.21176756683985,51.846520858252745,3.365246708587108,130535.0313781251,130535.0313781251,111.64880528218275,115560.0,54.751308086959625,14.751308086959625,242.90133834733174,404.8355639122196,0.004482723226624601,0.03416353730914544,0.0441491202233289,1.535495771649252,0.006094360257916165,-0.1350872293750009,False,D,0.21034785871069395
0.9699263528435211,0.45138989183499173,0.265337639688477,0.14509835705338436,0.2509876395067684,0.0,54.37203587156296,51.12962594792907,3.242409923633886,105834.04755128965,105834.04755128965,118.34273728198484,115560.0,53.91832041691214,13.918320416912138,208.74484808085606,347.9080801347601,0.00473328524877625,0.0328877153032366,0.04767401546235536,1.459392832911594,0.006344922280067814,0.0,True,D,0.20675552686538576
1.0265366067792216,0.4764059655156309,0.14571085386089602,0.07403225968213444,0.12969444411006936,0.0,54.452282930029014,52.52935398596537,1.9229289440636421,99702.50684568007,99702.50684568007,116.38897874043305,115560.0,54.1515598036238,14.151559803623798,193.40454916049563,322.34091526749273,0.004089029359438637,0.02699569706558045,0.0449488803627988,1.3359868523490694,0.005700666390730201,0.0,True,D,0.12763005431150742
0.8130751303320035,0.3805045593984388,0.572415338522279,0.3470157254229639,0.5958152983124514,0.0,56.80874531485364,49.84876540035765,6.959979914495989,152374.9508870677,152374.9508870677,104.85235844952686,115560.0,55.70566042378687,15.705660423786867,266.28121615233124,443.80202692055207,0.005444334353744202,0.03894743587123363,0.04853214229170193,1.3009190006603164,0.007055971385035766,-0.32499957293102355,False,D,0.43352202184039274
0.6946744509779081,0.3243933751954831,0.7871770187189324,0.5069629091829179,0.8706329821460363,0.0,55.914797290433,47.70159478436051,8.213202506072491,215791.254253975,215791.254253975,114.41590913478058,115560.0,54.39517453991135,14.395174539911352,411.4992089800523,685.8320149667538,0.004372001561016293,0.02620779624584042,0.047123259357148,1.3316496449286888,0.005983638592307857,-0.876445689165,False,D,0.615711435833548
0.9706909395852067,0.4462430161330099,0.2974577765726771,0.16019970776541875,0.2793818177074012,0.0,54.98279851671862,51.25422561014443,3.728572906574186,96054.26786479248,96054.26786479248,114.43341216391872,115560.0,54.39297657530744,14.392976575307443,183.1969604112542,305.32826735209034,0.0037461099259204315,0.02635634376849045,0.041411553951896225,1.8570881076488235,0.0053577469572119955,-0.0014295542813935664,False,D,0.21554055568510253
1.011234040521863,0.4732696831981651,0.1552741449567548,0.08265090295390244,0.14287521274528153,0.0,54.60874878357697,52.553495683527785,2.0552531000491854,110090.8281015559,110090.8281015559,114.82508299812855,115560.0,54.34396698762811,14.343966987628107,210.686474568231,351.14412428038503,0.0060695121908005654,0.03664258590140014,0.04985992325107617,1.0319710798335995,0.007681149222092129,0.0,True,D,0.14725314360773042
0.019040595625088697,0.00820056987711056,1.6369132342235742,1.4082322872384374,2.413066792745935,0.0,59.33484267426246,44.208611390882595,15.126231283379866,1040011.7264832736,1040011.7264832736,114.8037359552528,115560.0,54.3466295316631,14.346629531663098,1989.9538606258725,3316.589767709788,0.0038494327581384564,0.024937726287563414,0.04764200232979386,1.6652389594750496,0.00546106978943002,-8.043580230289335,False,D,1.8071843312811824
0.9986729006580752,0.46220861719000733,0.2170660543799526,0.11448507068533406,0.19957403660698894,0.0,54.48299934741192,51.73170914446848,2.751290202943437,116178.85384912354,116178.85384912354,117.0725730727718,115560.0,54.06906853493314,14.069068534933137,226.6892892793732,377.8154821322887,0.003961002910899634,0.027601897409754942,0.043281719731998985,1.7792964514647787,0.005572639942191198,-0.01025090303585685,False,D,0.17531284927589785
0.7066459082293844,0.3186526434134824,0.825055934367589,0.5242971496409441,0.9096636389360849,0.0,55.788653576697016,47.370009640533965,8.41864393616305,188294.1920581245,188294.1920581245,117.12461959652141,115560.0,54.062827313629214,14.062827313629214,367.56476028403625,612.6079338067271,0.0023663028965485665,0.01889152137617503,0.036851321910704865,2.8154151789116755,0.00397793992784013,-0.6373408005054304,False,D,0.6175946080438539
0.35847513243721374,0.16381770631973255,1.282975175342299,0.9647816371819553,1.657924585302857,0.0,56.41497242678366,45.06753880972576,11.347433617057902,620001.550977214,620001.550977214,122.42064186944219,115560.0,53.45544743397164,13.455447433971642,1265.0164638446704,2108.3607730744507,0.0036063145021295153,0.021280464679845863,0.0455487082911487,3.944925967658859,0.005217951533421079,-4.407263855120508,False,D,1.2199182959529975
0.4491950849783114,0.210195606073414,1.1509369480203806,0.8324259326868916,1.4272200315247834,0.0,57.231312368042495,46.01611751894643,11.215194849096065,343607.1040757403,343607.1040757403,112.9065063536262,115560.0,54.5872784912587,14.5872784912587,646.591294657978,1077.6521577632966,0.005039700589599186,0.028015584093084918,0.0485251910817741,1.2781456881855633,0.00665133762089075,-1.9878878615281768,False,D,0.993003162139357
0.43606956106825395,0.20278989582047946,1.173320730459381,0.8535615749524564,1.4644474730420964,0.0,55.64526936547941,45.34970923934861,10.295560126130795,500846.74416727875,500846.74416727875,125.06327085952623,115560.0,53.17158231933195,13.171582319331947,1043.958867081737,1739.9314451362284,0.0034697954234152485,0.03060194876735899,0.04387117193360229,2.5089422348753376,0.0050814324547068124,-3.3889070611851198,False,D,1.0664125619567113
1.0422588612863737,0.4859945540452326,0.0920508519009017,0.04651413748979623,0.08124614059647658,0.0,53.781053339052676,52.585217669658334,1.1958356693943415,108047.5012802427,108047.5012802427,121.06351749519251,115560.0,53.60603501260789,13.60603501260789,218.01017602587496,363.3502933764583,0.005539255741206386,0.0402042537103544,0.048333264755306894,1.5449819107096259,0.00715089277249795,-0.008862645793270948,False,D,0.10723432014949724
0.7555704277279761,0.3516513523705358,0.6886068573692119,0.42931813771678456,0.7384821766686274,0.0,57.185632999318045,49.0757760684516,8.109856930866442,134855.73155915606,134855.73155915606,104.45501603848768,115560.0,55.765290213489834,15.765290213489834,234.77262671489393,391.2877111914899,0.003990798594951291,0.027254787149235946,0.04418984284540346,1.1719719748503261,0.005602435626242855,-0.17265853529700922,False,D,0.5075758310405326
0.9319290058037029,0.4311810225652669,0.3632058489027471,0.20284622355948387,0.35153462994679613,0.0,54.79271565225304,50.46111522753819,4.33160042471485,95571.34147749926,95571.34147749926,116.5481064333064,115560.0,54.13227114984835,14.13227114984835,185.64431464155757,309.40719106926264,0.004113232952618481,0.027961331657684052,0.04490009634243333,1.4429975063046818,0.005724869983910045,0.0,True,D,0.2611913106127055
0.34299886294368587,0.15725207296797236,1.2998875299403247,0.9834705276157999,1.689802892060952,0.0,56.7776879265665,45.09796479210763,11.679723134458868,306218.9332039631,306218.9332039631,120.24734588572534,115560.0,53.69823213836622,13.698232138366222,613.7002329622462,1022.8337216037437,0.002989673535037034,0.023340676186528936,0.03974979560394566,1.850214431627382,0.004601310566328598,-1.6643881200497135,False,D,1.1282782639326907
0.9446294322764109,0.4381702503531743,0.32933964278391226,0.18284792510335832,0.31654042611557726,0.0,55.50034286670393,51.31050790685424,4.189834959849691,121043.25249673806,121043.25249673806,110.64947815104597,115560.0,54.8842942521008,14.884294252100801,223.22287870782264,372.0381311797044,0.004066668600597276,0.028375035205446614,0.04640932417369028,1.7432484585467112,0.00567830563188884,-0.05255002171076573,False,D,0.24822542674842288
0.8794964845107298,0.41012233259234027,0.45096842990054115,0.26264905647331566,0.4521821186952423,0.0,55.51202287357012,50.133622750554025,5.3784001230160925,137336.1381190133,137336.1381190133,111.98034661989901,115560.0,54.7077114181979,14.707711418197903,256.31580583342395,427.1930097223733,0.004417031315559232,0.0340345476216296,0.04533351762072273,1.3789704984313678,0.0060286683468507955,-0.19422728799142008,False,D,0.33790312046015003
0.9798881806196078,0.45308903956214436,0.26143298894232525,0.14046815019354222,0.24436184945803777,0.0,54.7315275017711,51.44615323834023,3.2853742634308674,111521.58938048789,111521.58938048789,115.67840556584842,115560.0,54.23833833908395,14.238338339083953,215.0106607617349,358.35110126955817,0.0036364110736274223,0.030294851481243293,0.04317667939434411,1.7820545914889154,0.005248048104918986,0.0,True,D,0.1996307414643937
0.6287967370369183,0.29293066068218804,0.8971224103116032,0.5966565808818728,1.0248949153530749,0.0,58.27014373396929,48.01796881273373,10.252174921235564,172518.28113990938,172518.28113990938,101.52480325670385,115560.0,56.21941644273727,16.21941644273727,291.91474251523374,486.52457085872294,0.003953016637086166,0.02665168256285593,0.04780482617401037,1.2673034541912263,0.00556465366837773,-0.5001589664339946,False,D,0.691440238445651
0.05633814149819066,0.02487445004960276,1.6039017329307497,1.3607458232412766,2.333027161583537,0.0,58.16567445549231,44.09234440397,14.073330051522305,338725.9495047935,338725.9495047935,120.9023467845035,115560.0,53.624142853919295,13.624142853919295,682.546036865646,1137.57672810941,0.004614945526577648,0.032763268148982505,0.04738059410589346,1.3698714768383835,0.006226582557869212,-1.951350035313431,False,D,1.5290228912836612
0.8201619840961153,0.38189350554405543,0.5694611633828611,0.34311474067907005,0.5903352032332669,0.0,56.85478908280936,49.89846289021847,6.956326192590893,114048.30252369,114048.30252369,104.68478666017621,115560.0,55.730753089635755,15.730753089635755,198.98537031079542,331.6422838513257,0.004498420696266303,0.032171663605622874,0.04716619238043948,1.3900384342816177,0.006110057727557867,-0.08266810014591447,False,D,0.4137912353595366
0.6816264641655809,0.3004766723894857,0.8991627796214089,0.5773203033372828,1.0068412759603098,0.0,56.82448852891332,47.34229827789653,9.482190251016789,219006.78864276028,219006.78864276028,111.87409602514734,115560.0,54.72165495953806,14.721654959538057,408.3531083796552,680.588513966092,0.0016602832840747503,0.017562797230125982,0.03182633928832704,3.5246952885661846,0.003271920315366314,-0.9044068577631329,False,D,0.6793694041336723
0.3984293885604409,0.18713390503142274,1.980712773207515,1.9648967737075858,3.367106139318454,0.0,62.21817564455779,43.26174786884127,18.95642777571652,623075.0182229808,623075.0182229808,115.78315583502174,115560.0,54.22547892301753,14.225478923017533,1202.35986553034,2003.9331092172333,0.004360215499383311,0.030239588937342562,0.043750077354715367,1.341465781956956,0.005971852530674875,-4.418043636721572,False,D,2.2371961794648576
0.022415956936592416,0.00823742976653115,1.6734854355748643,1.4520488576107686,2.494700767935137,0.0,58.04909514618146,43.77987177869949,14.26922336748197,923698.4446904988,923698.4446904988,124.84615098411496,115560.0,53.19445244843308,13.194452448433083,1922.0032581603693,3203.3387636006155,0.0027732881389311848,0.017342478190291145,0.0393152029891909,4.212101072915853,0.004384925170222749,-7.064403905339892,False,D,1.8189318925027569
0.9593505539294483,0.44714022389501645,0.2843709461909595,0.1571687789717018,0.27135070408985273,0.0,54.02399877291896,50.67028226313903,3.353716509779929,100784.81289157721,100784.81289157721,121.46694243102489,115560.0,53.56091977488876,13.56091977488876,204.0337177570471,340.0561962617452,0.005392883425417439,0.03701982118371632,0.04784421765564354,1.2839422883359235,0.007004520456709003,-0.01222452025854075,False,D,0.22030698645091554
0.607109672336565,0.28441939180082804,0.9229703350484038,0.620870910359931,1.0648752607332914,0.0,56.72283974647769,47.173335825660615,9.549503920817074,363332.5137991572,363332.5137991572,111.29316693438666,115560.0,54.79836167548967,14.798361675489673,673.9404351823325,1123.2340586372209,0.004522343840163471,0.025247810973432608,0.04887864471021998,1.3665596665062336,0.006133980871455035,-2.1594131634709326,False,D,0.7810534257638664
1.0392916165660133,0.4816405104951194,0.11858782391229827,0.05917446200421158,0.10394532902596931,0.0,54.65399073921185,53.04076963896955,1.6132211002422991,115414.52179950789,115414.52179950789,114.42576573451407,115560.0,54.393936702600115,14.393936702600115,220.10658389652428,366.84430649420716,0.004090393283331671,0.03233588839220713,0.049013590143807684,2.075609813052634,0.005702030314623235,-0.003604537387025092,False,D,0.11696079563976197
1.0312487709001648,0.4742273925342868,0.16124135852836427,0.08066084814188851,0.1421081408171866,0.0,55.17373338381378,52.957869717398694,2.215863666415089,95963.64754160632,95963.64754160632,111.3110150498412,115560.0,54.79599308422445,14.795993084224449,178.03018359568998,296.7169726594833,0.003386271071985927,0.02936401897382097,0.038411026363448925,1.8689448356966636,0.00499790810327749,-0.027449530232039523,False,D,0.1304242024680835
0.9699968279688977,0.44555785468610404,0.30267491601823515,0.16226574705387947,0.2834910839832922,0.0,54.85416455831512,51.10156030546233,3.752604252852791,94373.60228461551,94373.60228461551,115.63779348038429,115560.0,54.24333024097007,14.243330240970067,181.88591884980488,303.14319808300814,0.00371032649745681,0.023276602288303586,0.0443445946874886,1.7681855077657844,0.005321963528748374,0.0,True,D,0.2171309423529493
0.6072944110366741,0.2822778979806229,0.9324906928559883,0.6270271513623443,1.0769374762273893,0.0,56.91035847612318,47.18990277254949,9.720455703573691,121275.71753677323,121275.71753677323,110.39163665554545,115560.0,54.918996746860785,14.918996746860785,223.1304157576672,371.8840262627787,0.004981137093184648,0.036814195253270524,0.04619111746449753,1.285669332818665,0.006592774124476212,-0.05457145684150632,False,D,0.70969318517069
0.7965578406430266,0.3690103990036623,0.6235015367345501,0.3799169758414702,0.6547036855371288,0.0,54.83905986912998,48.30085129958502,6.538208569544963,168919.5623252567,168919.5623252567,120.0,115560.0,53.72642027106809,13.726420271068093,337.8391246505134,563.0652077508556,0.003506047624718105,0.029514532754940467,0.04134267239664234,1.8351814964103725,0.005117684656009668,-0.46886575935005825,False,D,0.46694075143256947
0.10198466808766872,0.04666666059268723,1.5572287715686395,1.2985556939182483,2.2259921001191514,0.0,58.25523077341359,44.31469570501963,13.940535068393956,1066138.9514338318,1066138.9514338318,118.47332425117438,115560.0,53.903004775752834,13.903004775752834,2105.1504281671237,3508.5840469452064,0.003478603254247409,0.02330519101120775,0.04465243887240923,2.5070231453759373,0.005090240285538973,-8.270773490728972,False,D,1.7072964659545007
0.9952667230979603,0.46269213775437035,0.2118343128377591,0.11294587902829244,0.19611605866983958,0.0,54.76732613853966,52.023539374922166,2.743786763617493,117456.86776913151,117456.86776913151,114.55722852322009,115560.0,54.377447329762845,14.377447329762845,224.2588873775007,373.76481229583453,0.004047274813220258,0.03246019916592778,0.04264978546381687,1.4181700291607795,0.0056589118445118216,-0.021364067557665303,False,D,0.17409814845285715
0.8908095782055505,0.4165358023914285,0.42150538918807584,0.24433419487652885,0.42014696141836716,0.0,55.486844470353276,50.39265762404341,5.094186846309867,168432.13221053896,168432.13221053896,111.64880528218275,115560.0,54.75130808695968,14.751308086959682,313.42077220728873,522.3679536788146,0.00464452261614297,0.03580395410657732,0.04531311693306225,1.3518712458050355,0.006256159647434534,-0.46462723661338223,False,D,0.3298975642190481
1.0488009800172429,0.48801759419219665,0.08380070558662338,0.040919026898035456,0.07208511281881484,0.0,53.760087318756405,52.666565815108015,1.0935215036483896,115689.76462024896,115689.76462024896,121.3126694844925,115560.0,53.57813683041604,13.578136830416042,233.9105696352499,389.8509493920832,0.004751839378861697,0.029592469754713715,0.04581250366419816,1.5110701893924225,0.006363476410153261,-0.014605664563407166,False,D,0.10108473486188307
1.0252693086168878,0.47703549898425035,0.14039013810335293,0.07211086750287046,0.12590551677530412,0.0,54.12475423276277,52.30934932469927,1.815404908063499,111053.31726711405,111053.31726711405,118.87104044369198,115560.0,53.85656635914751,13.856566359147507,220.01705613775454,366.6950935629242,0.004424323826833632,0.03068218570212119,0.046637991780102694,1.4083452195394053,0.006035960858125196,0.0,True,D,0.13088896919608226
0.930112712058096,0.41677835402873437,0.4470767231536908,0.24561797280931483,0.4318062375734451,0.0,55.817756407845934,50.3422657467367,5.475490661109234,157523.63932981118,157523.63932981118,111.27989286863294,115560.0,54.800123744643656,14.800123744643656,292.15356181497606,486.9226030249601,0.0031322216934596323,0.019260041783962446,0.042721249795832195,3.6779525830357667,0.004743858724751196,-0.36977077678096676,False,D,0.3227940764994289
0.7851186838400365,0.3662526554995093,0.6305644106214624,0.38766456061220084,0.6661998622071978,0.0,55.343804802308796,48.53376272340557,6.810042078903223,228064.9659212921,228064.9659212921,115.91621546969654,115560.0,54.209177629797864,14.209177629797864,440.6071288470249,734.3452147450415,0.004018564326320155,0.0317566976631749,0.040741088590489485,1.6929368873253816,0.0056302013576117185,-0.983173616706888,False,D,0.4961400151045493
0.9816246234749967,0.45165553092145766,0.2702468706668653,0.14470730039468038,0.25220570592756586,0.0,54.92283959806264,51.49813161372788,3.424707984334759,93310.31812763133,93310.31812763133,114.43341216391872,115560.0,54.39297657530744,14.392976575307443,177.9636348907602,296.606058151267,0.0037852929880672404,0.032850432414668417,0.042774707153016414,2.010750587177142,0.005396930019358804,-0.0014295542813935664,False,D,0.19852210338183388
1.0359898931995426,0.4816310507233804,0.11626733793426205,0.059030481551637856,0.1031655574702571,0.0,54.60795230394058,53.03017715637941,1.5777751475611694,115126.77500795554,115126.77500795554,114.59987923078705,115560.0,54.37210576680371,14.372105766803713,219.891908535695,366.48651422615836,0.00431678465488042,0.037606169504758036,0.0404814741669276,1.5776744697304044,0.0059284216861719835,-0.0011023913735264416,False,D,0.1175092354151208
1.015437291755656,0.46936476608389804,0.1822531098278627,0.0941704992765173,0.16470043162795406,0.0,54.97742802011146,52.53863744418578,2.4387905759256796,109262.71702884689,109262.71702884689,112.80710652483933,115560.0,54.600109357603515,14.600109357603515,205.42684931777512,342.37808219629187,0.003935810052553956,0.03067052168833404,0.04984775268650038,2.0952259203172643,0.0055474470838455196,-0.014982101273721744,False,D,0.1511478791804142
1.0308280382973447,0.4764010812245277,0.14673157218819893,0.0741752411795327,0.13012620155303078,0.0,54.688622387356475,52.72129337419278,1.9673290131636918,97650.17422586992,97650.17422586992,114.58643728773211,115560.0,54.37378880369755,14.37378880369755,186.48975941781265,310.81626569635444,0.004010434121239275,0.03176342828680938,0.04127639717066863,1.8029758682458046,0.005622071152530839,-0.00015434491628199366,False,D,0.1266561439477104
0.8164713242712385,0.3753791977976663,0.6022021938681372,0.3619542423269656,0.625633501506632,0.0,56.37718172545311,49.332972643689914,7.044209081763199,150416.57334065458,150416.57334065458,108.62433737732499,115560.0,55.16128126836122,15.161281268361222,272.31501016160684,453.8583502693447,0.0028327527744977142,0.026171416428213915,0.036851321910704865,2.1000728628833287,0.004444389805789278,-0.3079702029622137,False,D,0.43903990950845156
0.8995309232702663,0.41314760917747895,0.4451401463850927,0.25437459996836254,0.4407848291110551,0.0,55.69372432891947,50.29844159864598,5.395282730273493,185130.5665207414,185130.5665207414,111.05760699580112,115560.0,54.82969361296,14.82969361296,342.66929499284197,571.1154916547366,0.002968679814864101,0.02640991512689627,0.03826949867630672,2.9820289174571184,0.004580316846155665,-0.6098310132238384,False,D,0.33974775094700027
0.32449777330742685,0.151826516413586,1.3088537789529338,0.9987878812181257,1.7118269762674994,0.0,56.88153533181321,45.08854455440502,11.792990777408193,531505.6013562088,531505.6013562088,119.4916960342083,115560.0,53.78471353134603,13.784713531346029,1058.5084292955864,1764.1807154926441,0.00463658486579745,0.03383283353912416,0.04925262353284424,1.482065081057617,0.006248221897089014,-3.6217878378800763,False,D,1.2263023439406202
0.9211000752948214,0.40768541859492663,0.4974613181642744,0.27284955737438726,0.4823545638532961,0.0,56.742103682836614,50.445572981696955,6.296530701139659,141679.61566097615,141679.61566097615,106.420878875543,115560.0,55.47461027369036,15.47461027369036,251.29448695650382,418.8241449275064,0.0018459098227556754,0.01752634778704819,0.03265647045330056,3.1828922162337547,0.003457546854047239,-0.23199665792153176,False,D,0.3410941863673762
0.2571979693890876,0.11873490994615712,1.3935669389720873,1.0931554838752215,1.8752262989671211,0.0,57.275220983401766,44.80150937971331,12.473711603688457,630356.2210323671,630356.2210323671,119.44241865634238,115560.0,53.79039109136971,13.790391091369713,1254.8545275862982,2091.4242126438303,0.0029128937419072125,0.024626901592958744,0.03558136374385437,2.160066975118246,0.004524530773198776,-4.481358443759714,False,D,1.3494614939239804
0.8534974441939097,0.39852861077890506,0.49941731744321255,0.295669319308184,0.5083956444078676,0.0,56.80482231883349,50.51058375515754,6.294238563675947,140394.84727307624,140394.84727307624,103.9359224217073,115560.0,55.843876961062904,15.843876961062904,243.20113257636496,405.3352209606083,0.00456377060864201,0.03663674568492817,0.0456840865907643,1.363169728811252,0.006175407639933574,-0.22082475889631517,False,D,0.3732023117257382
1.035987817393162,0.48163099187111086,0.11626656529350689,0.05903057303095547,0.10316547262367835,0.0,54.60794191432234,53.03017815697558,1.5777637573467587,115126.34910952751,115126.34910952751,114.59987923078705,115560.0,54.37210576680371,14.372105766803713,219.8910950705547,366.48515845092453,0.004317050656128413,0.0376085622200263,0.0404814741669276,1.577473727905356,0.005928687687419977,-0.0010986879089348645,False,D,0.11751015406552884
1.035989544006087,0.48163104806606144,0.11626704612407053,0.059030470834922966,0.10316546132127973,0.0,54.6079492901066,53.03017829026487,1.5777709998417322,115126.72056794606,115126.72056794606,114.59987923078705,115560.0,54.37210576680371,14.372105766803713,219.89180455538647,366.48634092564413,0.004316869464058743,0.037607741199058804,0.0404814741669276,1.5776721305785644,0.005928506495350307,-0.001101917982139655,False,D,0.11750951423067257
1.0359881461772886,0.48163100096560935,0.11626669302801004,0.05903055937155732,0.10316548872830784,0.0,54.60794360245728,53.03017796705359,1.5777656354036935,115126.41499831981,115126.41499831981,114.59987923078705,115560.0,54.37210576680371,14.372105766803713,219.8912209180154,366.4853681966923,0.004317059664217626,0.037606169504758036,0.0404839741669276,1.5776744697304035,0.00592869669550919,-0.0010992608549549123,False,D,0.11751020082781637
1.0359895919483928,0.4816310483116527,0.11626708772589431,0.05903047268462592,0.10316547531179998,0.0,54.60794971585409,53.030178125274574,1.5777715905795162,115126.72802880646,115126.72802880646,114.59987923078705,115560.0,54.37210576680371,14.372105766803713,219.8918188056148,366.48636467602466,0.004316874887596616,0.037606169504758036,0.0404814741669276,1.5776744697304041,0.00592851191888818,-0.001101982859186651,False,D,0.11750954038054698
1.0356126839525472,0.4814634796482309,0.11711448983858254,0.05950590417951616,0.10398133029927903,0.0,54.6091210668684,53.02056384092185,1.5885572259465448,115294.324238909,115294.324238909,114.59987923078705,115560.0,54.37210576680371,14.372105766803713,220.21192722956962,367.0198787159494,0.00431678465488042,0.037606169504758036,0.0404814741669276,1.5776744697304041,0.0059284216861719835,-0.0025593412079043566,False,D,0.11806742046013965
1.0360098953364965,0.48164053279674585,0.11621864282101575,0.05900352803215686,0.10311914208737231,0.0,54.607878550863006,53.03072455622333,1.5771539946396729,115127.88233178841,115127.88233178841,114.59987923078705,115560.0,54.37210576680371,14.372105766803713,219.89402352198692,366.49003920331154,0.00431678465488042,0.037606169504758036,0.0404814741669276,1.5776744697304037,0.0059284216861719835,-0.0011120202764209471,False,D,0.11748109784025162
1.0359901108110505,0.48163117991068133,0.1162666260971725,0.05903011169249861,0.10316491003263722,0.0,54.60744182689638,53.02973071814466,1.5777111087517142,115134.73899021001,115134.73899021001,114.60387923078706,115560.0,54.37160501146366,14.371605011463657,219.914795375037,366.524658958395,0.00431678465488042,0.037606169504758036,0.0404814741669276,1.5777295369601536,0.0059284216861719835,-0.0011716433931305327,False,D,0.11751199773596183
1.0894870269819392,0.5064463978827689,0.035560275383443286,0.01280534558022003,0.022400705518063443,0.0,58.70996624347845,58.05807545618762,0.6518907872908244,59689.95396080022,59689.95396080022,90.0,115560.0,58.29177602660246,18.291776026602463,89.53493094120034,149.22488490200058,0.00469245883292826,0.0394625291200948,0.04196319929036585,1.1322605239333012,0.006304095864219824,-0.2050413223140496,False,D,0.04987389897542813
1.0411887548220728,0.4840667704278978,0.10376665430850035,0.052112281544241974,0.09125615153391983,0.0,54.90899516984757,53.460639315408685,1.448355854438887,108507.21389633433,108507.21389633433,112.13989130770835,115560.0,54.68682349293164,14.686823492931637,202.79978620728656,337.99964367881097,0.004353592882858563,0.03779130768111337,0.04062964667927142,1.5296791616606662,0.005965229914150127,-0.02054222808314669,False,D,0.1078299464830575
1.0367316046247674,0.48197881179370017,0.1144868121242241,0.05804235608547101,0.10146507236175749,0.0,54.650201515894935,53.090377380912116,1.5598241349828186,114164.76770092006,114164.76770092006,114.24813238094988,115560.0,54.41627742239706,14.416277422397059,217.38519155891842,362.3086525981974,0.004322037450811411,0.037632635121350476,0.04050266094348062,1.5707615918665714,0.005933674482102975,-0.0029735524728005482,False,D,0.11611973170223638
1.0362830262356677,0.4817685002283815,0.11556377036050253,0.05863992032211027,0.10249345119559168,0.0,54.624622281300276,53.05392161571541,1.5707006655848659,114745.87311226485,114745.87311226485,114.46083395821881,115560.0,54.38953439866424,14.389534398664239,218.8984721615632,364.8307869359387,0.004318860670169767,0.037616631073338284,0.04048984928420874,1.574939800923949,0.005930497701461331,-0.0012010393288926498,False,D,0.11695974286553032
1.0361417369575956,0.48170225163446395,0.11590290701763531,0.058828162813759084,0.10281739557863483,0.0,54.61658293731989,53.04246914227588,1.5741137950440134,114929.35154762154,114929.35154762154,114.52784836166279,115560.0,54.381129203364424,14.381129203364424,219.37685577250392,365.6280929541732,0.0043178600445968095,0.037611588960801794,0.04048581280401778,1.5762574758895866,0.005929497075888373,-0.0006425859668595891,False,D,0.11722454042894564
1.0361396615918976,0.48170219281175886,0.11590213448436552,0.058828254057641166,0.10281731077295293,0.0,54.61657254363632,53.04247014364779,1.5741023999885329,114928.92647567822,114928.92647567822,114.52784836166279,115560.0,54.381129203364424,14.381129203364424,219.3760443962528,365.6267406604214,0.004318126084104581,0.0376139816984608,0.04048581280401778,1.5760569413812928,0.005929763115396145,-0.0006425859668595891,False,D,0.11722545929310021
1.0361413877912615,0.48170224897852243,0.11590261522002494,0.05882815205452174,0.10281729946327459,0.0,54.61657992190317,53.04247027719066,1.5741096447125074,114929.29720575018,114929.29720575018,114.52784836166279,115560.0,54.381129203364424,14.381129203364424,219.3767520448772,365.6279200747954,0.004317944877154279,0.037613160866891,0.04048581280401778,1.576255138839052,0.005929581908445843,-0.0006425859668595891,False,D,0.11722481932124092
1.036139990070339,0.48170220189501706,0.11590226211323602,0.05882824044590413,0.1028173268601215,0.0,54.61657423125581,53.04246995369306,1.5741042775627534,114928.99218779251,114928.99218779251,114.52784836166279,115560.0,54.38112920336448,14.38112920336448,219.3761698273705,365.62694971228416,0.004318135085351213,0.037611588960801794,0.040488312804017774,1.576257475889586,0.005929772116642777,-0.0006425859668595891,False,D,0.11722550601076052
1.036141435697159,0.48170224922373206,0.11590265679272108,0.05882815390896963,0.10281731343981013,0.0,54.61658034759347,53.04247011215796,1.574110235435512,114929.30464806779,114929.30464806779,114.52784836166279,115560.0,54.381129203364424,14.381129203364424,219.37676625075426,365.62794375125713,0.004317950297086459,0.037611588960801794,0.04048581280401778,1.5762574758895866,0.005929587328378023,-0.0006425859668595891,False,D,0.1172248454553812
1.035764418050398,0.48153463525964935,0.1167504354134315,0.05930370214642688,0.10363338867847972,0.0,54.61775260928488,53.032841139750474,1.5849114695344042,115096.70879893724,115096.70879893724,114.52784836166279,115560.0,54.381129203364424,14.381129203364424,219.6963068708524,366.1605114514207,0.0043178600445968095,0.037611588960801794,0.04048581280401778,1.5762574758895864,0.005929497075888373,-0.0008409460777151095,False,D,0.11778280048162626
1.036161730365297,0.48171172957138153,0.11585422451889747,0.05880122159890914,0.10277100044377445,0.0,54.616509175627755,53.04301699157446,1.5734921840532934,114930.45644150037,114930.45644150037,114.52784836166279,115560.0,54.381129203364424,14.381129203364424,219.37896479114744,365.63160798524575,0.0043178600445968095,0.037611588960801794,0.04048581280401778,1.5762574758895866,0.005929497075888373,-0.0006425859668595891,False,D,0.11719641309362971
1.036141954399328,0.48170238079996835,0.1159021950567145,0.05882779301208034,0.10281674821866892,0.0,54.61607183785179,53.04202199921099,1.5740498386408035,114937.30679619154,114937.30679619154,114.53184836166278,115560.0,54.380627819043866,14.380627819043866,219.39970321798873,365.6661720299812,0.0043178600445968095,0.037611588960801794,0.04048581280401778,1.5763125282632557,0.005929497075888373,-0.00060925263352632,False,D,0.11722729821153971
1.1006808602606237,0.510416979722183,0.05965306405597165,0.02381554960408778,0.04199147759370248,0.0,53.81359771602928,53.01305711371111,0.8005406023181649,114341.91300161973,114341.91300161973,124.4680180176586,115560.0,53.23447292735938,13.234472927359377,237.19852146098594,395.33086910164326,0.004203745312584814,0.03704853094804829,0.04000987072368881,1.7601605908795064,0.005815382343876378,-0.03723348348048828,False,D,0.08123303957439662
1.0425628841298602,0.48458896400487467,0.10120309042116211,0.050640697048634054,0.08874824598447739,0.0,54.47060804953139,53.097245973199165,1.3733620763322278,115145.99586849485,115145.99586849485,115.52186532726236,115560.0,54.257599018146436,14.257599018146436,221.69800379489618,369.49667299149365,0.004306372210030698,0.03755521266255462,0.04043821859598488,1.594229951045984,0.005918009241322262,-0.0012695292912595702,False,D,0.10872322226247962
1.0425607622276245,0.48458890441986885,0.1012022977938611,0.05064077910352092,0.08874816004449707,0.0,54.47059751842977,53.09724700538794,1.373350513041828,115145.56078489889,115145.56078489889,115.52186532726236,115560.0,54.257599018146436,14.257599018146436,221.69716610041988,369.4952768340331,0.0043066378519858355,0.037557605029495775,0.04043821859598488,1.5940268570757596,0.005918274883277399,-0.0012657459556425,False,D,0.10872412609188688
1.0425625274853412,0.48458896130948576,0.1012027918163217,0.050640683712419345,0.08874814883626765,0.0,54.47060499709778,53.097247140005265,1.3733578570925147,115145.94029321497,115145.94029321497,115.52186532726236,115560.0,54.257599018146436,14.257599018146436,221.69789679222956,369.49649465371596,0.004306456806073794,0.03755678245571706,0.04043821859598488,1.5942275873419225,0.005918093837365358,-0.001269046027956242,False,D,0.10872349703117229
1.0425610993968288,0.4845889136604033,0.10120242918879792,0.05064076692248267,0.08874817638084657,0.0,54.47059923466105,53.097246809178955,1.3733524254820964,115145.62832448356,115145.62832448356,115.52186532726236,115560.0,54.257599018146436,14.257599018146436,221.6972961387333,369.4954935645555,0.004306646887395157,0.03755521266255462,0.04044071859598488,1.594229951045984,0.005918283918686721,-0.0012663332563788256,False,D,0.1087241751572751
1.0425625765931588,0.4845889615610113,0.10120283449128507,0.050640685933310746,0.08874816300586452,0.0,54.470605429384705,53.09724696982022,1.3733584595644857,115145.94793182085,115145.94793182085,115.52186532726236,115560.0,54.257599018146436,14.257599018146436,221.69791149932954,369.4965191655492,0.0043064622415754285,0.03755521266255462,0.04043821859598488,1.5942299510459839,0.0059180992728669925,-0.0012691124506160596,False,D,0.1087235236954196
1.0421818731384027,0.48442003223180774,0.10206311318452238,0.0511192669421339,0.08957058375552687,0.0,54.471769232561826,53.087376664935334,1.3843925676264917,115317.04600884998,115317.04600884998,115.52186532726236,115560.0,54.257599018146436,14.257599018146436,222.02733764953476,370.0455627492246,0.004306372210030698,0.03755521266255462,0.04043821859598488,1.594229951045984,0.005918009241322262,-0.0027569218160868013,False,D,0.10928656072259822
1.0425824597221869,0.48459824486703534,0.10115507481130345,0.050614347006969505,0.08870281333822093,0.0,54.47053663537156,53.09779166821403,1.37274496715753,115147.07736199939,115147.07736199939,115.52186532726236,115560.0,54.257599018146436,14.257599018146436,221.70008606401257,369.50014344002096,0.004306372210030698,0.03755521266255462,0.04043821859598488,1.594229951045984,0.005918009241322262,-0.0012789335826033494,False,D,0.10869569105613157
1.0425630971987818,0.48458909076831513,0.10120238669407121,0.050640334216829536,0.0887476106903333,0.0,54.47010641378495,53.09680083895603,1.373305574828919,115153.896044164,115153.896044164,115.52586532726237,115560.0,54.257106210233474,14.257106210233474,221.720891438461,369.53481906410167,0.004306372210030698,0.03755521266255462,0.04043821859598488,1.5942851520227523,0.005918009241322262,-0.0013382264709912504,False,D,0.10872599942414186
1.066582930211139,0.49781472830095513,0.02949094439941833,0.013109000079344194,0.02332341737548611,0.0,54.02603611743126,53.620191821622655,0.40584429580860615,114920.5944676037,114920.5944676037,118.18108991707506,115560.0,53.937325717823,13.937325717823,226.3573518016599,377.2622530027665,0.0051687642887023565,0.04175175725322855,0.043726030359034565,1.335195996645085,0.00678040131999392,0.0,True,D,0.07235577989382982
1.0665816215313502,0.49781469524889027,0.02949045319811117,0.013108980192971798,0.023323369250180064,0.0,54.0260298495424,53.620192461103784,0.40583738843861283,114920.32489225932,114920.32489225932,118.18108991707506,115560.0,53.937325717823,13.937325717823,226.35682082319298,377.26136803865495,0.005169059565067879,0.041754164018912576,0.043726030359034565,1.3350420761264319,0.006780696596359443,0.0,True,D,0.07235675889452899
1.066582688171509,0.497814726984278,0.029490742265798585,0.013108974194174927,0.0233233557731732,0.0,54.02603412097426,53.62019264018409,0.4058414807901727,114920.55667980135,114920.55667980135,118.18108991707506,115560.0,53.937325717823,13.937325717823,226.35727737159874,377.26212895266457,0.005168868008077094,0.041753492019414154,0.043726030359034565,1.3351940172120964,0.006780505039368658,0.0,True,D,0.07235612314447293
1.0665816934252395,0.49781469697398467,0.02949048251922983,0.01310898172738796,0.023323372966214753,0.0,54.02603021193005,53.620192411725725,0.40583780020432414,114920.33889112168,114920.33889112168,118.18108991707506,115560.0,53.937325717823,13.937325717823,226.35684839653982,377.26141399423307,0.005169062478974619,0.04175175725322855,0.04372853035903457,1.3351959966450853,0.006780699510266183,0.0,True,D,0.07235677711787336
1.0665827002643113,0.49781472699993373,0.02949075306368984,0.013108975667561525,0.023323359181684565,0.0,54.0260342259927,53.62019259489233,0.4058416311003725,114920.55855958557,114920.55855958557,118.18108991707506,115560.0,53.937325717823,13.937325717823,226.3572810741812,377.26213512363535,0.005168869837762202,0.04175175725322855,0.043726030359034565,1.3351959966450853,0.006780506869053766,0.0,True,D,0.07235613249042172
1.0662073590056358,0.49764591204172587,0.03038299031136372,0.013573485268941752,0.02414591688438131,0.0,54.027180195945334,53.60927134680975,0.41790884913558557,115103.34160705154,115103.34160705154,118.18108991707506,115560.0,53.937325717823,13.937325717823,226.71730607031276,377.86217678385464,0.0051687642887023565,0.04175175725322855,0.043726030359034565,1.3351959966450853,0.00678040131999392,-0.0008986226700133715,False,D,0.07291220476700755
1.0665658307766728,0.49780663415349685,0.029534222844323717,0.013131325347791451,0.02336300667921224,0.0,54.02609588387082,53.619665785805125,0.4064300980656981,114919.6523078925,114919.6523078925,118.18108991707506,115560.0,53.937325717823,13.937325717823,226.35549604396743,377.2591600732791,0.0051687642887023565,0.04175175725322855,0.043726030359034565,1.3351959966450853,0.00678040131999392,0.0,True,D,0.07237925116758262
1.0665831219549,0.4978148413910697,0.029490297717278485,0.013108682853684642,0.023322852683437267,0.0,54.02556094105432,53.61973910599369,0.4058218350606353,114928.29761288696,114928.29761288696,118.18508991707506,115560.0,53.9368548011588,13.936854801158802,226.38018645659017,377.3003107609836,0.0051687642887023565,0.04175175725322855,0.043726030359034565,1.335241188172684,0.00678040131999392,0.0,True,D,0.07235864908165177
1.0890407168064675,0.5101571705422424,0.04896891784248105,0.022633680306316944,0.03948538171563732,0.0,53.69133002828812,53.03460952820399,0.6567205000841341,113391.73610946684,113391.73610946684,125.25375836825145,115560.0,53.15158267922135,13.151582679221349,236.71235192686157,394.5205865447693,0.0068565142864035165,0.04843272968741541,0.04999993408427578,1.0746538114199229,0.00846815131769508,-0.04378131973542878,False,D,0.08943374138986011
1.068605326469378,0.4990020667634688,0.02286709955295483,0.009816071978220051,0.017432933474370506,0.0,53.93145678478476,53.61755539087051,0.3139013939142501,114861.68985494791,114861.68985494791,118.8883567621927,115560.0,53.85455150556999,13.854551505569987,227.5952926963896,379.325487827316,0.005326256611503466,0.04243244271508733,0.044345545241781546,1.302990893146109,0.0069378936427950295,0.0,True,D,0.06951650820923955
1.0686041039366903,0.49900203623786604,0.022866640814554143,0.009816026445781572,0.01743288908695562,0.0,53.9314509740143,53.617555983983266,0.31389499003103083,114861.43791275362,114861.43791275362,118.8883567621927,115560.0,53.85455150557004,13.854551505570043,227.59479347983165,379.32465579971944,0.005326556694189635,0.04243485188447442,0.044345545241781546,1.3028429469875789,0.006938193725481199,0.0,True,D,0.06951748655975254
1.0686050971029077,0.4990020655640269,0.022866908178121047,0.009816040713370316,0.017432875533428607,0.0,53.931454907551085,53.61755616508799,0.31389874246309546,114861.65404777207,114861.65404777207,118.8883567621927,115560.0,53.85455150557004,13.854551505570043,227.59522174545137,379.3253695757523,0.00532636359694063,0.04243420400439071,0.044345545241781546,1.3029889614917214,0.006938000628232194,0.0,True,D,0.06951685937123818
1.0686041636902506,0.4990020376555635,0.022866665183963214,0.009816029069779998,0.01743289214130952,0.0,53.931451273037624,53.61755594317043,0.3138953298671936,114861.44950224702,114861.44950224702,118.8883567621927,115560.0,53.85455150557004,13.854551505570043,227.59481644409541,379.32469407349237,0.005326559206176228,0.04243244271508733,0.04434804524178154,1.3029908931461087,0.006938196237467792,0.0,True,D,0.06951750338254381
1.0686051073177008,0.49900206557611154,0.02286691728464359,0.009816042260428556,0.017432878386854457,0.0,53.9314549955493,53.61755612695998,0.3138988685893196,114861.6556349148,114861.6556349148,118.8883567621927,115560.0,53.85455150557004,13.854551505570043,227.59522489033122,379.32537481721874,0.005326365216129365,0.04243244271508733,0.044345545241781546,1.3029908931461087,0.006938002247420929,0.0,True,D,0.06951686784366787
1.0682276303128648,0.49883197106487565,0.023769067857178135,0.010274371146802281,0.018261751648105746,0.0,53.9326048198775,53.606489570428835,0.3261152494486623,115046.97570637146,115046.97570637146,118.8883567621927,115560.0,53.85455150557004,13.854551505570043,227.96243153650678,379.93738589417796,0.005326256611503466,0.04243244271508733,0.044345545241781546,1.302990893146109,0.0069378936427950295,-0.00040848440323012336,False,D,0.07006816054633544
1.0685883098050262,0.4989940133602313,0.02291028854098961,0.009837810114394276,0.01747231948959278,0.0,53.93151579078233,53.617029128070385,0.3144866627119427,114860.75266295573,114860.75266295573,118.8883567621927,115560.0,53.85455150557004,13.854551505570043,227.59343567612427,379.3223927935405,0.005326256611503466,0.04243244271508733,0.044345545241781546,1.3029908931461087,0.0069378936427950295,0.0,True,D,0.06953939177580754
1.0686055184712977,0.4990021794309664,0.02286645425399781,0.009815761482654275,0.01743237129166156,0.0,53.930987620120845,53.61710550985458,0.3138821102662632,114869.34247241236,114869.34247241236,118.89235676219269,115560.0,53.85408616579548,13.85408616579548,227.61811410447575,379.3635235074596,0.005326256611503466,0.04243244271508733,0.044345545241781546,1.3030347322882625,0.0069378936427950295,0.0,True,D,0.0695193821785548
1.0706204808839266,0.5000647184796961,0.01703841600513876,0.006982192436891521,0.0121980457437083,0.0,53.85299654556479,53.61953789957397,0.23345864599082233,114776.36890961418,114776.36890961418,119.48579976874545,115560.0,53.78539263134388,13.785392631343882,228.56910389529702,380.9485064921617,0.005415862771197821,0.042804463819786295,0.044708654634692695,1.285584488963871,0.007027499802489385,0.0,True,D,0.06688385740492313
1.0706193028676652,0.5000646893219781,0.017037973207546617,0.006982102453352646,0.012198003053959629,0.0,53.852990975353976,53.619538473035675,0.2334525023183005,114776.1262802008,114776.1262802008,119.48579976874545,115560.0,53.78539263134388,13.785392631343882,228.56862071580528,380.9477011930088,0.005416165488580583,0.042806871759117585,0.044708654634692695,1.2854398616056206,0.007027802519872147,0.0,True,D,0.06688480479101094
1.070620257682426,0.5000647173548429,0.01703822961658408,0.006982150480644367,0.012197989588473058,0.0,53.85299472836607,53.61953865392087,0.23345607444520056,114776.33408566464,114776.33408566464,119.48579976874545,115560.0,53.78539263134388,13.785392631343882,228.56903454583934,380.94839090973227,0.005415971715456912,0.042806241458585734,0.044708654634692695,1.2855825830967058,0.007027608746748476,0.0,True,D,0.066884205725323
1.0706193534354982,0.500064690512376,0.01703799385485656,0.0069821066959508075,0.012198005623767414,0.0,53.852991227087216,53.61953843851484,0.23345278857237872,114776.13602989943,114776.13602989943,119.48579976874545,115560.0,53.785392631343825,13.785392631343825,228.56864013164758,380.947733552746,0.005416167567197975,0.042804463819786295,0.0447111546346927,1.285584488963871,0.007027804598489539,0.0,True,D,0.06688482085764615
1.0706202664286792,0.5000647173649442,0.017038237406693323,0.0069821522596567745,0.012197992013829914,0.0,53.85299480323772,53.61953862134044,0.23345618189728157,114776.33544320818,114776.33544320818,119.48579976874545,115560.0,53.78539263134388,13.785392631343882,228.56903724929228,380.94839541548714,0.005415973094197055,0.042804463819786295,0.044708654634692695,1.285584488963871,0.007027610125488619,0.0,True,D,0.0668842134046234
1.0702405251010259,0.4998934637196885,0.017949190705238174,0.007420647692399579,0.013032550963246792,0.0,53.85414680995848,53.608337008687386,0.24580980127109342,114963.83376277713,114963.83376277713,119.48579976874545,115560.0,53.785392631343825,13.785392631343825,228.94242702710878,381.570711711848,0.005415862771197821,0.042804463819786295,0.044708654634692695,1.285584488963871,0.007027499802489385,0.0,True,D,0.06741690339277495
1.0706035397849702,0.5000567015960996,0.017081524780280962,0.007002697017993748,0.012237251244643688,0.0,53.85305491051952,53.6190112629713,0.23404364754821927,114775.43681575659,114775.43681575659,119.48579976874545,115560.0,53.78539263134388,13.785392631343882,228.56724769562982,380.94541282604973,0.005415862771197821,0.042804463819786295,0.044708654634692695,1.285584488963871,0.007027499802489385,0.0,True,D,0.06690550770333367
1.070620672833105,0.5000648307711265,0.01703777169517274,0.0069818968970011145,0.012197485677043814,0.0,53.852532354361415,53.61909025087505,0.23344210348636807,114783.97685482855,114783.97685482855,119.48979976874546,115560.0,53.784931925657304,13.784931925657304,228.59190685072963,380.98651141788275,0.005415862771197821,0.042804463819786295,0.044708654634692695,1.285627526194787,0.007027499802489385,0.0,True,D,0.0668867438759645
1.0754391543786173,0.5024998006635729,0.010363658550026682,0.00306431193051059,0.006863822922630997,0.0,53.682303755238536,53.541745505377094,0.14055824986144216,114499.20980026109,114499.20980026109,120.80999623266824,115560.0,53.63454035498995,13.634540354989952,230.54415174355054,384.2402529059176,0.005570250892542012,0.043418658728828045,0.04535275492509639,1.2569599350402818,0.007181887923833576,-0.006749968605568668,False,D,0.06342906709971194
1.0710973408067475,0.500306494476255,0.015720480699749007,0.006366036236426614,0.01101027769812292,0.0,53.835760976052995,53.62044228627815,0.21531868977484692,114752.93690007267,114752.93690007267,119.61821941513773,115560.0,53.7701573569168,13.770157356916798,228.77569974407248,381.2928329067875,0.005431225057266188,0.04286605087802546,0.04477306466373306,1.2826671857378382,0.007042862088557752,0.0,True,D,0.06629310107531178
1.0710961700546842,0.5003064655525489,0.01572004037361175,0.006365930851609004,0.011010235249976987,0.0,53.83575544582419,53.620442857202136,0.21531258862205505,114752.69582251091,114752.69582251091,119.61821941513773,115560.0,53.7701573569168,13.770157356916798,228.77521912292784,381.2920318715464,0.005431528212135054,0.0428684581997049,0.04477306466373306,1.2825231308334006,0.007043165243426618,0.0,True,D,0.0662940352900759
1.0710971185440732,0.5003064933659492,0.015720295028965783,0.006365990524724941,0.011010221816121327,0.0,53.83575916835554,53.62044303788639,0.215316130469148,114752.90222934706,114752.90222934706,119.61821941513773,115560.0,53.77015735691674,13.77015735691674,228.77563062323142,381.2927177053857,0.005431334352869904,0.042867831531240366,0.04477306466373306,1.2826652841868422,0.007042971384161468,0.0,True,D,0.06629344703409829
1.071096218672725,0.5003064666952858,0.015720060231791396,0.00636593560655167,0.011010237718077737,0.0,53.835755687588346,53.620442824006375,0.21531286358197121,114752.70518025378,114752.70518025378,119.61821941513773,115560.0,53.7701573569168,13.770157356916798,228.77523777887015,381.2920629647836,0.005431530185883706,0.04286605087802546,0.044775564663733065,1.2826671857378378,0.00704316721717527,0.0,True,D,0.0662940513160712
1.071097126973636,0.5003064933757189,0.015720302535373768,0.006365992388992053,0.011010224149706281,0.0,53.835759240415655,53.62044300649984,0.21531623391581434,114752.90353732221,114752.90353732221,119.61821941513773,115560.0,53.7701573569168,13.770157356916798,228.77563323085906,381.2927220514318,0.0054313356723263186,0.04286605087802546,0.04477306466373306,1.2826671857378378,0.0070429727036178825,0.0,True,D,0.06629345454971985
1.0707168370225177,0.5001349741631215,0.016633257289835317,0.006795428503857049,0.011846082587255233,0.0,53.836911634288185,53.60921005197446,0.2277015823137276,114940.88871582618,114940.88871582618,119.61821941513773,115560.0,53.7701573569168,13.770157356916798,229.15040743634376,381.9173457272396,0.005431225057266188,0.04286605087802546,0.04477306466373306,1.2826671857378382,0.007042862088557752,0.0,True,D,0.06681736348741697
1.0710804170345525,0.5002984859071338,0.01576357118042766,0.006386031164313465,0.01104944225145111,0.0,53.835819199077605,53.6199155467346,0.2159036523430018,114752.00603253591,114752.00603253591,119.61821941513773,115560.0,53.7701573569168,13.770157356916798,228.77384393211815,381.28973988686363,0.005431225057266188,0.04286605087802546,0.04477306466373306,1.282667185737838,0.007042862088557752,0.0,True,D,0.06631424186861642
1.0710975327189824,0.5003066066826398,0.01571983659070473,0.00636574709129159,0.011009718099727986,0.0,53.83529787516483,53.619995114344704,0.21530276082012278,114760.53469463285,114760.53469463285,119.62221941513774,115560.0,53.7696976689744,13.769697668974402,228.79849769066496,381.3308294844416,0.005431225057266188,0.04286605087802546,0.04477306466373306,1.2827100777719116,0.007042862088557752,0.0,True,D,0.06629599329224833
1.090930942934277,0.5101862422155571,0.05068067370611979,0.022765579782946094,0.03986446059099127,0.0,53.7423342459673,53.06103589439209,0.681298351575208,113026.34979373991,113026.34979373991,124.83738066640984,115560.0,53.19537793100761,13.195377931007613,235.16522424226505,391.9420404037751,0.006021123707459438,0.04481264943145321,0.04740077148954214,1.1979712885262883,0.007632760738751002,-0.04031150555341535,False,D,0.08630189807091357
1.0730029372546397,0.5012661710671078,0.010537937983415525,0.004157603323857566,0.006347536543470718,0.0,53.768218799530246,53.62409980464639,0.14411899488385416,114650.06284148262,114650.06284148262,120.14013554026494,115560.0,53.710435859641734,13.710435859641734,229.56790149126027,382.61316915210045,0.005489195974466171,0.04309538550611505,0.04501800084483326,1.2717808593294166,0.0071008330057577345,-0.001167796168874465,False,D,0.06417218553665646
1.0719056262899502,0.5007138689782175,0.013500780784804404,0.005369332880582895,0.009009857592162634,0.0,53.80696832588103,53.62216737071452,0.18480095516650863,114711.00878526997,114711.00878526997,119.84016612297782,115560.0,53.744697110933885,13.744697110933885,229.11643914935206,381.86073191558677,0.0054558492400719845,0.04296365243521996,0.04487722465498235,1.2780163212944562,0.007067486271363548,0.0,True,D,0.06533354717285628
1.0719044669981228,0.5007138404272821,0.013500344309253905,0.005369194674308837,0.009009815511076293,0.0,53.806962858883765,53.62216793789537,0.184794920988395,114710.7701702078,114710.7701702078,119.84016612297782,115560.0,53.744697110933885,13.744697110933885,229.1159625548739,381.8599375914565,0.005456153088843199,0.04296605860806643,0.04487722465498235,1.2778731830982593,0.007067790120134763,0.0,True,D,0.06533445209955079
1.0719054054839245,0.500713867891775,0.013500596210459095,0.00536927924034604,0.009009802133907447,0.0,53.80696653303852,53.62216811819667,0.18479841484185044,114710.97435401927,114710.97435401927,119.84016612297782,115560.0,53.744697110933885,13.744697110933885,229.116370378572,381.86061729761997,0.005455959104310943,0.04296543799491067,0.04487722465498235,1.278014426622221,0.007067596135602507,0.0,True,D,0.06533388745376192
1.0719045124098405,0.5007138414920161,0.013500362868577689,0.005369200466806217,0.009009817812035832,0.0,53.80696308429464,53.622167906882396,0.18479517741224072,114710.77888325157,114710.77888325157,119.84016612297782,115560.0,53.744697110933885,13.744697110933885,229.11597995775077,381.8599665962513,0.005456154885200515,0.04296365243521996,0.044879724654982356,1.2780163212944562,0.007067791916492079,0.0,True,D,0.06533446823499942
1.0719054133900074,0.5007138679010587,0.01350060324762147,0.005369281284051462,0.009009804316050397,0.0,53.806966600462886,53.622168088785145,0.18479851167774086,114710.97558005837,114710.97558005837,119.84016612297782,115560.0,53.744697110933885,13.744697110933885,229.11637282738414,381.8606213789736,0.005455960322989034,0.04296365243521996,0.04487722465498235,1.278016321294456,0.007067597354280598,0.0,True,D,0.06533389472689177
1.0715241882145001,0.5005418997221079,0.014416939031134867,0.005775676287127704,0.009847858831465684,0.0,53.8081196253425,53.61088190911062,0.19723771623188213,114899.77920499461,114899.77920499461,119.84016612297782,115560.0,53.744697110933885,13.744697110933885,229.49347712366716,382.4891285394453,0.0054558492400719845,0.04296365243521996,0.04487722465498235,1.2780163212944562,0.007067486271363548,0.0,True,D,0.06583523195147042
1.0718887317531687,0.5007058744223576,0.013543840368167864,0.005388071976684006,0.009048953172775742,0.0,53.80702631142833,53.62164044974588,0.1853858616824482,114710.08001201284,114710.08001201284,119.84016612297782,115560.0,53.744697110933885,13.744697110933885,229.114584076995,381.857640128325,0.0054558492400719845,0.04296365243521996,0.04487722465498235,1.2780163212944562,0.007067486271363548,0.0,True,D,0.06535343242010028
1.0719058181328531,0.500713981041792,0.013500137005310584,0.005369059825217863,0.009009298777168936,0.0,53.80650704382373,53.62172098879307,0.18478605503065637,114718.5894371177,114718.5894371177,119.84416612297782,115560.0,53.74423912127071,13.74423912127071,229.13922816492706,381.8987136082118,0.0054558492400719845,0.04296365243521996,0.04487722465498235,1.2780589786559284,0.007067486271363548,0.0,True,D,0.06533645432601724
1.0867258223837324,0.5081613050055883,0.039609506904548585,0.017054035663206867,0.030002982547000366,0.0,53.589289542969766,53.06085198068229,0.5284375622874791,113034.12201197608,113034.12201197608,124.96218272926114,115560.0,53.18222047636249,13.182220476362488,235.41651015836925,392.36085026394875,0.005992188360823929,0.04475953049537654,0.047226568267291276,1.2001856411526266,0.007603825392115493,-0.04135152274384287,False,D,0.08012198661120858
1.0733075838171546,0.5014277583317659,0.010500144204585718,0.0038492820887177574,0.006404769079335899,0.0,53.74264011992375,53.59934212079776,0.14329799912599128,114608.06220606563,114608.06220606563,120.35236778360616,115560.0,53.686298573624356,13.686298573624356,229.88919422651375,383.1486570441896,0.005508687121414338,0.0431632662509256,0.04510979303043202,1.2687789655558206,0.007120324152705902,-0.00293639819671796,False,D,0.0639543735494487
1.0720450432844117,0.5007849651447264,0.013112373872183362,0.005202118608630685,0.008660500914125622,0.0,53.80051193301347,53.62106562555681,0.1794463074566579,114701.33759999221,114701.33759999221,119.89138628904067,115560.0,53.73883484026089,13.738834840260893,229.19503956783888,381.9917326130648,0.005461124910900759,0.04298363945706348,0.044900481492527324,1.277086768150998,0.007072761942192323,0.0,True,D,0.06517759813684554
1.072043886280922,0.5007849366671764,0.013111938161548372,0.005201973673192214,0.008660458900182532,0.0,53.80050647883513,53.62106619198312,0.17944028685201374,114701.09947988224,114701.09947988224,119.89138628904067,115560.0,53.73883484026089,13.738834840260893,229.19456375867074,381.9909395977846,0.0054614289019075096,0.04298604535466014,0.044900481492527324,1.2769438169222,0.0070730659331990735,0.0,True,D,0.06517849705321371
1.0720448227601753,0.5007849640631414,0.01311218950698493,0.0052020633592991744,0.008660445534238382,0.0,53.80051014312852,53.62106637218096,0.17944377094755737,114701.30321551986,114701.30321551986,119.89138628904067,115560.0,53.73883484026089,13.738834840260893,229.1949708611379,381.9916181018965,0.005461234894268488,0.04298542605178459,0.044900481492527324,1.2770848748529724,0.007072871925560052,0.0,True,D,0.0651779372784036
1.0720439311893786,0.5007849377199084,0.01311195651026614,0.005201979676153415,0.008660461171733216,0.0,53.80050670160364,53.621066161358385,0.17944054024525258,114701.1080926053,114701.1080926053,119.89138628904067,115560.0,53.73883484026089,13.738834840260893,229.19458096852586,381.9909682808764,0.005461430668613476,0.04298363945706348,0.04490298149252732,1.2770867681509979,0.00707306769990504,0.0,True,D,0.06517851324682486
1.0720448305815984,0.5007849640724954,0.013112196466146834,0.005202065439991135,0.008660447690869431,0.0,53.80051020978101,53.621066343105554,0.17944386667545587,114701.30442829092,114701.30442829092,119.89138628904067,115560.0,53.73883484026089,13.738834840260893,229.19497328448466,381.9916221408078,0.005461236097738464,0.04298363945706348,0.044900481492527324,1.277086768150998,0.007072873129030028,0.0,True,D,0.06517794452429
1.07166336019964,0.5006128793422031,0.014029327804756308,0.005603141856456425,0.009499071835118507,0.0,53.80166349173396,53.60976950232168,0.19189398941227864,114890.29055674016,114890.29055674016,119.89138628904067,115560.0,53.73883484026089,13.738834840260893,229.57260343330427,382.6210057221738,0.005461124910900759,0.04298363945706348,0.044900481492527324,1.277086768150998,0.007072761942192323,0.0,True,D,0.06567406562879803
1.0720619344473048,0.5007929580673969,0.013069314441742367,0.005183702578054814,0.008621413410269603,0.0,53.80045398952552,53.621592618353645,0.17886137117187673,114702.26608832547,114702.26608832547,119.89138628904067,115560.0,53.73883484026089,13.738834840260893,229.19689486372934,381.9948247728822,0.005461124910900759,0.04298363945706348,0.044900481492527324,1.2770867681509979,0.007072761942192323,0.0,True,D,0.06515803584978046
1.0720452351705045,0.5007850772043383,0.013111730046368359,0.005201849280845218,0.008659942135986668,0.0,53.80005106323205,53.62061947568998,0.17943158754206934,114708.91430968721,114708.91430968721,119.89538628904066,115560.0,53.73837724118465,13.73837724118465,229.21782653260686,382.0297108876781,0.005461124910900759,0.04298363945706348,0.044900481492527324,1.277129376275157,0.007072761942192323,0.0,True,D,0.06518050861164687
1.0832130314087505,0.5064687370268222,0.030401633287788072,0.012323798491552016,0.021760496707282414,0.0,53.46413099373899,53.061064568310144,0.40306642542884674,113034.48111727861,113034.48111727861,125.0629919804351,115560.0,53.17161164396134,13.171611643961342,235.60717342471432,392.67862237452385,0.005967982114956479,0.04471395025626549,0.04718229918644805,1.202221712711333,0.007579619146248043,-0.04219159983695917,False,D,0.07500349923402906
1.073085398224513,0.5013235133657956,0.010497657924225424,0.004039140423306734,0.006349448504072634,0.0,53.73698567023172,53.59375350153499,0.14323216869672706,114599.096470791,114599.096470791,120.4085468581801,115560.0,53.679923516830684,13.679923516830684,229.97851128847236,383.2975188141206,0.005511134062397001,0.043165055353306274,0.045128663261919395,1.268883095040186,0.007122771093688565,-0.0034045571515008534,False,D,0.06415912716683743
1.0721483420576,0.5008385391476394,0.012818806231940918,0.005077508813941672,0.008396988004157523,0.0,53.79413589699135,53.61875432624828,0.17538157074307037,114691.73577891898,114691.73577891898,119.9431023459546,115560.0,53.7329208850291,13.732920885029102,229.27471004610106,382.1245167435018,0.005466118914023545,0.04300180580733495,0.04492329966946653,1.2762617363019644,0.007077755945315109,0.0,True,D,0.06506652333667909
1.0721471870911528,0.5008385107345217,0.012818371198698093,0.005077358634703536,0.008396946044482415,0.0,53.794130454410265,53.61875489199491,0.17537556241535412,114691.49810205099,114691.49810205099,119.9431023459546,115560.0,53.7329208850291,13.732920885029102,229.27423491775266,382.1237248629211,0.005466423034423887,0.04300421142029464,0.04492329966946653,1.2761189546626945,0.007078060065715451,0.0,True,D,0.06506741765898642
1.0721481217758206,0.5008385380704625,0.01281862204399366,0.0050774523130402436,0.008396932688360363,0.0,53.79413410973234,53.61875507207691,0.17537903765543206,114691.70143507404,114691.70143507404,119.9431023459546,115560.0,53.7329208850291,13.732920885029102,229.27464139097924,382.12440231829873,0.005466229007857704,0.043003593368614666,0.04492329966946653,1.2762598442230673,0.0070778660391492675,0.0,True,D,0.06506686166083389
1.0721472316720702,0.5008385117796817,0.012818389402838654,0.0050773648062488325,0.008396948293278793,0.0,53.794130675368876,53.61875486167418,0.1753758136946999,114691.50665044408,114691.50665044408,119.9431023459546,115560.0,53.7329208850291,13.732920885029102,229.27425200643245,382.1237533440541,0.005466424780040344,0.04300180580733495,0.044925799669466526,1.2762617363019646,0.007078061811331908,0.0,True,D,0.06506743391552551
1.0721481295395199,0.5008385380800252,0.012818628947663393,0.005077454423438723,0.008396934826437236,0.0,53.79413417583282,53.618755043248996,0.17537913258382787,114691.70263877744,114691.70263877744,119.9431023459546,115560.0,53.7329208850291,13.732920885029102,229.27464379724458,382.124406328741,0.0054662302023377,0.04300180580733495,0.04492329966946653,1.2762617363019648,0.007077867233629264,0.0,True,D,0.06506686889771518
1.0717663886080875,0.5006663255529572,0.013736574328061872,0.0054742810989255875,0.00923618323192269,0.0,53.79528780504842,53.60744876408694,0.18783904096147808,114880.86782251019,114880.86782251019,119.9431023459546,115560.0,53.7329208850291,13.732920885029102,229.65279478045704,382.75465796742844,0.005466118914023545,0.04300180580733495,0.04492329966946653,1.2762617363019648,0.007077755945315109,0.0,True,D,0.06555883888772555
1.0721652361246314,0.5008465334115625,0.01277573372790739,0.005059324269886889,0.008357894020671306,0.0,53.7940779725904,53.619281454836425,0.17479651775397542,114692.66433110277,114692.66433110277,119.9431023459546,115560.0,53.7329208850291,13.732920885029102,229.27656626992794,382.1276104498799,0.005466118914023545,0.04300180580733495,0.04492329966946653,1.2762617363019646,0.007077755945315109,0.0,True,D,0.06504719233280677
1.0721485340343233,0.5008386512262041,0.012818162262626708,0.0050772424853805335,0.00839642914934336,0.0,53.793675438174034,53.61830845053987,0.17536698763416325,114699.30852634058,114699.30852634058,119.9471023459546,115560.0,53.73246367981454,13.732463679814543,229.29749498031995,382.1624916338666,0.005466118914023545,0.04300180580733495,0.04492329966946653,1.276304298540604,0.007077755945315109,0.0,True,D,0.0650694362944155
1.0823358296696979,0.506018091702541,0.02800610424954219,0.011082504950916108,0.019573850813386095,0.0,53.432493630203055,53.06177882916319,0.37071480103986687,113026.00791687839,113026.00791687839,125.07844540993092,115560.0,53.16998688535841,13.169986885358412,235.61862268556155,392.69770447593595,0.005940075719880381,0.04460186348518277,0.047106796991227225,1.206265156087295,0.007551712751171945,-0.042320378416091015,False,D,0.07357615815588633
1.0730948308973403,0.5013280296173728,0.010497949951221311,0.004030792052483625,0.006351651595153037,0.0,53.73148343725842,53.588305701222964,0.14317773603545447,114588.76311846878,114588.76311846878,120.45663665235224,115560.0,53.67447112670095,13.67447112670095,230.04961672339758,383.4160278723293,0.00551296436799786,0.04316760388627524,0.0451416494016426,1.2687635917336868,0.007124601399289424,-0.0038053054362687058,False,D,0.0641616347085231
1.0722422975708537,0.5008872208193466,0.01255212120883371,0.004965678364273331,0.008157573671335782,0.0,53.78784775830434,53.616163008747094,0.17168474955724378,114682.05354206651,114682.05354206651,119.99445577659438,115560.0,53.727053433507194,13.727053433507194,229.3535100353755,382.2558500589592,0.005470797820656013,0.043018410488351956,0.04494513464268414,1.2755079854014715,0.007082434851947577,0.0,True,D,0.0649678795324121
1.0722411444592839,0.5008871924652406,0.012551686782808793,0.004965523237403052,0.008157531756573825,0.0,53.78784232639259,53.616163573915,0.17167875247758957,114681.81627176821,114681.81627176821,119.99445577659438,115560.0,53.727053433507194,13.727053433507194,229.35303551670359,382.255059194506,0.005471102059466138,0.0430208157992179,0.04494513464268414,1.2753653610744549,0.007082739090757702,0.0,True,D,0.06496876950075829
1.0722420775021508,0.500887219746375,0.012551937172548136,0.004965620684129055,0.008157518410377235,0.0,53.787845973410185,53.61616375387166,0.1716822195385248,114682.01923432006,114682.01923432006,119.99445577659438,115560.0,53.727053433507194,13.727053433507194,229.35344142305277,382.25573570508794,0.005470908018103164,0.04302019896447359,0.04494513464268414,1.2755060944357872,0.007082545049394728,0.0,True,D,0.06496821708338968
1.0722411887613772,0.5008871935040582,0.012551704860988227,0.004965529569053132,0.008157533984613219,0.0,53.787842545776414,53.61616354387269,0.1716790019037262,114681.82476571562,114681.82476571562,119.99445577659438,115560.0,53.727053433507194,13.727053433507194,229.3530525038135,382.25508750635584,0.005471103786046191,0.043018410488351956,0.044947634642684135,1.275507985401471,0.007082740817337755,0.0,True,D,0.06496878582344966
1.0722420852155732,0.5008872197561816,0.012551944027030032,0.004965622822756185,0.008157520531868264,0.0,53.787846039020565,53.61616372526606,0.17168231375450205,114682.02043011511,114682.02043011511,119.99445577659438,115560.0,53.727053433507194,13.727053433507194,229.35344381453237,382.2557396908873,0.00547090920506792,0.043018410488351956,0.04494513464268414,1.275507985401471,0.0070825462363594835,0.0,True,D,0.06496822431592891
1.07186006762652,0.500714877277279,0.01347070277554325,0.005358325033929232,0.008997403527811495,0.0,53.789000032373906,53.60484836919187,0.18415166318203546,114871.36219365956,114871.36219365956,119.99445577659438,115560.0,53.727053433507194,13.727053433507194,229.7321098457373,382.88684974289555,0.005470797820656013,0.043018410488351956,0.04494513464268414,1.2755079854014715,0.007082434851947577,0.0,True,D,0.06545616671408211
1.0722591956228633,0.5008952169392119,0.012509033388595547,0.004947718123115459,0.00811847068269243,0.0,53.787789848707234,53.61669028379504,0.1710995649121969,114682.98221769698,114682.98221769698,119.99445577659438,115560.0,53.727053433507194,13.727053433507194,229.35536730082336,382.2589455013723,0.005470797820656013,0.043018410488351956,0.04494513464268414,1.275507985401471,0.007082434851947577,0.0,True,D,0.06494877261056757
1.0722424896489564,0.5008873329226861,0.012551477070870806,0.004965414952163171,0.008157014710499056,0.0,53.78738770572704,53.615717414957714,0.1716702907693275,114689.62234923514,114689.62234923514,119.99845577659437,115560.0,53.72659661888969,13.726596618889687,229.37629292515004,382.29382154191677,0.005470797820656013,0.043018410488351956,0.04494513464268414,1.2755505042987694,0.007082434851947577,0.0,True,D,0.06497079486177024
1.0817588479284879,0.5057085680279902,0.026384013334726272,0.010238342087255152,0.018075440924633483,0.0,53.41140326266196,53.06253301216884,0.34887025049312115,113016.86307883632,113016.86307883632,125.0842906553738,115560.0,53.1693724263946,13.169372426394602,235.61056917186244,392.68428195310406,0.005911877737271653,0.0444829119672906,0.047024919213370625,1.2105651467127971,0.007523514768563217,-0.04236908879478172,False,D,0.07256937994831818
1.0731255153356702,0.5013421404894493,0.010499386832469822,0.004004768685099248,0.006359510885789894,0.0,53.72606812975113,53.582930874440194,0.1431372553109327,114578.21212016186,114578.21212016186,120.50343926447232,115560.0,53.66916884820324,13.669168848203242,230.11781042089586,383.52968403482646,0.005514471764219116,0.04316907094498726,0.045153113099752784,1.268671868879481,0.00712610879551068,-0.004195327203935998,False,D,0.0641450107270547
1.0723299650857832,0.500932457528255,0.012304527566823499,0.00486309826460926,0.007935179344372418,0.0,53.781647451818685,53.613397460855936,0.1682499909627495,114672.27625145043,114672.27625145043,120.04535412538218,115560.0,53.72124292320029,13.721242923200293,229.43123351615034,382.38538919358393,0.00547516074854752,0.04303350145127419,0.044965932488391,1.2748210714964645,0.007086797779839084,-0.00037795104485146186,False,D,0.06487785007421816
1.0722665748665032,0.5008997498157821,0.012483547374137646,0.0049371422693529066,0.008095977556878764,0.0,53.78612921523978,53.61539596951343,0.1707332457263533,114679.3578150786,114679.3578150786,120.00855920416377,115560.0,53.72544290591526,13.725442905915259,229.3750750307724,382.291791717954,0.005472006645010863,0.04302259259906318,0.04495089751942792,1.2753175744946514,0.007083643676302427,-7.132670136478225e-05,False,D,0.06494282603011003
1.0722654222217496,0.5008997214766718,0.012483113097907032,0.004936985837214268,0.008095935652131238,0.0,53.78612378604333,53.615396534549006,0.170727251494327,114679.12064795803,114679.12064795803,120.00855920416377,115560.0,53.725442905915315,13.725442905915315,229.37460066269855,382.2910011044976,0.005472310913685585,0.04302499782128208,0.04495089751942792,1.2751749905744767,0.007083947944977149,-7.132670136478225e-05,False,D,0.06494371484279296
1.0722663548491782,0.5008997487439292,0.012483363373128544,0.004937084278112081,0.008095922308757653,0.0,53.786127430932424,53.61539671446849,0.170730716463936,114679.32351615255,114679.32351615255,120.00855920416377,115560.0,53.72544290591526,13.725442905915259,229.37500642802743,382.2916773800457,0.0054721168693375516,0.04302438131497728,0.04495089751942792,1.2753156838100133,0.0070837539006291155,-7.132670136478225e-05,False,D,0.06494316337501221
1.0722654664558786,0.5008997225139664,0.012483131144766532,0.004936992211328588,0.00809593787481417,0.0,53.7861240050359,53.61539650457877,0.17072750045713292,114679.12912869573,114679.12912869573,120.00855920416377,115560.0,53.725442905915315,13.725442905915315,229.37461762538376,382.2910293756396,0.0054723126353530055,0.04302259259906318,0.04495339751942792,1.2753175744946514,0.007083949666644569,-7.132670136478225e-05,False,D,0.06494373118403513
1.0722663625500906,0.5008997487538096,0.012483370215192562,0.004937086424226267,0.008095924426032197,0.0,53.786127496418885,53.61539668591956,0.1707308104993217,114679.32470997742,114679.32470997742,120.00855920416377,115560.0,53.725442905915315,13.725442905915315,229.37500881584748,382.29168135974584,0.005472118054478808,0.04302259259906318,0.04495089751942792,1.275317574494651,0.007083755085770372,-7.132670136478225e-05,False,D,0.0649431706071013
1.0718842672666624,0.5007273699756182,0.01340235342014257,0.005328684118823713,0.008935984631233332,0.0,53.787281592974466,53.604078889969685,0.18320270300478114,114868.71474016774,114868.71474016774,120.00855920416377,115560.0,53.72544290591526,13.725442905915259,229.75381589336035,382.92302648893394,0.005472006645010863,0.04302259259906318,0.04495089751942792,1.2753175744946514,0.007083643676302427,-7.132670136478225e-05,False,D,0.06543003490047183
1.0722834742216736,0.5009077465449339,0.01244045490181426,0.0049192420455181265,0.008056871606013831,0.0,53.78607130891692,53.61592328706905,0.17014802184786504,114680.2865358028,114680.2865358028,120.00855920416377,115560.0,53.72544290591526,13.725442905915259,229.37693260470598,382.29488767451,0.005472006645010863,0.04302259259906318,0.04495089751942792,1.2753175744946514,0.007083643676302427,-7.132670136478225e-05,False,D,0.06492377906105451
1.0722667669745327,0.5008998619270582,0.012482903184787586,0.004936879639315433,0.008095418561206404,0.0,53.78566927387874,53.614950454961786,0.17071881891695284,114686.92553837394,114686.92553837394,120.01255920416376,115560.0,53.724986198481645,13.724986198481645,229.3978573519604,382.32976225326735,0.005472006645010863,0.04302259259906318,0.04495089751942792,1.275360082048544,0.007083643676302427,-0.0001046600346980379,False,D,0.06494574198560521
1.0731002073696772,0.5011287041848712,0.011446805040441837,0.004523235115526071,0.007037254266308724,0.0,53.78734373338699,53.63065713246016,0.1566866009268324,114628.52485163324,114628.52485163324,119.99999999989424,115560.0,53.726420271080144,13.726420271080144,229.25704970306444,382.09508283844076,0.005372171194080999,0.042570301067782916,0.044599246553767215,1.295955874696149,0.006983808225372563,0.0,True,D,0.06410074336393994
1.0730990018128563,0.5011286745034729,0.011446349085549793,0.0045230365708061136,0.007037209722597863,0.0,53.78733804145787,53.630657734383306,0.15668030707456637,114628.27721638209,114628.27721638209,119.99999999989424,115560.0,53.726420271080144,13.726420271080144,229.25655443256215,382.0942573876036,0.005372472284517578,0.04257270016054746,0.044599246553767215,1.2958098172111123,0.006984109315809142,0.0,True,D,0.06410157383418444
1.0730999785107926,0.5011287030758683,0.011446613047181638,0.004523166630432802,0.007037196575900595,0.0,53.78734187273227,53.63065791203576,0.1566839606965118,114628.48920671683,114628.48920671683,119.99999999989424,115560.0,53.726420271080144,13.726420271080144,229.25697841323162,382.0949640220527,0.005372279483359366,0.042572075501089414,0.044599246553767215,1.2959539533275062,0.00698391651465093,0.0,True,D,0.06410106222312945
1.0730990490017227,0.501128675615384,0.011446368314939516,0.004523044735569114,0.007037212080418225,0.0,53.78733827490953,53.63065770252183,0.1566805723876996,114628.28626747408,114628.28626747408,119.99999999989424,115560.0,53.726420271080144,13.726420271080144,229.2565725347461,382.0942875579102,0.005372474001625788,0.042570301067782916,0.04460174655376722,1.2959558746961488,0.006984111032917352,0.0,True,D,0.06410159218400434
1.073099986636628,0.5011287030881533,0.011446620258223366,0.004523169177615167,0.007037198804359132,0.0,53.787341941769284,53.630657881922446,0.15668405984683886,114628.49046546355,114628.49046546355,119.99999999989424,115560.0,53.726420271080144,13.726420271080144,229.25698093072506,382.09496821787513,0.005372280674651556,0.042570301067782916,0.044599246553767215,1.295955874696149,0.00698391770594312,0.0,True,D,0.06410106991423693
1.072717180080017,0.5009562740346268,0.012366063270684777,0.00488263060035121,0.00787744370623892,0.0,53.78849312215351,53.61931302719,0.16918009496350805,114817.92223958347,114817.92223958347,119.99999999989424,115560.0,53.726420271080144,13.726420271080144,229.63584447896457,382.72640746494096,0.005372171194080999,0.042570301067782916,0.044599246553767215,1.2959558746961488,0.006983808225372563,0.0,True,D,0.06455587749134703
1.073083345080564,0.5011207239237192,0.011489834249172626,0.004539519905951773,0.007076282424775315,0.0,53.787401534519574,53.63012976190447,0.15727177261510406,114627.59922009001,114627.59922009001,119.99999999989424,115560.0,53.726420271080144,13.726420271080144,229.255198439978,382.0919973999633,0.005372171194080999,0.042570301067782916,0.044599246553767215,1.295955874696149,0.006983808225372563,0.0,True,D,0.06411817583226362
1.0731003986732512,0.501128816104498,0.011446161193353389,0.004522994209921849,0.00703669604804494,0.0,53.786883717513774,53.63021108444235,0.1566726330714232,114636.0895761454,114636.0895761454,120.00399999989423,115560.0,53.72596349860237,13.725963498602368,229.27982155806046,382.1330359301008,0.005372171194080999,0.042570301067782916,0.044599246553767215,1.295999073225305,0.006983808225372563,-3.333333245194581e-05,False,D,0.06410368079754318
1.078221984757395,0.5020407255958682,0.014497076422897123,0.004252829879266164,0.009293509656730444,0.0,53.798160671706455,53.600236199202925,0.19792447250353007,114365.64319135871,114365.64319135871,119.99999999972647,115560.0,53.7264202710993,13.7264202710993,228.73128638219606,381.21881063699345,0.0046592164355805125,0.039209646878261825,0.041987462439524295,1.4719744069458771,0.006270853466872076,0.0,True,D,0.061170320302559616
1.078220267537058,0.5020406823612182,0.014495298728032083,0.004252337024887622,0.009292328193388173,0.0,53.79815241728164,53.600252093257154,0.19790032402448787,114365.29469971325,114365.29469971325,119.99999999972647,115560.0,53.7264202710993,13.7264202710993,228.73058939890512,381.2176489981752,0.004659493934133118,0.039212001080276865,0.041987462439524295,1.4717976640613406,0.006271130965424682,0.0,True,D,0.061170689007372145
1.0782216730316438,0.5020407240429728,0.014496678198354016,0.00425269660557525,0.009293297839975217,0.0,53.7981580887037,53.60023904874009,0.19791903996360816,114365.59494510188,114365.59494510188,119.99999999972647,115560.0,53.7264202710993,13.7264202710993,228.73118988968238,381.2186498161373,0.004659310665909601,0.039211312395775945,0.041987462439524295,1.4719722238878072,0.006270947697201165,0.0,True,D,0.061170510379556814
1.0782203596249864,0.5020406846389805,0.014495394734371858,0.004252363854526901,0.009292391525944473,0.0,53.79815286964475,53.60025124125252,0.19790162839223058,114365.31254502533,114365.31254502533,119.99999999972647,115560.0,53.7264202710993,13.7264202710993,228.7306250895293,381.21770848254886,0.004659496097899647,0.039209646878261825,0.0419899624395243,1.471974406945877,0.006271133129191211,0.0,True,D,0.061170733289806475
1.0782216874834614,0.5020407240957226,0.014496696818292455,0.004252702858053065,0.009293307671135901,0.0,53.79815821049186,53.60023891648308,0.19791929400878416,114365.59717316914,114365.59717316914,119.99999999972647,115560.0,53.7264202710993,13.7264202710993,228.7311943458169,381.2186572430282,0.004659312215985339,0.039209646878261825,0.041987462439524295,1.4719744069458776,0.006270949247276903,0.0,True,D,0.06117052383876609
1.0778311487502426,0.5018672623998879,0.014468084167390401,0.004350877955930389,0.00918637500241298,0.0,53.79928713094495,53.601677617167184,0.19760951377776337,114555.31209528644,114555.31209528644,119.99999999972647,115560.0,53.7264202710993,13.7264202710993,229.11062419005066,381.8510403167511,0.0046592164355805125,0.039209646878261825,0.041987462439524295,1.4719744069458776,0.006270853466872076,0.0,True,D,0.06133217836273257
1.0782052100364499,0.5020327770523934,0.01449699785296184,0.004256477680844886,0.009289409398933786,0.0,53.7982184023175,53.600291359532946,0.1979270427845563,114364.72964942994,114364.72964942994,119.99999999972647,115560.0,53.7264202710993,13.7264202710993,228.7294592983385,381.21576549723085,0.0046592164355805125,0.039209646878261825,0.041987462439524295,1.4719744069458776,0.006270853466872076,0.0,True,D,0.0611736633959956
1.078222171721336,0.5020408371715305,0.014497012462696713,0.004252760506157544,0.00929353337790081,0.0,53.7977002728108,53.599783299735236,0.19791697307556433,114373.1892084854,114373.1892084854,120.00399999972647,115560.0,53.725963498621525,13.725963498621525,228.75400329572997,381.25667215954996,0.0046592164355805125,0.039209646878261825,0.041987462439524295,1.4720234727594426,0.006270853466872076,-3.3333331053952976e-05,False,D,0.06117343760781355
1.174711826051552,0.5029727090795838,0.1252017893988463,0.037654892136395245,0.0785776309814482,0.0,54.412055385745475,52.73795936315054,1.674096022594938,129019.40773459034,129019.40773459034,119.90554950736706,115560.0,53.73721470846175,13.73721470846175,257.83571635885164,429.7261939314194,0.0015868542104980237,0.021040345067081082,0.02644887005590807,4.095147198112563,0.0031984912417895874,-0.3650490660375209,False,D,0.09171530304570644
1.08021445696898,0.5017973956373887,0.0172727674965509,0.005209877037109004,0.010950253513040593,0.0,53.81484826058443,53.57905179174844,0.2357964688359857,114352.95204483837,114352.95204483837,119.99055495049053,115560.0,53.7274989513881,13.7274989513881,228.68790293478315,381.14650489130526,0.0042627793304732126,0.03724287492444433,0.040433603201162675,1.5975236640465407,0.0058744163617647765,0.0,True,D,0.060729585863880234
1.0802123059959634,0.5017973400821301,0.017270535026793266,0.005209285807692761,0.010948773989256845,0.0,53.81483780395814,53.579071632052205,0.23576617190593652,114352.51829704845,114352.51829704845,119.99055495049053,115560.0,53.72749895138804,13.727498951388043,228.6870355074828,381.145059179138,0.004263043032642825,0.037245204109708475,0.040433603201162675,1.5973238631691176,0.005874680063934389,0.0,True,D,0.06072976005526831
1.080214078216923,0.5017973935818922,0.017272281493459753,0.005209717715407395,0.010949996074141327,0.0,53.814845083686805,53.57905524398075,0.23578983970605805,114352.89360418107,114352.89360418107,119.99055495049053,115560.0,53.72749895138804,13.727498951388043,228.68778606266812,381.1463101044469,0.0042628655780313374,0.03724447389020706,0.040433603201162675,1.5975212943490855,0.005874502609322901,0.0,True,D,0.06072971349476128
1.0802124532910402,0.5017973438550847,0.017270688548250073,0.00520932666558797,0.01094887528279471,0.0,53.81483852929097,53.57907027371152,0.23576825557944403,114352.54698049533,114352.54698049533,119.99055495049053,115560.0,53.72749895138804,13.727498951388043,228.6870928698613,381.14515478310216,0.004263045774468858,0.03724287492444433,0.04043610320116267,1.5975236640465416,0.005874682805760422,0.0,True,D,0.06072982617281866
1.0802141001880088,0.5017973936886315,0.017272309816276765,0.005209727015755482,0.01095001101802482,0.0,53.814845269648345,53.57905504358456,0.2357902260637843,114352.89698402846,114352.89698402846,119.99055495049053,115560.0,53.72749895138804,13.727498951388043,228.68779282183084,381.14632136971807,0.0042628675067631055,0.03724287492444433,0.040433603201162675,1.5975236640465413,0.005874504538054669,0.0,True,D,0.060729732144810915
1.0798170399096347,0.5016228958332808,0.01723810874168563,0.005356649192191183,0.01083937284744312,0.0,53.815959347638966,53.580538853876305,0.2354204937626605,114542.52302395196,114542.52302395196,119.99055495049053,115560.0,53.72749895138804,13.727498951388043,229.06701505122226,381.77835841870376,0.0042627793304732126,0.03724287492444433,0.040433603201162675,1.5975236640465413,0.0058744163617647765,0.0,True,D,0.06093997962358183
1.0802313559397656,0.5018054107193803,0.017272862479718272,0.005203751187415533,0.010954379382760476,0.0,53.814789855808215,53.57899646444906,0.23579339135915234,114353.86868343125,114353.86868343125,119.99055495049053,115560.0,53.72749895138804,13.727498951388043,228.68973606767395,381.1495601127899,0.0042627793304732126,0.03724287492444433,0.040433603201162675,1.5975236640465413,0.0058744163617647765,0.0,True,D,0.060723764496976376
1.0802146425925403,0.5017975079429642,0.01727270059750659,0.005209770915384006,0.010950275597789586,0.0,53.81438724405882,53.57859958348024,0.23578766057858047,114360.49709072363,114360.49709072363,119.99455495049054,115560.0,53.72704210711822,13.727042107118223,228.71061587197084,381.1843597866181,0.0042627793304732126,0.03724287492444433,0.040433603201162675,1.597576919026976,0.0058744163617647765,0.0,True,D,0.060732662648170455
1.1790894162182122,0.5101607848233088,0.12010641699675179,0.03769780342451258,0.07427648357339318,0.0,54.36957714337916,52.77768150014822,1.5918956432309415,126518.84101894849,126518.84101894849,120.01080087925618,115560.0,53.725186954751905,13.725186954751905,253.06045728332163,421.76742880553604,0.001712523522123496,0.02048511854652947,0.028778860301121693,4.129911505093478,0.00332416055341506,-0.3766371683644927,False,D,0.0911911538797774
1.08399801422978,0.5023660298324685,0.0201682583340903,0.005872283748239473,0.013081670984693679,0.0,53.825055866441744,53.55030146070226,0.2747544057394862,114415.63491040947,114415.63491040947,119.9925795433671,115560.0,53.72726771667408,13.727267716674078,228.8171195498693,381.36186591644883,0.003940959282184628,0.0357593147270258,0.03889024288104641,1.7000438777514322,0.005552596313476192,0.0,True,D,0.06030423165536984
1.0839954869619233,0.5023659630987407,0.02016562434435934,0.005871512925520361,0.013079932556101903,0.0,53.82504343882181,53.55032467468618,0.2747187641356277,114415.12816882602,114415.12816882602,119.9925795433671,115560.0,53.72726771667408,13.727267716674078,228.81610612937328,381.36017688228884,0.0039412128383378205,0.0357593147270258,0.03889024288104641,1.7000438777514322,0.0055528498696293845,0.0,True,D,0.06030414998353653
1.0839975768641,0.5023660272761292,0.020167693640969257,0.005872092428084001,0.013081373490294137,0.0,53.825052152377,53.55030543326717,0.27474671910982806,114415.56759002923,114415.56759002923,119.9925795433671,115560.0,53.72726771667408,13.727267716674078,228.8169849174346,381.3616415290577,0.003941040165018664,0.0357593147270258,0.03889024288104641,1.7000438777514317,0.005552677196310228,0.0,True,D,0.060304301502006094
1.0839955269087491,0.5023659641514341,0.020165666311975694,0.005871525314177325,0.013079960021340058,0.0,53.82504364007991,53.55032430793045,0.2747193321494592,114415.1351176437,114415.1351176437,119.9925795433671,115560.0,53.72726771667408,13.727267716674078,228.81612002614926,381.3602000435821,0.003941212651730026,0.03576161346008055,0.03889274288104641,1.6998253293651566,0.00555284968302159,0.0,True,D,0.060304165459003536
1.0839975832124733,0.5023660273174739,0.020167701829700554,0.005872095212197869,0.013081377812655474,0.0,53.82505220611807,53.550305375548874,0.2747468305691996,114415.56855641397,114415.56855641397,119.9925795433671,115560.0,53.72726771667408,13.727267716674078,228.8169868500846,381.361644750141,0.003941040221647179,0.035760870336741045,0.03889024288104641,1.7000413554102396,0.005552677252938743,0.0,True,D,0.060304305106246396
1.0835949352299548,0.5021909998980736,0.02012763958883307,0.005868398140812147,0.012967186393790044,0.0,53.826145336941465,53.551830392511306,0.27431494443015936,114605.38260101645,114605.38260101645,119.9925795433671,115560.0,53.72726771667408,13.727267716674078,229.19659146417476,381.99431910695796,0.003940959282184628,0.0357593147270258,0.03889024288104641,1.7000438777514326,0.005552596313476192,0.0,True,D,0.06036386965256109
1.0840148417031161,0.5023740187843837,0.020168369865504625,0.005872964501466794,0.013085774637045416,0.0,53.82499750872864,53.55024666318468,0.2747508455439629,114416.54420051894,114416.54420051894,119.9925795433671,115560.0,53.72726771667408,13.727267716674078,228.81893801763243,381.3648966960541,0.003940959282184628,0.0357593147270258,0.03889024288104641,1.7000438777514322,0.005552596313476192,0.0,True,D,0.06030521318449897
1.083998196297023,0.5023661417935334,0.020168188422804094,0.005872271613979182,0.013081690901804685,0.0,53.82459449985765,53.549850245482844,0.2747442543748093,114423.18308988946,114423.18308988946,119.9965795433671,115560.0,53.72681088779467,13.72681088779467,228.83984318751962,381.399738645866,0.003940959282184628,0.0357593147270258,0.03889024288104641,1.7001001660927433,0.005552596313476192,0.0,True,D,0.06030740050603481
1.100859703880209,0.5013292536486219,0.04164641452309223,0.012709074191045123,0.026166328406316896,0.0,53.942522039792095,53.37673380195474,0.5657882378373529,116391.77539535504,116391.77539535504,120.00216831514405,115560.0,53.726172660624684,13.726172660624684,232.78775702486396,387.97959504143995,0.0027484335761810254,0.028751960885744242,0.03368180471850443,2.4264629028489733,0.004360070607472589,-0.012116536055700398,False,D,0.0640711983432337
1.084995044995652,0.5022427064827932,0.021570731207952238,0.006288002137245617,0.013913600876193461,0.0,53.8329301331363,53.539093447142875,0.29383668599342627,114481.41321422196,114481.41321422196,119.9935384205448,115560.0,53.72715820320656,13.727158203206557,228.95049758265014,381.58416263775024,0.0038099968970397424,0.035065004354821266,0.03836939906479221,1.7488901102135788,0.005421633928331306,0.0,True,D,0.060299101341793455
1.084526414907473,0.5022987094660116,0.020915876636134062,0.006090974673211813,0.013524459401045023,0.0,53.829260470168606,53.54433258506077,0.28492788510783384,114448.80701597506,114448.80701597506,119.99310061846518,115560.0,53.72720820441327,13.727208204413273,228.88445359885336,381.47408933142225,0.003869459681066402,0.035395053735398536,0.038607204814280364,1.7251990434844076,0.0054810967123579656,0.0,True,D,0.060291613007155874
1.084523760304091,0.5022986388519408,0.02091310858180707,0.006090169088292796,0.013522633482407268,0.0,53.82924738530767,53.54435694596879,0.2848904393388807,114448.27534055185,114448.27534055185,119.99310061846518,115560.0,53.72720820441327,13.727208204413273,228.8833903091441,381.4723171819068,0.003869710474591458,0.03539735167627437,0.038607204814280364,1.7251990434844078,0.005481347505883021,0.0,True,D,0.06029147321076667
1.084525958705065,0.5022987067189998,0.020915287108048613,0.006090774631584584,0.013524149076259956,0.0,53.82925658605791,53.54433672532315,0.2849198607347603,114448.73682926017,114448.73682926017,119.99310061846518,115560.0,53.72720820441327,13.727208204413273,228.8843132334943,381.4738553891572,0.0038695390169298143,0.035396594029759795,0.038607204814280364,1.7251990434844078,0.005481176048221378,0.0,True,D,0.06029166651058531
1.0845238248211797,0.5022986405709317,0.020913176146321644,0.006090188851941018,0.013522677847358068,0.0,53.82924770752146,53.54435635406264,0.2848913534588178,114448.28714905883,114448.28714905883,119.99310061846518,115560.0,53.72720820441327,13.727208204413273,228.8834139248002,381.4723565413337,0.003869710684198211,0.035395053735398536,0.03860970481428037,1.7249756355099117,0.005481347715489774,0.0,True,D,0.06029150006736479
1.0845259684214983,0.5022987067846044,0.020915299634065673,0.00609077889186629,0.013524155689008619,0.0,53.829256668317214,53.544336637097786,0.28492003121942844,114448.73831278308,114448.73831278308,119.99310061846518,115560.0,53.72720820441327,13.727208204413273,228.88431620036954,381.47386033394923,0.0038695393329630508,0.035395053735398536,0.038607204814280364,1.7251964837245897,0.005481176364254614,0.0,True,D,0.060291672887446905
1.0841216653817671,0.502123443770736,0.02087372741529645,0.0061032969920644595,0.013408992354972957,0.0,53.83034533545293,53.545873287334246,0.28447204811868687,114638.53758317982,114638.53758317982,119.99310061846518,115560.0,53.72720820441327,13.727208204413273,229.26389291620333,382.10648819367225,0.003869459681066402,0.035395053735398536,0.038607204814280364,1.7251990434844082,0.0054810967123579656,0.0,True,D,0.060367412297031596
1.0845432722953132,0.5023067146431196,0.020915992685765113,0.006090860729833467,0.013528569096348907,0.0,53.829201943260614,53.54427775494861,0.2849241883120044,114449.71725387636,114449.71725387636,119.99310061846518,115560.0,53.72720820441327,13.727208204413273,228.88627396998797,381.4771232833133,0.003869459681066402,0.035395053735398536,0.038607204814280364,1.7251990434844078,0.0054810967123579656,0.0,True,D,0.06029179982162621
1.0845265965363657,0.5022988215916596,0.020915805912422977,0.006090951094670964,0.013524478851951328,0.0,53.82879895863306,53.543881576568765,0.2849173820642932,114456.35717398004,114456.35717398004,119.99710061846518,115560.0,53.72675137949477,13.726751379494772,228.90718347048457,381.5119724508076,0.003869459681066402,0.035395053735398536,0.038607204814280364,1.7252561644652515,0.0054810967123579656,0.0,True,D,0.06029477039793283
1.0851712267424525,0.5023306913630264,0.021564360045975492,0.0062829206667582545,0.013951960575420532,0.0,53.83225389402861,53.53856252765132,0.29369136637728843,114478.54124039454,114478.54124039454,119.99371197008654,115560.0,53.72713838228117,13.727138382281169,228.94508507259295,381.5751417876549,0.0038101169914701374,0.035090418202073405,0.038342334329371515,1.7492687001265137,0.005421754022761701,0.0,True,D,0.06029315641016585
1.0848137574974785,0.5023130153852188,0.021204645361561525,0.006176313762341295,0.013714899148127856,0.0,53.83059196736548,53.54176128108338,0.28883068628209685,114461.66860976606,114461.66860976606,119.99337567015172,115560.0,53.727176790823705,13.727176790823705,228.91070002206786,381.5178333701131,0.003842689777399638,0.035257869246103864,0.038488037593577065,1.7359665460999858,0.0054543268086912015,0.0,True,D,0.060290745961325366
1.0848110599850842,0.5023129434521624,0.021201831680065317,0.006175493816269007,0.013713043732004451,0.0,53.83057865674658,53.54178602619811,0.28879263054847115,114461.12859552307,114461.12859552307,119.99337567015172,115560.0,53.727176790823705,13.727176790823705,228.90962005320242,381.51603342200406,0.003842939613395669,0.035260164829076075,0.038488037593577065,1.7359665460999858,0.0054545766446872325,0.0,True,D,0.060290583847978155
1.0848132947863658,0.5023130125748617,0.021204047125939755,0.0061761107660676315,0.013714584380176389,0.0,53.83058802327332,53.541765479040464,0.2888225442328576,114461.59743431474,114461.59743431474,119.99337567015172,115560.0,53.727176790823705,13.727176790823705,228.91055767902338,381.51759613170566,0.003842768608869733,0.035259405146555865,0.038488037593577065,1.7359665460999862,0.005454405640161297,0.0,True,D,0.06029079398768172
1.084811122250601,0.5023129451185583,0.021201896883112338,0.006175512911059808,0.013713086548723994,0.0,53.83057896770458,53.54178545516368,0.2887935125409058,114461.13993773583,114461.13993773583,119.99337567015172,115560.0,53.727176790823705,13.727176790823705,228.9096427363757,381.51607122729285,0.003842939750995319,0.035257869246103864,0.03849053759357707,1.7357410477985558,0.005454576782286883,0.0,True,D,0.06029060952657191
1.0848133041568848,0.5023130126406348,0.021204059196482945,0.00617611487230043,0.013714590757286819,0.0,53.8305881024869,53.541765393991,0.28882270849589986,114461.59886423087,114461.59886423087,119.99337567015172,115560.0,53.72717679082365,13.727176790823648,228.91056053869778,381.51760089782965,0.0038427688829933654,0.035257869246103864,0.038488037593577065,1.7359639703165521,0.005454405914284929,0.0,True,D,0.06029080001952302
1.0844084152969051,0.5021376824018887,0.021161902869628164,0.006185317830672006,0.013599066465035727,0.0,53.8316748071137,53.54330627941425,0.288368527699447,114651.40462134744,114651.40462134744,119.99337567015172,115560.0,53.72717679082365,13.727176790823648,229.29015109733186,382.15025182888644,0.003842689777399638,0.035257869246103864,0.038488037593577065,1.7359665460999862,0.0054543268086912015,0.0,True,D,0.06036321312336966
1.08483061681982,0.5023210222544687,0.021204763121923695,0.0061763315083015954,0.013719008843152495,0.0,53.83053341102584,53.541706471665634,0.28882693936020587,114462.57868227783,114462.57868227783,119.99337567015172,115560.0,53.727176790823705,13.727176790823705,228.9125200666144,381.5208667776907,0.003842689777399638,0.035257869246103864,0.038488037593577065,1.7359665460999867,0.0054543268086912015,0.0,True,D,0.06029106428384012
1.0848139388608513,0.5023131275230848,0.021204574331073887,0.006176291940334962,0.01371491840062807,0.0,53.83013041031762,53.54131036180007,0.2888200485175503,114469.21952393372,114469.21952393372,119.99737567015173,115560.0,53.72671996799602,13.726719967996019,228.93343229804233,381.55572049673725,0.003842689777399638,0.035257869246103864,0.038488037593577065,1.7360240234597464,0.0054543268086912015,0.0,True,D,0.06029390510370282
1.0852238383205801,0.5023357177213726,0.02161312500841895,0.006297890726847415,0.013984255976497032,0.0,53.8324535660297,53.53810493359117,0.2943486324385276,114480.30723401374,114480.30723401374,119.99395253525802,115560.0,53.72711090766006,13.727110907660062,228.94907587433337,381.581793123889,0.003805376125121581,0.03505857142370121,0.03832439495690244,1.7509414146481632,0.005417013156413145,0.0,True,D,0.06029263108273781
1.084970714130988,0.5023217311350736,0.021360891034919772,0.006222753019907173,0.013817964357029483,0.0,53.83130333141213,53.540361837228204,0.2909414941839259,114468.65896112965,114468.65896112965,119.99359790831846,115560.0,53.72715140915898,13.727151409158978,228.92510394143713,381.5418399023952,0.003828286564289284,0.03518255583936174,0.038424994016877406,1.7417129244115972,0.005439923595580848,0.0,True,D,0.06029086622937672
1.084888387314007,0.5023171637067572,0.021278921831068946,0.006198379918101561,0.013763899968855985,0.0,53.83093002719079,53.54109587430054,0.2898341528902506,114464.96996587668,114464.96996587668,119.99348156590318,115560.0,53.72716469653267,13.727164696532668,228.91750439236807,381.52917398728016,0.0038358223016200835,0.035221973964245486,0.03845799753777924,1.7387011422700942,0.005447459332911647,0.0,True,D,0.06029070892917984
1.08485226477961,0.5023151567685975,0.021242966850821922,0.006187696018806348,0.013740181391229187,0.0,53.830766357684354,53.54141794673018,0.28934841095417596,114463.36694006794,114463.36694006794,119.99343036125666,115560.0,53.72717054458235,13.72717054458235,228.91420083063346,381.5236680510558,0.0038391419901094384,0.03523932873019995,0.03847252305384029,1.7373780584264222,0.005450779021401002,0.0,True,D,0.06029070542297114
1.0848343965581997,0.5023141633706606,0.021225183919125295,0.006182413504643416,0.01372844959524101,0.0,53.830685425921274,53.541577261481166,0.28910816444010834,114462.57752483984,114462.57752483984,119.99340499701441,115560.0,53.72717344141796,13.72717344141796,228.91257369900444,381.5209561650074,0.003840787091727839,0.03524792679077275,0.03847971827406298,1.736723224656864,0.005452424123019403,0.0,True,D,0.060290718539684734
1.0848250356948608,0.5023136427727676,0.021215868374883484,0.0061796467038492935,0.013722303697756627,0.0,53.83064303460969,53.5416607237554,0.28898231085429416,114462.164898044,114462.164898044,119.99339169969552,115560.0,53.727174960097614,13.727174960097614,228.91172312343556,381.5195385390593,0.0038416497270711766,0.03525243472570035,0.03848349040085727,1.7363800722262814,0.0054532867583627406,0.0,True,D,0.06029072934498429
1.0848199841664063,0.5023133617859814,0.021210841484745342,0.006178153795500247,0.013718987160236408,0.0,53.83062016055766,53.54170576360394,0.28891439695371446,114461.94249394377,114461.94249394377,119.99338452119272,115560.0,53.7271757799507,13.727175779950699,228.9112646453074,381.5187744088457,0.003842115469638216,0.035254868419501276,0.03848552676796234,1.736194864850618,0.0054537525009297795,0.0,True,D,0.06029073630102556
1.0848172145093753,0.5023132077115154,0.021208085390657504,0.0061773353151097846,0.013717168782340734,0.0,53.830607619786974,53.5417304580908,0.2888771616961776,114461.82063355917,114461.82063355917,119.9933805845547,115560.0,53.727176229552185,13.727176229552185,228.9110134280617,381.51835571343616,0.003842370895037341,0.035256203070111056,0.03848664349666884,1.7360933110061645,0.0054540079263289045,0.0,True,D,0.06029074044985713
0.5364589663859313,0.24451111320721097,1.057289007175159,0.7349159697275627,1.265297422941159,0.0,55.96999582540781,46.06506379464389,9.904932030763916,79833.85472782559,79833.85472782559,120.0,115560.0,53.72642027106809,13.726420271068093,159.66770945565116,266.11284909275196,0.004082813812605295,0.038,0.038,1.7754359387857443,0.005694450843896859,0.0,True,A,0.8021786427046973
0.5364534974516862,0.24451075799792046,1.0572873569915968,0.7349168159210717,1.265297096238676,0.0,55.9699687305299,46.06506466870809,9.90490406182181,79832.97896560907,79832.97896560907,120.0,115560.0,53.72642027106804,13.726420271068037,159.66595793121814,266.1099298853636,0.004083351042620517,0.0380025,0.0380025,1.7752023518453945,0.005694988073912081,0.0,True,A,0.8021811353215663
0.5378824939562165,0.2446040517670851,1.0577187427577426,0.7346958470108641,1.2653826234623233,0.0,55.97705304363558,46.06483585662926,9.91221718700632,80061.83302461164,80061.83302461164,120.0,115560.0,53.72642027106804,13.726420271068037,160.1236660492233,266.8727767487055,0.003950005309839475,0.0373768457827447,0.0373768457827447,1.8351302860817846,0.005561642341131039,0.0,True,A,0.8015563457754717
0.5378765345959369,0.24460366070233852,1.0577169429013413,0.734696767954252,1.2653822661170067,0.0,55.977023480707146,46.06483681260386,9.912186668103288,80060.87852614642,80060.87852614642,120.0,115560.0,53.72642027106809,13.726420271068093,160.12175705229285,266.8695950871548,0.0039505337302194994,0.037379345782744704,0.037379345782744704,1.8348848204537491,0.005562170761511063,0.0,True,A,0.8015588469152166
0.5472793770925521,0.24524152731903126,1.0605652331031028,0.7332495321782201,1.2659527401679898,0.0,56.02386569651611,46.06331105708961,9.960554639426505,81568.6034546927,81568.6034546927,120.0,115560.0,53.72642027106809,13.726420271068093,163.13720690938538,271.89534484897564,0.0033168376381093687,0.034250421101656325,0.034250421101656325,2.185447454823914,0.004928474669400933,0.0,True,A,0.7983696712412222
0.54727000847914,0.2452408710391721,1.0605623870432417,0.7332509683393149,1.2659521653908186,0.0,56.023818830160735,46.06331259396768,9.960506236193055,81567.09912343722,81567.09912343722,120.0,115560.0,53.72642027106809,13.726420271068093,163.13419824687443,271.8903304114574,0.003317321859701746,0.03425292110165632,0.03425292110165632,2.1851284502499277,0.004928958890993309,0.0,True,A,0.7983722898805019
0.6296378399380037,0.2525821910160964,1.0861277280367692,0.7210738521455891,1.271419409311366,0.0,56.45063569201943,46.04872906509752,10.401906626921914,95073.75783143731,95073.75783143731,120.0,115560.0,53.72642027106804,13.726420271068037,190.1475156628746,316.912526104791,0.001767145867644259,0.025,0.025,4.101967192970582,0.003378782898935823,-0.36732239765686064,False,A,0.7860856086011797
0.551002249594213,0.24550558721506244,1.061697431517461,0.7326797480832706,1.2661821083494895,0.0,56.0425197950633,46.06269781913335,9.979821975929951,82166.79277909854,82166.79277909854,120.0,115560.0,53.72642027106804,13.726420271068037,164.3335855581971,273.8893092636618,0.0031400934743720786,0.03332537899149069,0.03332537899149069,2.3084581505077058,0.004751730505663642,0.0,True,A,0.7973889960202345
0.5509914599670023,0.24550481249735706,1.0616941466385974,0.7326813967996257,1.266181440841762,0.0,56.042465644047695,46.06269960359964,9.979766040448055,82165.05789983604,82165.05789983604,120.0,115560.0,53.72642027106804,13.726420271068037,164.3301157996721,273.8835263327868,0.0031405646184897167,0.033327878991490686,0.033327878991490686,2.3081118381051464,0.00475220164978128,0.0,True,A,0.7973916808236496
0.5548395156352988,0.2457845794170234,1.0628669834272215,0.732094363326137,1.2664205018979922,0.0,56.061810972991054,46.062060582436345,9.99975039055471,82784.2689100909,82784.2689100909,120.0,115560.0,53.72642027106809,13.726420271068093,165.5685378201818,275.94756303363636,0.0029851609744797657,0.03249284109234162,0.03249284109234162,2.4282691741719398,0.00459679800577133,0.0,True,A,0.7964827352667814
0.5548272259362083,0.2457836748461997,1.062863233566699,0.7320962350607092,1.2664197352412272,0.0,56.06174908501225,46.06206263152973,9.999686453482525,82782.28974167931,82782.28974167931,120.0,115560.0,53.72642027106804,13.726420271068037,165.56457948335864,275.9409658055977,0.002985620348870139,0.032495341092341624,0.032495341092341624,2.42789555511084,0.004597257380161703,0.0,True,A,0.796485495748033
0.5587524697719273,0.2460761903997114,1.064062223624695,0.7314994246316104,1.2666656095326674,0.0,56.08154917481937,46.06140553833882,10.020143636480555,83414.96051833426,83414.96051833426,120.0,115560.0,53.72642027106804,13.726420271068037,166.82992103666854,278.04986839444757,0.0028490728950283945,0.03174355698310746,0.03174355698310746,2.5442572518658007,0.0044607099263199584,0.0,True,A,0.7956432501542531
0.5587386168130979,0.24607514535586988,1.0640579875589598,0.7315015273351477,1.2666647382608858,0.0,56.08147917831451,46.061407866540435,10.020071311774075,83412.7257555378,83412.7257555378,120.0,115560.0,53.72642027106804,13.726420271068037,166.8254515110756,278.04241918512605,0.002849521676664229,0.03174605698310746,0.03174605698310746,2.5438565474455372,0.004461158707955793,0.0,True,A,0.7956460938622932
0.5627024202794355,0.24637783241308822,1.0652713808821541,0.7309009007514085,1.26691504433912,0.0,56.10154163550561,46.060739075299864,10.040802560205748,84052.75248976175,84052.75248976175,120.0,115560.0,53.72642027106804,13.726420271068037,168.10550497952352,280.17584163253923,0.0027293080715880638,0.03106920128479681,0.03106920128479681,2.655901856492348,0.004340945102879627,0.0,True,A,0.7948644745002246
0.5626869578373499,0.2463766373793883,1.0652666424635115,0.7309032397300865,1.2669140640244247,0.0,56.10146324087526,46.06074169430872,10.040721546566544,84050.2534799462,84050.2534799462,120.0,115560.0,53.72642027106809,13.726420271068093,168.1005069598924,280.1675115998207,0.0027297473197448133,0.031071701284796808,0.031071701284796808,2.6554744909312435,0.004341384351036377,0.0,True,A,0.7948674070133537
0.5666519955184859,0.24668673736040603,1.066483004630302,0.7303044847430632,1.267166431541213,0.0,56.12160002357382,46.06006754393587,10.061532479637947,84691.6908996126,84691.6908996126,120.0,115560.0,53.72642027106804,13.726420271068037,169.3833817992252,282.305636332042,0.002623718433425178,0.030462281156317488,0.030462281156317488,2.7627866930855274,0.004235355464716741,0.0,True,A,0.7941415316057764
0.5666348947186979,0.24668538417644845,1.0664777530608118,0.7303070626698254,1.2671653388858515,0.0,56.12151302904766,46.06007046242735,10.061442566620315,84688.92175217347,84688.92175217347,120.0,115560.0,53.72642027106809,13.726420271068093,169.37784350434694,282.29640584057825,0.002624149101450751,0.030464781156317487,0.030464781156317487,2.7623332722454013,0.004235786132742315,0.0,True,A,0.7941445566396582
0.5705662398623431,0.24700005629617075,1.0676862957408988,0.7297154302292038,1.2674174823802191,0.0,56.141545826101094,46.05939705959639,10.082148766504702,85326.15852830095,85326.15852830095,120.0,115560.0,53.72642027106804,13.726420271068037,170.6523170566019,284.42052842766986,0.002530468708454545,0.029916053040685738,0.029916053040685738,2.8645975150972687,0.004142105739746109,0.0,True,A,0.7934704181415189
0.5705474888968557,0.24699853835466895,1.0676805255554696,0.7297182472477333,1.2674162752508304,0.0,56.14145011829942,46.05940028313563,10.082049835163787,85323.11611733194,85323.11611733194,120.0,115560.0,53.72642027106809,13.726420271068093,170.6462322346639,284.41038705777316,0.0025308916543620606,0.029918553040685737,0.029918553040685737,2.8641188024690147,0.0041425286856536245,0.0,True,A,0.7934735376954034
0.574413462846684,0.24731495628414532,1.0688713793818319,0.7291384307940366,1.2676660578896433,0.0,56.16121492399094,46.05873333230926,10.10248159168168,85951.01479335706,85951.01479335706,120.0,115560.0,53.72642027106804,13.726420271068037,171.90202958671412,286.5033826445235,0.0024479865249755588,0.029424447736617163,0.029424447736617163,2.961116942562688,0.004059623556267123,0.0,True,A,0.7928477559468831
0.5743930661198614,0.24731326866029063,1.068865090247066,0.7291414847039536,1.2676647353081243,0.0,56.16111047540704,46.058736863380375,10.102373612026668,85947.69866556292,85947.69866556292,120.0,115560.0,53.72642027106804,13.726420271068037,171.89539733112582,286.4923288852097,0.0024484025209768213,0.029426947736617165,0.029426947736617165,2.96061383378183,0.004060039552268385,0.0,True,A,0.7928509704868243
0.6296378326576014,0.2525821902311755,1.086127725732998,0.7210738531815354,1.271419408795013,0.0,56.45063565298386,46.048729066471594,10.401906586512268,95073.75660855476,95073.75660855476,120.0,115560.0,53.72642027106809,13.726420271068093,190.14751321710952,316.91252202851587,0.0017671459236512544,0.02500000039616845,0.02500000039616845,4.101967062964987,0.003378782954942818,-0.3673223543216624,False,A,0.7860856093296392
0.5781658291133398,0.2476287088513536,1.0700295016665313,0.7285775419276623,1.2679102185672655,0.0,56.1804609595589,46.058081534707185,10.122379424851715,86561.69712857305,86561.69712857305,120.0,115560.0,53.72642027106804,13.726420271068037,173.12339425714612,288.5389904285769,0.0023749210472228627,0.028982003002572292,0.028982003002572292,3.0522169916960866,0.003986558078514426,-0.01740566389869554,False,A,0.7922706021345798
0.5747758981032445,0.24734497634576322,1.0689831437914719,0.7290841741658213,1.267689567552094,0.0,56.163071201832736,46.05867056613545,10.104400635697289,86009.94601871858,86009.94601871858,120.0,115560.0,53.72642027106804,13.726420271068037,172.01989203743716,286.6998200623953,0.0024406301630240865,0.029380203263212678,0.029380203263212678,2.9700421162084716,0.00405226719431565,0.0,True,A,0.792790781351041
0.5747553451739609,0.24734327234204953,1.0689768053146789,0.7290872504789969,1.267688233947489,0.0,56.162965921029524,46.05867412656261,10.104291794466917,86006.60385044194,86006.60385044194,120.0,115560.0,53.72642027106804,13.726420271068037,172.0132077008839,286.6886795014732,0.0024410455335338427,0.029382703263212677,0.029382703263212677,2.9695367311630645,0.004052682564825406,0.0,True,A,0.7927940049258493
0.6296377327671873,0.25258217946170847,1.0861276941242153,0.7210738673951868,1.271419401710413,0.0,56.45063511739835,46.04872908532383,10.401906032074521,95073.73983005283,95073.73983005283,120.0,115560.0,53.72642027106809,13.726420271068093,190.14747966010566,316.9124661001761,0.001767146692093125,0.02500000583178209,0.02500000583178209,4.101965279228948,0.0033787837233846887,-0.36732175974298276,False,A,0.786085619324436
0.5785179084938945,0.24765848253060344,1.0701382801301744,0.728525010115094,1.2679332137981805,0.0,56.182269925865114,46.058020155158886,10.124249770706228,86619.06022775974,86619.06022775974,120.0,115560.0,53.72642027106809,13.726420271068093,173.23812045551946,288.73020075919914,0.002368399540638712,0.02894218352006962,0.02894218352006962,3.060621423830977,0.003980036571930276,-0.020207141276992264,False,A,0.7922178272446512
0.5751374444007564,0.2473749834955368,1.0690946547691558,0.7290300679128479,1.267713035258496,0.0,56.164923494855884,46.05860791327302,10.106315581582862,86068.74404908736,86068.74404908736,120.0,115560.0,53.72642027106804,13.726420271068037,172.1374880981747,286.8958134969579,0.0024333582780326256,0.029336401288898372,0.029336401288898372,2.9789178353673953,0.0040449953093241895,0.0,True,A,0.7927342183102034
0.5751167354583525,0.24737326308455207,1.069088266995149,0.7290331665882277,1.267711690632989,0.0,56.164817382391334,46.05861150304929,10.106205879342042,86065.37586124595,86065.37586124595,120.0,115560.0,53.72642027106809,13.726420271068093,172.1307517224919,286.8845862041532,0.0024337730293065595,0.02933890128889837,0.02933890128889837,2.9784101832764716,0.004045410060598123,0.0,True,A,0.7927374509108197
0.5788688974972052,0.2476882210987198,1.0702467409916363,0.7284726573343218,1.2679561524126808,0.0,56.18407382567034,46.05795892797204,10.1261148976983,86676.25664190605,86676.25664190605,120.0,115560.0,53.72642027106804,13.726420271068037,173.3525132838121,288.9208554730202,0.0023619519061093296,0.028902761160008533,0.028902761160008533,3.0689762799661158,0.003973588937400893,-0.022992093322038592,False,A,0.7921654385900253
0.5754980808150743,0.24740497552954638,1.0692059056826089,0.7289761150409557,1.2677364595115361,0.0,56.1667716916366,46.05854537771228,10.10822631392432,86127.40542583012,86127.40542583012,120.0,115560.0,53.72642027106809,13.726420271068093,172.25481085166024,287.09135141943375,0.0024261697895314525,0.029293037276009386,0.029293037276009386,2.9877440587825412,0.004037806820823016,0.0,True,A,0.7926780643119734
0.5754772160605639,0.24740323868535755,1.0691994686599797,0.7289792360358737,1.2677351038682052,0.0,56.1666647481332,46.05854899682839,10.108115751304808,86124.01124132637,86124.01124132637,120.0,115560.0,53.72642027106804,13.726420271068037,172.24802248265274,287.0800374710879,0.0024265839277610953,0.029295537276009385,0.029295537276009385,2.9872341489372762,0.004038220959052659,0.0,True,A,0.7926813059283293
0.5792187637488018,0.2477179212595117,1.0703548740439357,0.7284204882633238,1.2679790321384197,0.0,56.18587248755142,46.0578978592024,10.127974628349023,86733.28101521441,86733.28101521441,120.0,115560.0,53.72642027106804,13.726420271068037,173.46656203042883,289.1109367173814,0.002355577490562874,0.02886373354840845,0.02886373354840845,3.0772812201300876,0.003967214521854437,-0.025760406710029216,False,A,0.7921134361318873
0.5758577853564036,0.24743495014227712,1.0693168895668983,0.7289223187116467,1.2677598387417963,0.0,56.16861567516855,46.058482963635754,10.110132711532799,86185.92651374434,86185.92651374434,120.0,115560.0,53.72642027106804,13.726420271068037,172.3718530274887,287.2864217124812,0.002419063660566796,0.029250106903249293,0.029250106903249293,2.9965207168511934,0.00403070069185836,0.0,True,A,0.7926223170882273
0.5758367650029411,0.24743319684049203,1.0693104033481708,0.7289254619817623,1.2677584720846493,0.0,56.16850790131559,46.05848661207989,10.110021289235704,86182.50635754724,86182.50635754724,120.0,115560.0,53.72642027106809,13.726420271068093,172.36501271509448,287.2750211918241,0.0024194771918825925,0.029252606903249295,0.029252606903249295,2.9960085586217162,0.004031114223174156,0.0,True,A,0.7926255677092282
0.6294678157583922,0.2525638666209969,1.086073928493702,0.7210980472857432,1.2714073520365679,0.0,56.44972413197928,46.0487611499326,10.400962982046678,95045.20054030516,95045.20054030516,120.0,115560.0,53.72642027106809,13.726420271068093,190.09040108061032,316.81733513435057,0.0017684552599985988,0.02500926034117229,0.02500926034117229,4.098930031329168,0.0033800922912901625,-0.36631001044305594,False,A,0.7861026288165383
0.5795591084216519,0.24774686745919594,1.070460082579747,0.728369754532648,1.2680013030563668,0.0,56.18762270911037,46.05783841659735,10.129784292513023,86788.76395910284,86788.76395910284,120.0,115560.0,53.72642027106804,13.726420271068037,173.57752791820567,289.29587986367613,0.00234942625155048,0.028826022247041595,0.028826022247041595,3.0853381200991223,0.003961063282842044,-0.02844604003304078,False,A,0.7920630557802726
0.5762157523327806,0.2474648395125158,1.0694273575817337,0.7288687992349073,1.2677831203892533,0.0,56.170451308931206,46.058420811347844,10.112030497583362,86244.17613530949,86244.17613530949,120.0,115560.0,53.72642027106809,13.726420271068093,172.48835227061898,287.4805871176983,0.0024120541539755696,0.029207698437628524,0.029207698437628524,3.005228701985313,0.0040236911852671335,-0.001742900661770926,False,A,0.792567095066126
0.5758934638136036,0.24743792654130198,1.0693278989739519,0.7289169836816388,1.2677621585295906,0.0,56.1687986072543,46.05847677071273,10.110321836541573,86191.731732682,86191.731732682,120.0,115560.0,53.72642027106804,13.726420271068037,172.383463465364,287.30577244227334,0.0024183622522507774,0.029245866056687216,0.029245866056687216,2.9973898110276194,0.004029999283542341,0.0,True,A,0.7926168017293392
0.5758724280162865,0.2474361716034782,1.0693214078714943,0.72892012916191,1.2677607907786748,0.0,56.168690750961275,46.05848042206935,10.110210328891924,86188.30899810672,86188.30899810672,120.0,115560.0,53.72642027106804,13.726420271068037,172.37661799621344,287.29436332702244,0.002418775723613017,0.029248366056687215,0.029248366056687215,2.9968774299762337,0.00403041275490458,0.0,True,A,0.7926200532441452
0.5832439014164977,0.24806368434754028,1.0716002899866524,0.7278214616801619,1.2682432931681147,0.0,56.20660396143063,46.05719260361201,10.149411357818622,87390.12598713837,87390.12598713837,120.0,115560.0,53.72642027106809,13.726420271068093,174.78025197427672,291.3004199571279,0.0022857954607374133,0.028432987355197743,0.028432987355197743,3.171226165586918,0.0038974324920289767,-0.05707538852897261,False,A,0.7915300268307021
0.57658243629672,0.24749551830907662,1.0695405365566348,0.7288139940594673,1.2678069848329299,0.0,56.172332219704,46.05835710456063,10.113975115143376,86303.85585037127,86303.85585037127,120.0,115560.0,53.72642027106809,13.726420271068093,172.60771170074256,287.6795195012376,0.0024049374271612424,0.029164578186538268,0.029164578186538268,3.014121819720959,0.004016574458452806,-0.004707273240319647,False,A,0.7925107894090895
0.5759619250143918,0.24744363942322806,1.0693490248108102,0.7289067470915886,1.2677666102539014,0.0,56.16914963987722,46.058464886391334,10.110684753485884,86202.87132237357,86202.87132237357,120.0,115560.0,53.72642027106809,13.726420271068093,172.40574264474714,287.34290440791193,0.0024170180882824416,0.029237737269672322,0.029237737269672322,2.999056734168398,0.004028655119574005,0.0,True,A,0.792606225734997
0.5759408595776324,0.24744188134427128,1.0693425243352186,0.7289098968131517,1.2677652404035462,0.0,56.16904162535502,46.058468543338336,10.110573082016685,86199.44363915006,86199.44363915006,120.0,115560.0,53.72642027106804,13.726420271068037,172.39888727830012,287.3314787971669,0.0024174314447266624,0.02924023726967232,0.02924023726967232,2.9985439256540722,0.004029068476018226,0.0,True,A,0.7926094789651941
0.6265435279457754,0.2522507047235336,1.0851492411033299,0.7215148063088294,1.2712004384475524,0.0,56.434065982621405,46.04931180736315,10.384754175258252,94554.51045637028,94554.51045637028,120.0,115560.0,53.72642027106804,13.726420271068037,189.10902091274056,315.1817015212343,0.0017914315000793868,0.025171199523271896,0.025171199523271896,4.046358665653171,0.0034030685313709503,-0.34878622188439046,False,A,0.7863979076363988
0.5795132998882202,0.24774296833907083,1.0704459210344102,0.7283765821215706,1.2679983047169423,0.0,56.18738710955216,46.05784641930268,10.129540690249485,86781.29565507392,86781.29565507392,120.0,115560.0,53.72642027106804,13.726420271068037,173.56259131014784,289.2709855169131,0.0023502513444267205,0.02883108349503228,0.02883108349503228,3.084254963393469,0.003961888375718284,-0.028084987797823018,False,A,0.7920698249090009
0.576305863325353,0.24747237291856142,1.0694551688631115,0.7288553294524707,1.267788983486373,0.0,56.17091348048905,46.05840515952508,10.112508320963968,86258.84107386545,86258.84107386545,120.0,115560.0,53.72642027106809,13.726420271068093,172.5176821477309,287.5294702462182,0.0024102993330465156,0.02919707189220832,0.02919707189220832,3.0074166618584024,0.004021936364338079,-0.0024722206194674654,False,A,0.7925532338441794
0.575996209867912,0.24744650120795791,1.069359604748204,0.7289016209173659,1.2677688398543145,0.0,56.169325442016486,46.058458934268515,10.110866507747971,86208.45009892755,86208.45009892755,120.0,115560.0,53.72642027106809,13.726420271068093,172.4169001978551,287.36150032975854,0.002416345791950346,0.029233670731925922,0.029233670731925922,2.999891157308019,0.00402798282324191,0.0,True,A,0.7926009328532858
0.5759751295853873,0.247444741555037,1.0693530995776077,0.7289047727631138,1.267767468952245,0.0,56.169217348234554,46.058462594015964,10.11075475421859,86205.01993688715,86205.01993688715,120.0,115560.0,53.72642027106804,13.726420271068037,172.4100398737743,287.3500664562905,0.0024167590909052444,0.02923617073192592,0.02923617073192592,2.999378134771023,0.004028396122196808,0.0,True,A,0.7926041869426977
0.5797016341797676,0.24775900513966834,1.0705041460018196,0.7283485133854438,1.2680106334808017,0.0,56.18835579688567,46.05781351340238,10.130542283483294,86812.0015660211,86812.0015660211,120.0,115560.0,53.72642027106804,13.726420271068037,173.62400313204222,289.3733385534037,0.0023468647052521923,0.02881030365873333,0.02881030365873333,3.0887056923425575,0.003958501736543756,-0.029568564114185847,False,A,0.7920420180693043
0.5763545883907167,0.2474764479703706,1.0694702075884381,0.7288480464818514,1.2677921542000392,0.0,56.171163401857996,46.05839669518451,10.112766706673483,86266.77103640132,86266.77103640132,120.0,115560.0,53.72642027106809,13.726420271068093,172.53354207280265,287.55590345467107,0.0024093520723378558,0.029191334024606663,0.029191334024606663,3.0085990576033232,0.004020989103629419,-0.002866352534441082,False,A,0.7925457453945184
0.5760319294891856,0.2474494833335011,1.0693706276364447,0.7288962803860909,1.267771162909376,0.0,56.169508606629506,46.05845273267238,10.111055873957127,86214.26244792595,86214.26244792595,120.0,115560.0,53.72642027106809,13.726420271068093,172.42852489585192,287.38087482641987,0.0024156459638796693,0.029229437061193995,0.029229437061193995,3.000760244944307,0.004027282995171233,-0.00025341498143571783,False,A,0.7925954209504057
0.5759997806510563,0.247446799295475,1.0693607066641595,0.7289010870329196,1.2677690720762886,0.0,56.169343752182954,46.05845831433129,10.110885437851664,86209.03113696194,86209.03113696194,120.0,115560.0,53.72642027106804,13.726420271068037,172.41806227392388,287.3634371232065,0.0024162758045821837,0.02923324736485273,0.02923324736485273,2.9999780490802563,0.004027912835873748,0.0,True,A,0.7926003817312335
0.5759786988222403,0.24744503947859015,1.0693542010045374,0.7289042390999091,1.26776770106467,0.0,56.16923565014537,46.05846197437046,10.110773675774908,86205.60071672969,86205.60071672969,120.0,115560.0,53.72642027106809,13.726420271068093,172.41120143345938,287.35200238909897,0.002416689097551871,0.029235747364852727,0.029235747364852727,2.9994650042545232,0.004028326128843435,0.0,True,A,0.792603635910139
0.579705093989215,0.2477592998983491,1.0705052156796864,0.7283479977905647,1.268010860006394,0.0,56.188373593671145,46.057812908801,10.130560684870147,86812.5656809865,86812.5656809865,120.0,115560.0,53.72642027106804,13.726420271068037,173.62513136197302,289.3752189366217,0.0023468026287940895,0.028809922628367457,0.028809922628367457,3.0887873932521916,0.003958439660085653,-0.02959579775073055,False,A,0.7920415078172859
0.5763581495063063,0.2474767458423745,1.0694713067219648,0.7288475142116547,1.2677923859456293,0.0,56.17118166799207,46.05839607653178,10.112785591460295,86267.35061306454,86267.35061306454,120.0,115560.0,53.72642027106804,13.726420271068037,172.53470122612907,287.5578353768818,0.0024092828851824313,0.029190914891204203,0.029190914891204203,3.00868545526625,0.004020919916473995,-0.0028951517554166215,False,A,0.792545198276508
0.5760354993191674,0.24744978140055726,1.0693717292783453,0.7288957466610211,1.2677713950845921,0.0,56.169526912462004,46.05845211286129,10.111074799600715,86214.8433420134,86214.8433420134,120.0,115560.0,53.72642027106804,13.726420271068037,172.4296866840268,287.3828111400447,0.002415576056623998,0.029229014117487875,0.029229014117487875,3.0008470875477835,0.004027213087915562,-0.00028236251592783645,False,A,0.7925948702279761
0.5760033513390193,0.24744709738095674,1.0693618085527512,0.7289005531643908,1.2677693042935962,0.0,56.16936206191673,46.058457694406684,10.110904367510045,86209.61216062342,86209.61216062342,120.0,115560.0,53.72642027106804,13.726420271068037,172.41922432124684,287.36537386874477,0.0024162058252261832,0.029232824040116245,0.029232824040116245,3.000064935938031,0.004027842856517747,-2.1645312677046984e-05,False,A,0.7925998306491359
0.575982267963935,0.2474453374001057,1.069355302404109,0.7289037054526174,1.2677679331724285,0.0,56.16925395162349,46.058461354737574,10.110792596885915,86206.18148220213,86206.18148220213,120.0,115560.0,53.72642027106804,13.726420271068037,172.41236296440425,287.3539382740071,0.0024166191122112586,0.029235324040116244,0.029235324040116244,2.9995518688245015,0.0040282561435028225,0.0,True,A,0.7926030849175338
0.5759611937186331,0.24744357838730904,1.0693487991428139,0.7289068564345534,1.2677665626980654,0.0,56.16914589007405,46.05846501334611,10.11068087672794,86202.7523282163,86202.7523282163,120.0,115560.0,53.72642027106809,13.726420271068093,172.4055046564326,287.34250776072105,0.0024170324345392513,0.029237824040116243,0.029237824040116243,2.9990389333158,0.004028669465830815,0.0,True,A,0.7926063386575344
0.5759936619303867,0.24744628851078854,1.0693588184756941,0.728902001872423,1.2677686741529177,0.0,56.16931237680433,46.058459376623205,10.110853000181123,86208.03549907166,86208.03549907166,120.0,115560.0,53.72642027106809,13.726420271068093,172.4160709981433,287.3601183302389,0.00241639573529747,0.029233972845105607,0.029233972845105607,2.999829153968411,0.0040280327665890335,0.0,True,A,0.7926013261226789
0.5759725827512098,0.24744452897486036,1.069352313654038,0.7289051535603043,1.2677673033290153,0.0,56.169204288913136,46.05846303616249,10.110741252750643,86204.60552126185,86204.60552126185,120.0,115560.0,53.72642027106809,13.726420271068093,172.4092110425237,287.3486850708729,0.0024168090385233935,0.02923647284510561,0.02923647284510561,2.9993161473357843,0.004028446069814957,0.0,True,A,0.7926045801482329
0.5760506767986739,0.24745104872759616,1.0693764130384782,0.7288934774957733,1.2677723822171039,0.0,56.16960474210748,46.05844947763012,10.111155264477361,86217.31308219013,86217.31308219013,120.0,115560.0,53.72642027106809,13.726420271068093,172.43462616438026,287.39104360730045,0.0024152789075975833,0.029227216277137175,0.029227216277137175,3.001216278363668,0.004026915938889147,-0.0004054261212226666,False,A,0.7925925290594644
0.5759993604140434,0.2474467642139541,1.0693605769821757,0.7289011498644288,1.2677690447465562,0.0,56.16934159729993,46.05845838729044,10.11088321000949,86208.96275591367,86208.96275591367,120.0,115560.0,53.72642027106804,13.726420271068037,172.41792551182735,287.3632091863789,0.0024162840409106636,0.029233297188308766,0.029233297188308766,2.999967823128248,0.004027921072202227,0.0,True,A,0.7926004465901715
0.5759782787672078,0.24744500441636605,1.0693540713801064,0.7289043019053806,1.2677676737478296,0.0,56.169233496233915,46.05846204729528,10.110771448938635,86205.53236606762,86205.53236606762,120.0,115560.0,53.72642027106804,13.726420271068037,172.41106473213526,287.35177455355876,0.002416697334584714,0.029235797188308765,0.029235797188308765,2.9994547809256047,0.004028334365876278,0.0,True,A,0.7926037007585442
0.5762851496613989,0.24747064089392878,1.069448775817016,0.7288584256338766,1.26778763566023,0.0,56.17080723876154,46.05840875760532,10.11239848115622,86255.47000587102,86255.47000587102,120.0,115560.0,53.72642027106809,13.726420271068093,172.51094001174204,287.5182333529034,0.002410702368175624,0.029199512865742155,0.029199512865742155,3.006913864591267,0.004022339399467187,-0.002304621530422324,False,A,0.7925564186904398
0.576027864092416,0.24744914389572098,1.0693693730661376,0.7288968882053748,1.2677708985052563,0.0,56.169487759633455,46.058453438521326,10.111034321112129,86213.60091499236,86213.60091499236,120.0,115560.0,53.72642027106804,13.726420271068037,172.42720182998474,287.37866971664124,0.0024157255831912115,0.029229918756052103,0.029229918756052103,3.000661343617739,0.004027362614482775,-0.00022044787257972467,False,A,0.7925960481553006
0.5760022100311069,0.24744700210250706,1.06936145635313,0.7289007238059388,1.2677692300692331,0.0,56.16935620952478,46.05845789255517,10.11089831696961,86209.42644645796,86209.42644645796,120.0,115560.0,53.72642027106804,13.726420271068037,172.41885289291594,287.36475482152656,0.002416228192234259,0.0292329593450831,0.0292329593450831,3.0000371643571575,0.004027865223525823,-1.2388119052501404e-05,False,A,0.7926000067901364
0.5760004983220516,0.24744685920706966,1.0693609281320993,0.7289009797307846,1.2677691187494204,0.0,56.1693474322438,46.058458189733244,10.110889242510552,86209.14791656131,86209.14791656131,120.0,115560.0,53.72642027106809,13.726420271068093,172.41829583312264,287.36382638853775,0.0024162617389688365,0.02923316227850788,0.02923316227850788,2.9999955126400213,0.0040278987702604,0.0,True,A,0.7926002709674577
0.5759794161824535,0.24744509935722986,1.0693544223741902,0.7289041318422403,1.267767747715784,0.0,56.169239328546894,46.05846184983102,10.110777478715875,86205.71744443613,86205.71744443613,120.0,115560.0,53.72642027106804,13.726420271068037,172.41143488887226,287.35239148145376,0.0024166750307356437,0.02923566227850788,0.02923566227850788,2.9994824633346484,0.004028312062027207,0.0,True,A,0.7926035251643503
0.5774464003552723,0.24756804860391002,1.0698072872396014,0.7286849349423233,1.2678632764670434,0.0,56.176766244141845,46.0582068378061,10.118559406335748,86444.51719813493,86444.51719813493,120.0,115560.0,53.72642027106809,13.726420271068093,172.88903439626986,288.14839066044976,0.0023884178043895835,0.02906423918522913,0.02906423918522913,3.034969158640517,0.004000054835681147,-0.011656386213505657,False,A,0.7923791488355827
0.5761431883266372,0.2474587757948866,1.0694049628192084,0.7288796468762315,1.2677783996961396,0.0,56.170079159987154,46.058433413526416,10.111645746460738,86232.36736389439,86232.36736389439,120.0,115560.0,53.72642027106804,13.726420271068037,172.46473472778877,287.44122454631463,0.0024134700842349424,0.029216269969180003,0.029216269969180003,3.003465599851472,0.004025107115526506,-0.0011551999504906263,False,A,0.7925782687401703
0.5760147485335669,0.2474480488725031,1.0693653256583477,0.7288988491333277,1.2677700455127205,0.0,56.16942050469362,46.05845571565766,10.110964789035961,86211.46672378009,86211.46672378009,120.0,115560.0,53.72642027106804,13.726420271068037,172.42293344756018,287.3715557459337,0.002415982500882687,0.02923147304757509,0.02923147304757509,3.0003422506669324,0.0040276195321742505,-0.00011408355564412886,False,A,0.7925980718321819
0.5760019231555248,0.24744697815370925,1.0693613678253686,0.7289007666978908,1.2677692114124535,0.0,56.16935473848673,46.05845794236109,10.110896796125644,86209.37976594498,86209.37976594498,120.0,115560.0,53.72642027106809,13.726420271068093,172.41875953188995,287.36459921981657,0.0024162338144340934,0.0292329933554146,0.0292329933554146,3.000030183737836,0.004027870845725657,-1.0061245945269803e-05,False,A,0.7926000510647923
0.576001095058447,0.2474469090231549,1.0693611122805815,0.7289008905101634,1.267769157557719,0.0,56.16935049218,46.058458086131054,10.110892406048947,86209.24501768734,86209.24501768734,120.0,115560.0,53.72642027106809,13.726420271068093,172.41849003537467,287.3641500589578,0.0024162500437383255,0.029233091531001596,0.029233091531001596,3.000010033338799,0.004027887075029889,-3.3444462662994092e-06,False,A,0.7926001788692414
0.5759800126604357,0.2474451491459131,1.069354606440947,0.7289040426585923,1.2677677865057742,0.0,56.16924238710345,46.0584617462776,10.110780640825851,86205.81450241352,86205.81450241352,120.0,115560.0,53.72642027106804,13.726420271068037,172.41162900482703,287.3527150080451,0.0024166633345049644,0.029235591531001595,0.029235591531001595,2.999496980308656,0.004028300365796528,0.0,True,A,0.79260343308109
0.5759589393917144,0.2474433902366563,1.0693481034884975,0.728907193500796,1.2677664161005942,0.0,56.16913433076786,46.05846540470196,10.110668926065898,86202.3855114891,86202.3855114891,120.0,115560.0,53.72642027106804,13.726420271068037,172.40477102297822,287.34128503829703,0.00241707666061452,0.029238091531001598,0.029238091531001598,2.998984058878526,0.004028713691906083,0.0,True,A,0.7926066867645694
0.5759988136844767,0.24744671857291672,1.069360408265582,0.7289012316084377,1.2677690091905252,0.0,56.169338793792065,46.058458482210426,10.110880311581639,86208.87379199555,86208.87379199555,120.0,115560.0,53.72642027106809,13.726420271068093,172.4177475839911,287.36291263998515,0.002416294756525223,0.029233362009412657,0.029233362009412657,2.9999545190812964,0.004027931787816787,0.0,True,A,0.7926005309723598
0.5759777322743974,0.2474449588004338,1.0693539027383894,0.7289043836155149,1.2677676382085732,0.0,56.16923069399013,46.05846214217058,10.110768551819547,86205.44344168197,86205.44344168197,120.0,115560.0,53.72642027106809,13.726420271068093,172.41088688336396,287.35147813893997,0.0024167080511156604,0.029235862009412656,0.029235862009412656,2.9994414802913107,0.004028345082407224,0.0,True,A,0.7926037851270304
0.57609294147247,0.24745457841143223,1.0693894560800121,0.7288871587198431,1.2677751312264984,0.0,56.16982147931742,46.058442138936414,10.111379340381006,86224.1906651667,86224.1906651667,120.0,115560.0,53.72642027106804,13.726420271068037,172.4483813303334,287.413968883889,0.002414452021490535,0.029222212787095813,0.029222212787095813,3.002244115745708,0.004026089052782099,-0.0007480385819026066,False,A,0.7925860120156085
0.5760082182821782,0.24744750368895613,1.0693633104595952,0.7288998254900279,1.2677696208144467,0.0,56.16938701866252,46.058456849426534,10.110930169235985,86210.40411320359,86210.40411320359,120.0,115560.0,53.72642027106809,13.726420271068093,172.4208082264072,287.36801371067867,0.002416110451389945,0.029232247087180974,0.029232247087180974,3.000183360864233,0.004027747482681508,-6.112028807766141e-05,False,A,0.792599079550182
0.5759997540624964,0.2474467970758511,1.0693606984591293,0.7289010910082933,1.267769070347126,0.0,56.16934361584265,46.05845831894749,10.110885296895162,86209.02681046589,86209.02681046589,120.0,115560.0,53.72642027106809,13.726420271068093,172.41805362093177,287.36342270155296,0.0024162763256953767,0.029233250517189488,0.029233250517189488,2.999977402081349,0.00402791335698694,0.0,True,A,0.7926003858348735
0.575978672245195,0.24744503726018716,1.0693541928031487,0.7289042430736354,1.2677676993363232,0.0,56.16923551386651,46.05846197898444,10.110773534882071,86205.5963921562,86205.5963921562,120.0,115560.0,53.72642027106804,13.726420271068037,172.41119278431242,287.351987973854,0.0024166896187096305,0.029235750517189487,0.029235750517189487,2.999464357421581,0.004028326650001194,0.0,True,A,0.7926036400131129
0.5764722302881417,0.24748629131896965,1.0695065186571329,0.7288304637572521,1.2677998107447872,0.0,56.171766855008,46.05837625584496,10.11339059916304,86285.91801207645,86285.91801207645,120.0,115560.0,53.72642027106804,13.726420271068037,172.5718360241529,287.61972670692154,0.0024070696483425545,0.029177504001853812,0.029177504001853812,3.01145186191916,0.0040187066796341184,-0.003817287306386715,False,A,0.7925276843825864
0.5760467964740711,0.24745072470841417,1.0693752155694216,0.7288940576351658,1.2677721298409241,0.0,56.16958484382775,46.05845015136879,10.111134692458961,86216.68165833179,86216.68165833179,120.0,115560.0,53.72642027106804,13.726420271068037,172.4333633166636,287.388938861106,0.0024153548671533914,0.02922767586565592,0.02922767586565592,3.001121894280199,0.004026991898444955,-0.0003739647600663846,False,A,0.7925931275669905
0.5760044562591463,0.2474471896222636,1.0693621495235524,0.7289003879634914,1.2677693761516475,0.0,56.16936772772499,46.05845750257532,10.110910225149667,86209.7919538596,86209.7919538596,120.0,115560.0,53.72642027106804,13.726420271068037,172.41958390771921,287.36597317953203,0.0024161841719331123,0.029232693052036133,0.029232693052036133,3.0000918218377257,0.004027821203224676,-3.0607279241904685e-05,False,A,0.7925996601264147
0.576000224261724,0.24744683632832498,1.069360843559108,0.7289010207067371,1.2677691009261298,0.0,56.169346026921744,46.058458237314085,10.11088778960766,86209.10332139266,86209.10332139266,120.0,115560.0,53.72642027106804,13.726420271068037,172.41820664278532,287.36367773797554,0.0024162671102400707,0.029233194770674154,0.029233194770674154,2.9999888437624254,0.004027904141531634,0.0,True,A,0.7926003132652106
0.5364589663859313,0.24451111320721097,1.057289007175159,0.7349159697275627,1.265297422941159,0.0,55.96999582540781,46.06506379464389,9.904932030763916,79833.85472782559,79833.85472782559,120.0,115560.0,53.72642027106809,13.726420271068093,159.66770945565116,266.11284909275196,0.004082813812605295,0.038,0.038,1.7754359387857443,0.005694450843896859,0.0,True,B,0.8021786427046973
0.5364562045840527,0.24451093409511312,1.057288171509904,0.7349163962268089,1.2652972555867055,0.0,55.96998212190289,46.0650642423862,9.904917879516688,79833.41364763901,79833.41364763901,120.0,115560.0,53.72642027106809,13.726420271068093,159.66682729527804,266.1113788254634,0.004083082427612907,0.038,0.0380025,1.775435938785744,0.005694719458904471,0.0,True,B,0.8021798909091422
0.5405563376797459,0.24478461857492018,1.0584714107642836,0.734271600519039,1.2654910310190943,0.0,55.98983448687301,46.06454585731069,9.925288629562317,80288.69662508533,80288.69662508533,120.0,115560.0,53.72642027106809,13.726420271068093,160.57739325017067,267.62898875028446,0.00408273215741742,0.037998479999999994,0.038,1.7754359387857443,0.005694369188708984,0.0,True,B,0.8017397687077455
0.5364562592617654,0.24451093710699803,1.0572881926582276,0.7349163894196385,1.2652972635928015,0.0,55.96998243404522,46.065064220966576,9.904918213078645,79833.42004614454,79833.42004614454,120.0,115560.0,53.72642027106804,13.726420271068037,159.66684009228908,266.11140015381517,0.004083082427612907,0.038,0.0380025,1.7752023518453945,0.005694719458904471,0.0,True,B,0.8021798871150777
0.5405833116398463,0.24478631490007938,1.058479701153203,0.7342677449658513,1.2654929299156614,0.0,55.989969476178544,46.06454077785003,9.925428698328517,80291.70366918255,80291.70366918255,120.0,115560.0,53.72642027106809,13.726420271068093,160.5834073383651,267.6390122306085,0.00408273215741742,0.037998479999999994,0.038,1.775438569064131,0.005694369188708984,0.0,True,B,0.8017372874646806
0.5649781044579497,0.2455863779515475,1.0785489895948712,0.7342321341841612,1.2794466793691832,0.0,56.22831673128104,46.02744349742403,10.20087323385701,82996.22211730789,82996.22211730789,120.0,115560.0,53.72642027106804,13.726420271068037,165.9924442346158,276.65407372435965,0.002623801495758974,0.022612769333262887,0.037688897404898045,1.8319063820454833,0.004235438527050538,0.0,True,B,0.7978404021497367
0.5524972417539985,0.24536896578824882,1.0657821022213896,0.7333298970981542,1.2698558728205882,0.0,56.081075245596026,46.052892532808244,10.028182712787782,81608.76777966003,81608.76777966003,120.0,115560.0,53.72642027106804,13.726420271068037,163.21753555932005,272.0292259322001,0.0032931387761335608,0.03027138600210759,0.03784437200335394,1.8034086759068169,0.004904775807425124,0.0,True,B,0.7985439147663058
0.5481731237603429,0.2452186333119826,1.0622145813618433,0.7334160219516876,1.2673646387274515,0.0,56.039862154050866,46.059538177414424,9.980323976636441,81133.10590622069,81133.10590622069,120.0,115560.0,53.72642027106804,13.726420271068037,162.26621181244138,270.443686354069,0.0036725117164987647,0.03412469170953888,0.03792212171913303,1.7893655015914112,0.005284148747790329,0.0,True,B,0.7997710405228475
0.5463311823190296,0.24514213343921343,1.0608349724953292,0.7335118793900229,1.266444892622332,0.0,56.02371249635877,46.06199539248496,9.96171710387381,80930.14869439244,80930.14869439244,120.0,115560.0,53.72642027106804,13.726420271068037,161.8602973887849,269.7671623146415,0.003873625980319574,0.036058270991945376,0.037961018268156406,1.782391320211684,0.005485263011611138,0.0,True,B,0.800505436160228
0.5454768684187021,0.24510411709339316,1.0602241680816726,0.733567992857277,1.2660480021587106,0.0,56.0164995277334,46.06305634990741,9.953443177825989,80835.83527564254,80835.83527564254,120.0,115560.0,53.72642027106804,13.726420271068037,161.6716705512851,269.45278425214184,0.003977103100875718,0.03702717053624699,0.03798047952182912,1.77891466178981,0.005588740132167282,0.0,True,B,0.8008967827776274
0.5450648792680121,0.24508521159761676,1.0599362716378187,0.7335976518072473,1.265863435019796,0.0,56.01308329255107,46.06354985657259,9.94953343597848,80790.29995205873,80790.29995205873,120.0,115560.0,53.72642027106804,13.726420271068037,161.58059990411746,269.3009998401958,0.004029594964411382,0.03751233090180217,0.03799021705640182,1.7771782819362811,0.005641231995702946,0.0,True,B,0.8010980034539301
0.5448624513649873,0.24507578644128641,1.0597964128241488,0.7336128390136089,1.2657743899036102,0.0,56.01141950733137,46.063787979465815,9.947631527865553,80767.9123611815,80767.9123611815,120.0,115560.0,53.72642027106809,13.726420271068093,161.535824722363,269.2263745372717,0.004056039642724854,0.037755178946604226,0.037995089357321335,1.7763102575310565,0.005667676674016418,0.0,True,B,0.8011999786744731
0.5447620760639403,0.2450710797088508,1.05972745420295,0.733620519246885,1.2657306386055884,0.0,56.010598106156465,46.06390498527463,9.946693120881832,80756.80768077384,80756.80768077384,120.0,115560.0,53.72642027106804,13.726420271068037,161.5136153615477,269.1893589359128,0.004069316529247426,0.0378767133856977,0.03799752726195872,1.7758761318381828,0.00568095356053899,0.0,True,B,0.801251319185915
0.5447120809533974,0.2450687271654944,1.0596932041022606,0.733624381545087,1.2657089465737543,0.0,56.01018987029306,46.063962998798786,9.946226871494275,80751.27571987131,80751.27571987131,120.0,115560.0,53.72642027106804,13.726420271068037,161.50255143974263,269.17091906623773,0.004075970659391039,0.037937526729653594,0.037998747024085726,1.7756589745894578,0.005687607690682603,0.0,True,B,0.8012770847750459
0.544687128994568,0.2450675509990836,1.0596761344177361,0.7336263183445815,1.265698145162009,0.0,56.009986345733864,46.06399188668479,9.945994459049075,80748.51455260262,80748.51455260262,120.0,115560.0,53.72642027106804,13.726420271068037,161.49702910520523,269.16171517534207,0.004079301963823381,0.03796794778964238,0.037999357164855356,1.775550362189627,0.005690938995114945,0.0,True,B,0.8012899925375006
0.544674673692569,0.24506696338233783,1.0596676197346266,0.7336272874235015,1.265692759593748,0.0,56.00988480717285,46.06400629024574,9.94587851692711,80747.13619895221,80747.13619895221,120.0,115560.0,53.72642027106804,13.726420271068037,161.49427239790444,269.15712066317406,0.0040809674324571435,0.03798315056120767,0.037999662072416215,1.7754960880878314,0.005692604463748707,0.0,True,B,0.8012964478292057
0.544670864184452,0.24506670071176503,1.0596664770946138,0.7336278750864708,1.2656925391930556,0.0,56.009865912183955,46.064006879703015,9.94585903248094,80746.57662977965,80746.57662977965,120.0,115560.0,53.72642027106804,13.726420271068037,161.4931532595593,269.15525543259884,0.004081235928376149,0.037983151591062456,0.03800216104211378,1.7754960880878317,0.005692872959667713,0.0,True,B,0.8012978030628491
0.5446740817184941,0.24506693658809794,1.0596671962349173,0.7336273295576463,1.265692485243094,0.0,56.009879823544395,46.06400702399117,9.945872799553229,80747.07241937905,80747.07241937905,120.0,115560.0,53.72642027106809,13.726420271068093,161.4941448387581,269.15690806459685,0.004081049064720985,0.037983151591062456,0.037999662072416215,1.7754960880878317,0.005692686096012549,0.0,True,B,0.8012967600688766
0.5446709114098162,0.2450667034623163,1.0596664960483884,0.7336278694103141,1.2656925467537559,0.0,56.00986618921638,46.064006859482106,9.945859329734276,80746.58222859466,80746.58222859466,120.0,115560.0,53.72642027106804,13.726420271068037,161.49316445718932,269.1552740953156,0.0040812359283834265,0.03798315056120767,0.03800216207241621,1.7752624911567478,0.00569287295967499,0.0,True,B,0.8012978000366959
0.5446740897357922,0.24506693674050264,1.059667203297835,0.7336273296309936,1.265692490302664,0.0,56.00987990455695,46.06400701045942,9.945872894097533,80747.0732786947,80747.0732786947,120.0,115560.0,53.72642027106804,13.726420271068037,161.4941465573894,269.15691092898237,0.0040810490647254115,0.03798315056120767,0.037999662072416215,1.7754934577050143,0.005692686096016975,0.0,True,B,0.8012967606712669
0.5457237569972766,0.2451396264274385,1.0599817430576162,0.7334653067112827,1.2657528838584913,0.0,56.01508485357914,46.06384549335979,9.951239360219347,80901.46235011819,80901.46235011819,120.0,115560.0,53.72642027106804,13.726420271068037,161.8029247002364,269.67154116706064,0.004008577449507621,0.037644258493493066,0.03766153623640585,1.8075200051136686,0.005620214480799185,0.0,True,B,0.8009289671449886
0.5457197700472837,0.2451393495644482,1.0599805464346879,0.7334659211991927,1.2657526525938736,0.0,56.015065060297616,46.063846111839666,9.95121894845795,80900.87637252168,80900.87637252168,120.0,115560.0,53.72642027106809,13.726420271068093,161.8017527450434,269.6695879084057,0.004008843549939893,0.03764520490410988,0.03766327864762728,1.8075200051136686,0.005620480581231457,0.0,True,B,0.8009303289080362
0.5457231430430914,0.24513959824737735,1.059981303500687,0.7334653502268599,1.2657525990163887,0.0,56.01507967896674,46.06384625512402,9.951233423842723,80901.3961577375,80901.3961577375,120.0,115560.0,53.72642027106804,13.726420271068037,161.80279231547502,269.6713205257917,0.004008657632041935,0.03764520490410988,0.03766153623640585,1.8075200051136686,0.005620294663333499,0.0,True,B,0.8009292739603463
0.5457198201967347,0.24513935251664207,1.0599805665261157,0.7334659151642975,1.2657526605885665,0.0,56.01506535425921,46.06384609045915,9.951219263800056,80900.88233725855,80900.88233725855,120.0,115560.0,53.72642027106809,13.726420271068093,161.8017646745171,269.66960779086185,0.004008843556629332,0.037644258493493066,0.03766403623640585,1.8072800600364196,0.005620480587920896,0.0,True,B,0.80093032571805
0.545723151462725,0.24513959841473176,1.0599813109118046,0.7334653503022528,1.2657526043257123,0.0,56.01507976398523,46.0638462409251,9.951233523060125,80901.39706082125,80901.39706082125,120.0,115560.0,53.72642027106809,13.726420271068093,161.8027941216425,269.6713235360709,0.004008657635536362,0.037644258493493066,0.03766153623640585,1.8075173272877254,0.005620294666827926,0.0,True,B,0.8009292746044587
0.5517932364390253,0.24557012556868044,1.0618028963328863,0.7325309635712265,1.2661036780958457,0.0,56.04526285299215,46.06290749602465,9.982355356967503,81796.15186053574,81796.15186053574,120.0,115560.0,53.72642027106804,13.726420271068037,163.5923037210715,272.6538395351192,0.0036547079823311887,0.035941708487255995,0.03596295040197759,1.982295931483702,0.005266345013622753,0.0,True,B,0.7990501165890189
0.5517881954547538,0.2455697612093298,1.0618013779385698,0.732531736515308,1.2661033814514526,0.0,56.04523769460269,46.06290828910676,9.982329405495932,81795.40835714285,81795.40835714285,120.0,115560.0,53.72642027106804,13.726420271068037,163.5908167142857,272.65136119047617,0.003654962048147208,0.035944207340318404,0.03596295040197759,1.982295931483702,0.005266599079438772,0.0,True,B,0.7990515241790616
0.5517924957650318,0.24557008884049947,1.0618023637614684,0.73253101479773,1.2661033323661435,0.0,56.04525656899858,46.06290842033695,9.982348148661629,81796.07169341116,81796.07169341116,120.0,115560.0,53.72642027106809,13.726420271068093,163.5921433868223,272.6535723113705,0.00365478107795514,0.03594314681546456,0.03596295040197759,1.9822959314837016,0.005266418109246704,0.0,True,B,0.7990503966000514
0.5517882638010879,0.24556976547386009,1.0618014050817484,0.7325317282483829,1.2661033921185527,0.0,56.04523809393919,46.06290826058819,9.982329833351002,81795.41662245292,81795.41662245292,120.0,115560.0,53.72642027106804,13.726420271068037,163.59083324490584,272.6513887415097,0.0036549620889673984,0.035941708487255995,0.035965450401977586,1.982020357701992,0.005266599120258962,0.0,True,B,0.7990515199498467
0.5517925065986226,0.24557008910875922,1.0618023732603785,0.7325310148864922,1.2661033391739427,0.0,56.04525667808224,46.0629084021362,9.982348275946038,81796.07286020306,81796.07286020306,120.0,115560.0,53.72642027106804,13.726420271068037,163.5921457204061,272.65357620067687,0.0036547810986472503,0.035941708487255995,0.03596295040197759,1.9822929947288626,0.005266418129938814,0.0,True,B,0.7990503974820058
0.6260299962800479,0.2522079057569795,1.0845466043020098,0.7214924370791675,1.2707505705560753,0.0,56.42713386843843,46.05050938310569,10.37662448533274,93025.09184209986,93025.09184209986,120.0,115560.0,53.72642027106804,13.726420271068037,186.05018368419974,310.08363947366627,0.0020869134393251675,0.02714608969652977,0.027187766669835942,3.4684210952346106,0.0036985504706167315,-0.15614036507820353,False,B,0.7869423825057564
0.5555416654621324,0.24584459174504122,1.062930772169926,0.7319563065359457,1.266322764984276,0.0,56.063979351372666,46.06232182140809,10.001657529964575,82350.31104868517,82350.31104868517,120.0,115560.0,53.72642027106804,13.726420271068037,164.70062209737034,274.5010368289506,0.0034782875622219444,0.03506206783056651,0.03508543202876342,2.082693863427643,0.005089924593513508,0.0,True,B,0.7980508737864952
0.5555359523037916,0.24584416881131105,1.062929047631314,0.731957179752662,1.2663224259239219,0.0,56.06395074618092,46.06232272771467,10.00162801846625,82349.46650686358,82349.46650686358,120.0,115560.0,53.72642027106809,13.726420271068093,164.69893301372716,274.4982216895453,0.003478535410224798,0.03506456665875364,0.03508543202876342,2.082693863427643,0.005090172441516362,0.0,True,B,0.7980523150206676
0.5555408469192558,0.24584454928912344,1.0629301820689288,0.7319563622850782,1.266322381500016,0.0,56.06397237857277,46.06232284645955,10.00164953211322,82350.22223924067,82350.22223924067,120.0,115560.0,53.72642027106804,13.726420271068037,164.70044447848133,274.5007407974689,0.0034783571246543724,0.035063470970966924,0.03508543202876342,2.0826938634276435,0.005089994155945936,0.0,True,B,0.7980511401534262
0.5555360329221759,0.24584417401226996,1.0629290795117683,0.7319571699830761,1.2663224383740737,0.0,56.06395121667475,46.062322694435466,10.001628522239287,82349.47634309258,82349.47634309258,120.0,115560.0,53.72642027106809,13.726420271068093,164.69895268618518,274.4982544769753,0.0034785354690690475,0.03506206783056651,0.035087932028763424,2.0823970919242374,0.005090172500360611,0.0,True,B,0.7980523100812004
0.555540859310418,0.24584454963217134,1.0629301929150663,0.7319563623839812,1.2663223892758015,0.0,56.063972503227205,46.062322825674926,10.00164967755228,82350.22357715791,82350.22357715791,120.0,115560.0,53.72642027106804,13.726420271068037,164.70044715431584,274.5007452571931,0.003478357153970028,0.03506206783056651,0.03508543202876342,2.08269077793419,0.005089994185261592,0.0,True,B,0.7980511411815279
0.6686350041580923,0.2571248739983319,1.097949566601881,0.7154916206132781,1.273678203907442,0.0,56.65705782033649,46.04272433158951,10.61433348874698,99726.74116291964,99726.74116291964,120.0,115560.0,53.72642027106809,13.726420271068093,199.4534823258393,332.4224705430655,0.0017662667033266919,0.02498549931888711,0.025000000000000005,4.102030265660785,0.003377903734618256,-0.3673434218869283,False,B,0.782615859071586
0.5604695647682134,0.2462153847741216,1.0644171075773596,0.7312035936909148,1.266613530999648,0.0,56.088676483899405,46.061544705087556,10.02713177881185,83080.77561697115,83080.77561697115,120.0,115560.0,53.72642027106804,13.726420271068037,166.1615512339423,276.9359187232372,0.0032812238783763025,0.03405431002106233,0.03407688882588708,2.2077973014190566,0.004892860909667866,0.0,True,B,0.7968716391600994
0.5604629477345121,0.24621487974881345,1.0644151047236161,0.7312046008058081,1.2666131340569846,0.0,56.08864321321937,46.06154576584123,10.02709744737814,83079.79449446146,83079.79449446146,120.0,115560.0,53.72642027106804,13.726420271068037,166.1595889889229,276.9326483148715,0.0032814646029591873,0.03405680882142393,0.03407688882588708,2.207797301419057,0.004893101634250751,0.0,True,B,0.7968731290131741
0.5604686445094585,0.24621533428263093,1.0644164418980073,0.7312036550954664,1.2666130978066388,0.0,56.08866860303601,46.061545862713444,10.027122740322568,83080.67545434943,83080.67545434943,120.0,115560.0,53.72642027106809,13.726420271068093,166.16135090869886,276.9355848478315,0.003281289500507264,0.034055672847422704,0.03407688882588708,2.2077973014190566,0.004892926531798828,0.0,True,B,0.7968718899380621
0.5604630423074631,0.24621488607790112,1.064415142251339,0.7312045894322523,1.266613148800349,0.0,56.08864376737324,46.06154572644243,10.02709804093081,83079.80607389055,83079.80607389055,120.0,115560.0,53.72642027106804,13.726420271068037,166.1596121477811,276.9326869129685,0.0032814646596317563,0.03405431002106233,0.03407938882588708,2.2074733935677795,0.00489310169092332,0.0,True,B,0.7968731232797409
0.5604686586453577,0.24621533471837923,1.064416454307457,0.7312036552354608,1.2666131067253572,0.0,56.08866874573579,46.06154583887985,10.027122906855936,83080.6769855308,83080.6769855308,120.0,115560.0,53.72642027106804,13.726420271068037,166.1613539710616,276.9355899517694,0.003281289526807737,0.03405431002106233,0.03407688882588708,2.2077940305859935,0.004892926558099301,0.0,True,B,0.7968718911145062
0.6686350079834127,0.2571248744971244,1.0979495691806096,0.715491620291774,1.2736782055011873,0.0,56.65705785280801,46.04272432735695,10.614333525451059,99726.74160938634,99726.74160938634,120.0,115560.0,53.72642027106809,13.726420271068093,199.4534832187727,332.42247203128784,0.0017662666346824132,0.024985534909205524,0.02500000000000005,4.102030493730658,0.003377903665973977,-0.3673434979102194,False,B,0.7826158587364836
0.5655762922316043,0.24661154616674685,1.0659615707875179,0.7304268842594196,1.2669180592096652,0.0,56.11437916369812,46.06073102078568,10.053648142912436,83840.12053111434,83840.12053111434,120.0,115560.0,53.72642027106809,13.726420271068093,167.68024106222867,279.4670684370478,0.003108780448883747,0.033147351895803805,0.03316919994329837,2.3302851272308325,0.00472041748017531,0.0,True,B,0.7957731752490174
0.5655687152220946,0.24661094991028773,1.0659592710105201,0.7304280324308485,1.266917599781474,0.0,56.114340900565594,46.060732248190504,10.05360865237509,83838.99346759282,83838.99346759282,120.0,115560.0,53.72642027106804,13.726420271068037,167.67798693518566,279.4633115586428,0.003109014762557587,0.03314985067147834,0.03316919994329837,2.3302851272308334,0.004720651793849151,0.0,True,B,0.7957747195154125
0.5655752671703294,0.24661148673917582,1.065960826728567,0.7304269511904302,1.266917574337379,0.0,56.11437033729328,46.060732316166764,10.053638021126517,83840.00859446073,83840.00859446073,120.0,115560.0,53.72642027106804,13.726420271068037,167.68001718892145,279.4666953148691,0.0031088426229910573,0.033148678439528144,0.03316919994329837,2.330285127230834,0.004720479654282621,0.0,True,B,0.7957734119051126
0.5655688247757074,0.24661095751521483,1.0659593146362611,0.7304280193601034,1.2669176170224545,0.0,56.11434154521061,46.06073220212966,10.05360934308095,83839.0069294096,83839.0069294096,120.0,115560.0,53.72642027106804,13.726420271068037,167.6780138588192,279.46335643136536,0.0031090148170550905,0.033147351895803805,0.033171699943298376,2.329933894505389,0.004720651848346654,0.0,True,B,0.7957747129606193
0.565575283126547,0.24661148728301344,1.0659608407790542,0.7304269513803078,1.26691758446033,0.0,56.114370498977905,46.06073228912237,10.053638209855535,83840.0103285355,83840.0103285355,120.0,115560.0,53.72642027106809,13.726420271068093,167.680020657071,279.46670109511837,0.0031088426466487954,0.033147351895803805,0.03316919994329837,2.3302816749331563,0.004720479677940359,0.0,True,B,0.79577341324612
0.668635009449256,0.25712487469342693,1.0979495701212085,0.715491620145535,1.2736782060642824,0.0,56.65705786472148,46.04272432586151,10.614333538859967,99726.74178056045,99726.74178056045,120.0,115560.0,53.72642027106804,13.726420271068037,199.4534835611209,332.42247260186815,0.0017662666054216894,0.024985553155321832,0.025000000000000185,4.102030609635409,0.003377903636713253,-0.3673435365451363,False,B,0.7826158585723376
0.5708099950608542,0.24703010138533268,1.0675487923545508,0.7296343759367051,1.2672334713657534,0.0,56.140836700567434,46.05988848539101,10.08094821517642,84620.90451164937,84620.90451164937,120.0,115560.0,53.72642027106804,13.726420271068037,169.24180902329874,282.06968170549794,0.002957561563302737,0.032331107260590526,0.032352279948968554,2.4494538299998725,0.004569198594594301,0.0,True,B,0.7947477654678106
0.5708014120183503,0.24702940517297878,1.0675461798754076,0.7296356706686625,1.2672329453684974,0.0,56.140793162191414,46.059889890250645,10.08090327194077,84619.62353747615,84619.62353747615,120.0,115560.0,53.72642027106804,13.726420271068037,169.2392470749523,282.06541179158717,0.002957790107283367,0.03233360601422917,0.032352279948968554,2.4494538299998734,0.004569427138574931,0.0,True,B,0.7947493686077935
0.5708088632354331,0.24703003216559258,1.0675479678578723,0.7296344481743166,1.267232933355829,0.0,56.140826899003685,46.05988992233466,10.080936976669022,84620.7804996551,84620.7804996551,120.0,115560.0,53.72642027106804,13.726420271068037,169.2415609993102,282.0692683321837,0.0029576207137653287,0.03233240114994243,0.032352279948968554,2.4494538299998734,0.004569257745056892,0.0,True,B,0.7947479891874191
0.5708015374295395,0.24702941419565752,1.0675462301160938,0.7296356558395539,1.2672329653093604,0.0,56.140793906198326,46.0598898369916,10.080904069206724,84619.63900456346,84619.63900456346,120.0,115560.0,53.72642027106809,13.726420271068093,169.23927800912693,282.0654633485449,0.0029577901596692714,0.032331107260590526,0.03235477994896856,2.449075314182232,0.004569427190960835,0.0,True,B,0.7947493612360732
0.5708088810693845,0.24703003283141103,1.0675479836726562,0.729634448428541,1.2672329447414394,0.0,56.140827081870896,46.05988989192542,10.080937189945473,84620.78244476218,84620.78244476218,120.0,115560.0,53.72642027106804,13.726420271068037,169.24156488952437,282.06927481587394,0.0029576207351089076,0.032331107260590526,0.032352279948968554,2.4494502011548325,0.004569257766400471,0.0,True,B,0.7947479907173371
0.6686350102208147,0.2571248748022152,1.097949570566018,0.7154916200442044,1.2736782063103222,0.0,56.657057870432425,46.0427243252081,10.614333545224326,99726.7418707555,99726.7418707555,120.0,115560.0,53.72642027106804,13.726420271068037,199.453483741511,332.42247290251834,0.0017662665868953095,0.024985567627709548,0.025,4.1020307007631205,0.003377903618186873,-0.36734356692104014,False,B,0.7826158584481625
0.5761179278077325,0.2474675198939688,1.0691629448152946,0.7288342693146418,1.2675567061867832,0.0,56.167789095320416,46.05902529693708,10.108763798383336,85415.45380739354,85415.45380739354,120.0,115560.0,53.72642027106809,13.726420271068093,170.8309076147871,284.7181793579785,0.0028246884920321916,0.03159650122355398,0.031617051954071704,2.564698301255686,0.0044363255233237555,0.0,True,B,0.7937895311553405
0.5761083036643869,0.24746671566869088,1.0691600073495373,0.7288357143923653,1.2675561102068085,0.0,56.16774005682976,46.0590268882566,10.10871316857316,85414.0125253444,85414.0125253444,120.0,115560.0,53.72642027106809,13.726420271068093,170.8280250506888,284.71337508448136,0.00282491184338882,0.031598999957505036,0.031617051954071704,2.5646983012556865,0.004436548874680384,0.0,True,B,0.7937911963547033
0.5761166883785155,0.24746744009344535,1.0691620387480298,0.7288343465752318,1.2675561141325227,0.0,56.16777830103837,46.05902687777461,10.108751423263755,85415.31754220411,85415.31754220411,120.0,115560.0,53.72642027106804,13.726420271068037,170.83063508440821,284.7177251406804,0.002824744985670007,0.03159776572397069,0.031617051954071704,2.564698301255688,0.004436382016961571,0.0,True,B,0.7937897429201145
0.5761084456308085,0.24746672624889451,1.069160064449098,0.7288356977486645,1.2675561329951537,0.0,56.167740903333026,46.059026827409696,10.10871407592333,85414.03009809251,85414.03009809251,120.0,115560.0,53.72642027106804,13.726420271068037,170.82806019618502,284.7134336603084,0.0028249118937522955,0.03159650122355398,0.0316195519540717,2.5642927615257065,0.0044365489250438594,0.0,True,B,0.7937911881531624
0.5761167081241128,0.2474674408972909,1.0691620563256803,0.7288343468989579,1.2675561268109798,0.0,56.167778504611476,46.05902684392197,10.108751660689506,85415.31970326143,85415.31970326143,120.0,115560.0,53.72642027106804,13.726420271068037,170.83063940652286,284.71773234420476,0.00282474500498503,0.03159650122355398,0.031617051954071704,2.5646945016769926,0.004436382036276594,0.0,True,B,0.7937897446458485
0.6686350107663639,0.2571248748839289,1.09794957084036,0.7154916199519558,1.273678206443957,0.0,56.65705787401396,46.04272432485317,10.61433354916079,99726.74193420258,99726.74193420258,120.0,115560.0,53.72642027106809,13.726420271068093,199.45348386840516,332.4224731140086,0.001766266570971576,0.02498558217234118,0.02500000000040375,4.102030791757051,0.0033779036022631398,-0.3673435972523504,False,B,0.7826158583276498
0.5814483485285714,0.2479198464173207,1.070788327283438,0.7280344740382465,1.267884634859584,0.0,56.19497665773616,46.05814982495559,10.13682683278057,86216.1368671668,86216.1368671668,120.0,115560.0,53.72642027106809,13.726420271068093,172.43227373433362,287.38712289055604,0.002707714079891782,0.03093536748492238,0.030955346758704906,2.6755167465714087,0.0043193511111833454,0.0,True,B,0.7928939358238273
0.5814376596451855,0.2479189270320246,1.0707850559549363,0.7280360714908359,1.2678839661878432,0.0,56.19492194959855,46.05815160985276,10.136770339745794,86214.53056001962,86214.53056001962,120.0,115560.0,53.72642027106804,13.726420271068037,172.42906112003922,287.3817685333987,0.002707932757969455,0.030937866201300044,0.030955346758704906,2.6755167465714096,0.004319569789261019,0.0,True,B,0.7928956650109984
0.5814470017258994,0.2479197553426969,1.0707873392721645,0.7280345559764998,1.2678839883798463,0.0,56.194964861719484,46.058151550615264,10.13681331110422,86215.98829082696,86215.98829082696,120.0,115560.0,53.72642027106804,13.726420271068037,172.43197658165394,287.38662763608994,0.0027077682345955654,0.030936605535297423,0.030955346758704906,2.6755167465714096,0.004319405265887129,0.0,True,B,0.7928941364359421
0.5814378186808818,0.24791893929581402,1.0707851201733647,0.728036053007131,1.267883991955342,0.0,56.19492290273797,46.05815154107114,10.136771361666831,86214.55031704098,86214.55031704098,120.0,115560.0,53.72642027106804,13.726420271068037,172.42910063408198,287.38183439013665,0.002707932806410467,0.03093536748492238,0.030957846758704905,2.6750846414678495,0.004319569837702031,0.0,True,B,0.7928956559925905
0.5814470233979687,0.24791975629845903,1.0707873586396908,0.7280345563785509,1.2678840023747817,0.0,56.19496508639344,46.05815151325834,10.1368135731351,86215.99067094894,86215.99067094894,120.0,115560.0,53.72642027106804,13.726420271068037,172.43198134189788,287.3866355698298,0.0027077682521293744,0.03093536748492238,0.030955346758704906,2.6755127828161758,0.004319405283420938,0.0,True,B,0.7928941383694433
0.668635011139572,0.2571248749466725,1.0979495709584286,0.7154916198570459,1.273678206465859,0.0,56.65705787570482,46.04272432479502,10.614333550909805,99726.74197841925,99726.74197841925,120.0,115560.0,53.72642027106804,13.726420271068037,199.45348395683848,332.4224732613975,0.0017662665563022968,0.02498559815711865,0.025,4.102030891536619,0.0033779035875938605,-0.36734363051220625,False,B,0.7826158581971621
0.5867521635553661,0.24838285091339554,1.0724098969599813,0.7272423645603082,1.2682141720805054,0.0,56.222148957149614,46.05727031345185,10.164878643697762,87015.61031607298,87015.61031607298,120.0,115560.0,53.72642027106804,13.726420271068037,174.03122063214596,290.05203438690995,0.0026045522836291037,0.03034035700947367,0.030359812082834413,2.7815114653509645,0.004216189314920667,0.0,True,B,0.792057383572694
0.5867403977050747,0.24838181032346307,1.072406286443765,0.7272441147269089,1.2682134287702111,0.0,56.222088468880884,46.05727229700699,10.164816171873895,87013.83598920933,87013.83598920933,120.0,115560.0,53.72642027106804,13.726420271068037,174.02767197841865,290.0461199640311,0.0026047667558256023,0.03034285571019514,0.030359812082834413,2.7815114653509636,0.004216403787117166,0.0,True,B,0.7920591775307427
0.5867507106001559,0.24838274798492804,1.0724088273960801,0.7272424507895172,1.2682134713044053,0.0,56.2221361596616,46.057272183502675,10.164863976158927,87015.44948496154,87015.44948496154,120.0,115560.0,53.72642027106809,13.726420271068093,174.0308989699231,290.0514982832052,0.0026046043755807166,0.03034157125481121,0.030359812082834413,2.7815114653509636,0.004216241406872281,0.0,True,B,0.7920575737020611
0.5867405741337886,0.2483818243817123,1.0724063579637835,0.7272440944000346,1.2682134576171191,0.0,56.22208953166404,46.057272220027755,10.164817311636284,87013.85798540762,87013.85798540762,120.0,115560.0,53.72642027106804,13.726420271068037,174.02771597081525,290.0461932846921,0.002604766802447642,0.03034035700947367,0.030362312082834415,2.7810534309060837,0.004216403833739206,0.0,True,B,0.792059167719566
0.5867507341941017,0.24838274910505842,1.07240884856258,0.7272424512780468,1.2682134866262662,0.0,56.222136405623814,46.0572721426156,10.164864263008212,87015.4520850675,87015.4520850675,120.0,115560.0,53.72642027106804,13.726420271068037,174.03090417013502,290.051506950225,0.0026046043915473904,0.03034035700947367,0.030359812082834413,2.781507344565495,0.004216241422838954,0.0,True,B,0.7920575758531321
0.6686349877718981,0.2571248720561752,1.097949563426827,0.71549162300615,1.2736782046952226,0.0,56.657057745967165,46.04272432949739,10.614333416469776,99726.73824351668,99726.73824351668,120.0,115560.0,53.72642027106804,13.726420271068037,199.45347648703336,332.42246081172226,0.0017662666832523215,0.024985616697252574,0.025000000990397477,4.102030675475258,0.0033779037145438852,-0.36734355849175265,False,B,0.7826158602141966
0.5919842482416797,0.24885218623757813,1.0740136781435645,0.7264645909890727,1.2685423699235423,0.0,56.24907163719354,46.05639463043326,10.192677006760277,87807.02410276727,87807.02410276727,120.0,115560.0,53.72642027106809,13.726420271068093,175.61404820553454,292.69008034255756,0.002513419960295961,0.029804856147101585,0.029823830973568402,2.882386056803049,0.004125056991587525,0.0,True,B,0.7912768991746922
0.5919714041801485,0.24885101964475262,1.0740097265898587,0.7264664926363068,1.268541550804564,0.0,56.24900531686109,46.05639681565526,10.192608501205825,87805.08046213389,87805.08046213389,120.0,115560.0,53.72642027106804,13.726420271068037,175.61016092426777,292.6836015404463,0.0025136306472599342,0.029807354833907982,0.029823830973568402,2.882386056803049,0.004125267678551498,0.0,True,B,0.7912787576695918
0.5919826912403571,0.24885207100288453,1.0740125281215467,0.7264646810973535,1.2685416154539608,0.0,56.24905784718487,46.056396643185394,10.192661203999478,87806.85117847238,87806.85117847238,120.0,115560.0,53.72642027106809,13.726420271068093,175.61370235694477,292.6895039282413,0.0025134702300245804,0.029806048967909334,0.029823830973568402,2.8823860568030484,0.004125107261316144,0.0,True,B,0.7912770793930473
0.5919715981386436,0.2488510355901722,1.074009805516307,0.726466470483686,1.2685415827984847,0.0,56.249006491143575,46.056396730302765,10.19260976084081,87805.10472857831,87805.10472857831,120.0,115560.0,53.72642027106809,13.726420271068093,175.61020945715663,292.6836824285944,0.0025136306921665517,0.029804856147101585,0.029826330973568405,2.8819028821778074,0.004125267723458116,0.0,True,B,0.7912787470991167
0.5919827167337016,0.24885207229803413,1.074012551079124,0.7264646816795922,1.2685416321005467,0.0,56.24905811442301,46.05639659877613,10.192661515646876,87806.85399740761,87806.85399740761,120.0,115560.0,53.72642027106804,13.726420271068037,175.61370799481523,292.6895133246921,0.0025134702446096163,0.029804856147101585,0.029823830973568402,2.8823817865727617,0.00412510727590118,0.0,True,B,0.7912770817691706
0.6686350115873102,0.257124875040914,1.0979495709302585,0.7154916196595376,1.273678206321964,0.0,56.65705787583141,46.042724325177176,10.614333550654237,99726.74203130443,99726.74203130443,120.0,115560.0,53.72642027106809,13.726420271068093,199.45348406260885,332.42247343768145,0.001766266527751631,0.024985634300362908,0.025,4.102031116071668,0.003377903559043195,-0.36734370535722266,False,B,0.7826158579099614
0.5971044189447056,0.24932354128897122,1.0755870840127622,0.7257069508083762,1.268866497237282,0.0,56.275531963449964,46.05553005668554,10.220001906764423,88584.1806328964,88584.1806328964,120.0,115560.0,53.72642027106804,13.726420271068037,177.1683612657928,295.2806021096547,0.002432788595004583,0.029322912551851252,0.02934144787621156,2.9779398523151905,0.004044425626296147,0.0,True,B,0.7905498873699323
0.5970905056429344,0.24932224522885532,1.075582792858039,0.7257090012918925,1.268865601901878,0.0,56.27545981523758,46.055532444553705,10.219927370683877,88582.0680072657,88582.0680072657,120.0,115560.0,53.72642027106804,13.726420271068037,177.1641360145314,295.273560024219,0.002432995875310028,0.029325411226320014,0.02934144787621156,2.9779398523151905,0.004044632906601592,0.0,True,B,0.7905518092969676
0.5971027607682624,0.24932341343074696,1.0755858552531168,0.7257070443737594,1.2688656901032656,0.0,56.2755171977596,46.055532209319665,10.219984988439933,88583.99587078365,88583.99587078365,120.0,115560.0,53.72642027106809,13.726420271068093,177.1679917415673,295.2799862359455,0.002432837252477653,0.02932408609057822,0.02934144787621156,2.9779398523151897,0.004044474283769217,0.0,True,B,0.7905500581788015
0.5970907170907456,0.24932226313389463,1.0755828792201056,0.7257089773492521,1.2688656370778062,0.0,56.27546110174495,46.0555323507391,10.219928751005853,88582.09455192329,88582.09455192329,120.0,115560.0,53.72642027106804,13.726420271068037,177.16418910384658,295.273648506411,0.0024329959186032354,0.029322912551851252,0.029343947876211564,2.977432454161074,0.004044632949894799,0.0,True,B,0.7905517980080535
0.5971027881226164,0.2493234149095043,1.0755858799782732,0.7257070450558223,1.2688657080606436,0.0,56.27551748607516,46.05553216142715,10.219985324648007,88583.99890549689,88583.99890549689,120.0,115560.0,53.72642027106804,13.726420271068037,177.1679978109938,295.27999635165634,0.0024328372658421293,0.029322912551851252,0.02934144787621156,2.977935440522794,0.004044474297133693,0.0,True,B,0.7905500607850631
0.6535185970854639,0.25529101217613465,1.0931669299862645,0.7175920853054237,1.2726195102882145,0.0,56.57456453441233,46.04553725600937,10.529027278402964,97326.7749575226,97326.7749575226,120.0,115560.0,53.72642027106809,13.726420271068093,194.6535499150452,324.42258319174204,0.0018632797345731209,0.025662574452748776,0.02567756982709772,3.8884019157207566,0.003474916765864685,-0.29613397190691887,False,B,0.7840494773104539
0.6012777238766381,0.24971651779875928,1.0768723632524209,0.7250919876964861,1.2691328117606568,0.0,56.29718222948361,46.054819876865224,10.242362352618386,89219.58792212894,89219.58792212894,120.0,115560.0,53.72642027106809,13.726420271068093,178.43917584425787,297.39862640709646,0.002372424803726777,0.02895686665679558,0.028975060071300178,3.053727719290068,0.003984061835018341,-0.017909239763355938,False,B,0.789980867985776
0.5975103327568483,0.24936141791139535,1.075711984344644,0.7256470354346788,1.268892316701635,0.0,56.27763447938429,46.05546119673568,10.222173282648612,88645.90526035629,88645.90526035629,120.0,115560.0,53.72642027106809,13.726420271068093,177.29181052071257,295.4863508678543,0.00242671808622289,0.02928630784149423,0.029304809095720426,2.985390934787374,0.0040383551175144534,0.0,True,B,0.7904936581837431
0.5974963341218549,0.24936011132771432,1.0757076660282685,0.7256490977372709,1.2688914152399686,0.0,56.2775618641715,46.05546360088795,10.222098263283556,88643.77910232416,88643.77910232416,120.0,115560.0,53.72642027106809,13.726420271068093,177.28755820464832,295.47926367441386,0.002426925107784884,0.02928880651504612,0.029304809095720426,2.9853909347873726,0.004038562139076447,0.0,True,B,0.7904955851424937
0.5975086665868633,0.24936128902809904,1.075710749343111,0.7256471292598238,1.268891505387686,0.0,56.27761963615967,46.05546336046848,10.22215627569119,88645.7195596556,88645.7195596556,120.0,115560.0,53.72642027106804,13.726420271068037,177.2914391193112,295.4857318655187,0.0024267666223142426,0.029287479915686133,0.029304809095720426,2.985390934787374,0.004038403653605806,0.0,True,B,0.7904938282559463
0.597496546968935,0.24936012939281957,1.0757077529872334,0.7256490736527886,1.2688914506723057,0.0,56.277563159700264,46.055463506391675,10.22209965330859,88643.80582980745,88643.80582980745,120.0,115560.0,53.72642027106804,13.726420271068037,177.2876116596149,295.4793527660248,0.0024269251509489403,0.02928630784149423,0.029307309095720425,2.9848816311877653,0.004038562182240504,0.0,True,B,0.7904955737977776
0.597508694088727,0.249361290521927,1.0757107742089163,0.7256471299501446,1.2688915234495115,0.0,56.277619926155865,46.055463312298514,10.22215661385735,88645.7226115308,88645.7226115308,120.0,115560.0,53.72642027106804,13.726420271068037,177.2914452230616,295.485742038436,0.0024267666355857346,0.02928630784149423,0.029304809095720426,2.985386511956262,0.0040384036668772985,0.0,True,B,0.7904938308808572
0.6686450124702633,0.2571260707039909,1.0979573111942573,0.7154912626130441,1.2736833728625503,0.0,56.657153881715146,46.04271060421689,10.614443277498253,99727.90736105954,99727.90736105954,120.0,115560.0,53.72642027106804,13.726420271068037,199.45581472211907,332.42635787019844,0.0017661490506211048,0.02498222478261688,0.025,4.102030604633975,0.0033777860819126683,-0.36734353487799165,False,B,0.7826157315290088
0.6024714247930485,0.24983036028908176,1.0772407156998567,0.7249165675408152,1.2692095837301445,0.0,56.30339087684018,46.05461518030728,10.248775696532903,89401.6380381969,89401.6380381969,120.0,115560.0,53.72642027106804,13.726420271068037,178.80327607639381,298.00546012732303,0.0023559458462673647,0.028855829679289968,0.028874328186148383,3.0750714925512255,0.003967582877558928,-0.02502383085040849,False,B,0.789821687675181
0.5979904934342365,0.24940631811243022,1.0758597858492944,0.7255761940464707,1.268922905783491,0.0,56.28012269367025,46.05537961834631,10.224743075323943,88718.93947708656,88718.93947708656,120.0,115560.0,53.72642027106809,13.726420271068093,177.43787895417313,295.72979825695523,0.002419593704785258,0.029243259326710642,0.029261761004763222,2.994181234346587,0.004031230736076822,0.0,True,B,0.7904273988191969
0.5979763937442606,0.24940499903051122,1.0758554353470224,0.72557827033253,1.268921997049978,0.0,56.2800495249802,46.05538204182693,10.224667483153269,88716.7972855337,88716.7972855337,120.0,115560.0,53.72642027106804,13.726420271068037,177.4335945710674,295.7226576184457,0.002419800422055319,0.02924575799575179,0.029261761004763222,2.9941812343465872,0.004031437453346882,0.0,True,B,0.7904293317276139
0.5979888178105058,0.24940618801190825,1.0758585434598278,0.7255762881755802,1.268922089520526,0.0,56.28010775864669,46.05538179521926,10.224725963427431,88718.75266574499,88718.75266574499,120.0,115560.0,53.72642027106804,13.726420271068037,177.43750533149,295.72917555248335,0.002419642098409702,0.02924442968016062,0.029261761004763222,2.994181234346587,0.004031279129701266,0.0,True,B,0.7904275680205041
0.5979766082711725,0.249405017287594,1.0758555230296794,0.7255782460789785,1.2689220327969724,0.0,56.28005083139999,46.055381946494094,10.224668884905896,88716.82423220958,88716.82423220958,120.0,115560.0,53.72642027106809,13.726420271068093,177.43364846441915,295.7227474406986,0.002419800465362432,0.029243259326710642,0.02926426100476322,2.9936696797681637,0.004031437496653995,0.0,True,B,0.7904293203183368
0.5979888454915259,0.24940618952380575,1.0758585684976258,0.7255762888762776,1.2689221077104025,0.0,56.28010805069346,46.05538174670909,10.224726303984369,88718.75573843991,88718.75573843991,120.0,115560.0,53.72642027106809,13.726420271068093,177.43751147687982,295.7291857947997,0.002419642111618861,0.029243259326710642,0.029261761004763222,2.994176798492729,0.004031279142910424,0.0,True,B,0.7904275706686258
0.6638238791010124,0.25635518207288155,1.1044287933937265,0.7181877596494276,1.281202522603674,0.0,56.70443987151083,46.02280755583752,10.681632315673312,99082.02435519165,99082.02435519165,120.0,115560.0,53.72642027106809,13.726420271068093,198.1640487103833,330.2734145173055,0.001631710468402351,0.020949256846924377,0.025,4.101967192970583,0.0032433474996939144,-0.3673223976568609,False,B,0.7847560818305835
0.6036598650837506,0.24993289968949536,1.077927753960826,0.7248108306927925,1.2695990422446155,0.0,56.312345738175225,46.053576982989625,10.2587687551856,89553.47309426243,89553.47309426243,120.0,115560.0,53.72642027106804,13.726420271068037,179.10694618852486,298.5115769808748,0.002330826229146521,0.028351957912420445,0.0288355849042869,3.083335558954284,0.0039424632604380845,-0.02777851965142804,False,B,0.7896984468489714
0.5985371562113198,0.24945648019185693,1.0760575956306275,0.7255018034464453,1.2689865685685016,0.0,56.28321060061376,46.0552098423488,10.228000758264955,88799.35701119994,88799.35701119994,120.0,115560.0,53.72642027106804,13.726420271068037,177.5987140223999,295.99785670399984,0.0024106109791782694,0.029153510173618506,0.02921914339471559,3.0029214656667147,0.004022248010469833,-0.0009738218889048985,False,B,0.7903548557859567
0.5980449630041829,0.24941131042214224,1.0758794802426277,0.7255687760901322,1.2689292343139469,0.0,56.28043018910108,46.055362740986936,10.225067448114146,88726.95182253105,88726.95182253105,120.0,115560.0,53.72642027106804,13.726420271068037,177.4539036450621,295.7565060751035,0.0024186943660592457,0.0292342782212848,0.029257499243758457,2.9950535391098088,0.004030331397350809,0.0,True,B,0.7904201481169003
0.5980308509246811,0.24940998985607402,1.0758751247571356,0.7255708538697925,1.2689283236743623,0.0,56.280356943572656,46.05536516953731,10.224991774035345,88724.80776840555,88724.80776840555,120.0,115560.0,53.72642027106809,13.726420271068093,177.4496155368111,295.74935922801853,0.0024189010198578304,0.02923677648658259,0.029257499243758457,2.9950535391098096,0.004030538051149394,0.0,True,B,0.7904220814417757
0.5980432859337471,0.2494111801755156,1.0758782365069872,0.7255688701824322,1.26892841706896,0.0,56.28041523814335,46.05536492046667,10.225050317676676,88726.76484481881,88726.76484481881,120.0,115560.0,53.72642027106804,13.726420271068037,177.45352968963763,295.75588281606275,0.002418742740387857,0.029235448404381328,0.029257499243758457,2.9950535391098088,0.004030379771679421,0.0,True,B,0.7904203171060239
0.5980310680798434,0.24941000832396423,1.0758752143417867,0.7255708294633424,1.2689283606564044,0.0,56.28035827307815,46.05536507091125,10.2249932021669,88724.83501122393,88724.83501122393,120.0,115560.0,53.72642027106804,13.726420271068037,177.44967002244786,295.7494500374131,0.0024189010966119773,0.0292342782212848,0.029259999243758456,2.994541760971307,0.004030538127903541,0.0,True,B,0.7904220701718337
0.5980433141582763,0.24941118170526302,1.0758782621868648,0.7255688709467403,1.268928435770421,0.0,56.28041553725279,46.05536487059243,10.225050666660366,88726.76797676366,88726.76797676366,120.0,115560.0,53.72642027106809,13.726420271068093,177.4535359535273,295.75589325587885,0.0024187427588073167,0.0292342782212848,0.029257499243758457,2.995049101963672,0.00403037979009888,0.0,True,B,0.790420319878541
0.6968996613814726,0.26000782200270367,1.1415693208256295,0.7226011639060693,1.3097211016713823,0.0,57.16786947110501,45.9484963771057,11.219373093999309,103015.63572892621,103015.63572892621,120.0,115560.0,53.72642027106804,13.726420271068037,206.03127145785243,343.3854524297541,0.0014608244234632169,0.015,0.025,4.135404892456822,0.0030724614547547806,-0.37846829748560723,False,B,0.7912127235860078
0.604826163049931,0.2500260455390204,1.078803494309093,0.7247543783927569,1.2701792071034488,0.0,56.322902581506014,46.052031071152555,10.270871510353459,89685.75518442076,89685.75518442076,120.0,115560.0,53.72642027106809,13.726420271068093,179.37151036884154,298.9525172814026,0.002302612549540364,0.027657951307572055,0.02883174931938261,3.0841559431168015,0.0039142495808319275,-0.028051981038933842,False,B,0.789611502734256
0.598692381083057,0.24946932277814923,1.07615235937772,0.7254888685992209,1.2690423469141572,0.0,56.28441996580318,46.05506110040875,10.229358865394431,88818.60253713801,88818.60253713801,120.0,115560.0,53.72642027106804,13.726420271068037,177.637205074276,296.0620084571267,0.002406858830633831,0.02907511653899768,0.029214924251320874,3.003788829940892,0.004018495861925394,-0.0012629433136307118,False,B,0.7903378002851599
0.5981094101796047,0.2494170788919047,1.0759065845514277,0.725560801660035,1.2689404352220928,0.0,56.28082674046044,46.05533286986696,10.225493870593482,88736.07631994283,88736.07631994283,120.0,115560.0,53.72642027106804,13.726420271068037,177.47215263988568,295.78692106647617,0.002417508513363209,0.029218346763146927,0.0292532417445147,2.9959253522628573,0.004029145544654772,0.0,True,B,0.790411900414075
0.5980952822557701,0.2494157564877822,1.0759022214487837,0.7255628810850735,1.2689395209274785,0.0,56.280753385904575,46.05533530814074,10.225418077763834,88733.930008145,88733.930008145,120.0,115560.0,53.72642027106804,13.726420271068037,177.46786001629002,295.7797666938167,0.0024177150545945845,0.029220844030179424,0.0292532417445147,2.9959253522628573,0.004029352085886148,0.0,True,B,0.7904138338964072
0.5981077309129723,0.24941694846234844,1.0759053385650457,0.7255608956163708,1.2689396162704458,0.0,56.28081176350207,46.055335053876604,10.225476709625468,88735.88909314526,88735.88909314526,120.0,115560.0,53.72642027106804,13.726420271068037,177.47177818629052,295.78629697715087,0.0024175568607473414,0.02921951677606036,0.0292532417445147,2.9959253522628573,0.004029193892038905,0.0,True,B,0.7904120690050329
0.5980955056672307,0.24941577544926086,1.0759023156348009,0.7255628563258697,1.2689395609207847,0.0,56.28075477094899,46.05533520148509,10.225419569463895,88733.95795153825,88733.95795153825,120.0,115560.0,53.72642027106809,13.726420271068093,177.46791590307652,295.7798598384609,0.002417715213921496,0.029218346763146927,0.029255741744514698,2.995413350657743,0.00402935224521306,0.0,True,B,0.7904138229808821
0.5981077604560139,0.2494169500336395,1.0759053658088806,0.7255608965368241,1.2689396362194183,0.0,56.2808120797925,46.05533500067594,10.225477079116558,88735.89236865011,88735.89236865011,120.0,115560.0,53.72642027106809,13.726420271068093,177.47178473730023,295.7863078955004,0.0024175568920418752,0.029218346763146927,0.0292532417445147,2.9959209138251697,0.004029193923333439,0.0,True,B,0.7904120720821388
0.6694529838267527,0.25695883180813023,1.1098708501211387,0.718478914066025,1.2852122612021792,0.0,56.77059945143128,46.01224736006276,10.758352091368522,99737.0052225381,99737.0052225381,120.0,115560.0,53.72642027106804,13.726420271068037,199.4740104450762,332.45668407512704,0.0015925472994270937,0.019683070479953612,0.025,4.106650653270676,0.0032041843307186574,-0.3688835510902253,False,B,0.7853152469967131
0.6040088741073031,0.24996225077066084,1.0781515453292696,0.7247850135738223,1.2697350678344046,0.0,56.31516960211707,46.05321445726253,10.26195514485454,89596.2684337904,89596.2684337904,120.0,115560.0,53.72642027106809,13.726420271068093,179.19253686758083,298.6542281126347,0.0023231308066717035,0.02818388210957787,0.028827917570063227,3.084975833879031,0.003934767837963267,-0.02832527795967706,False,B,0.7896663130942249
0.5986772930162723,0.24946891801108872,1.0761203487713853,0.7254852910347116,1.2690146525708268,0.0,56.284106070806956,46.05513495092117,10.228971119885784,88818.85483939305,88818.85483939305,120.0,115560.0,53.72642027106809,13.726420271068093,177.6377096787861,296.06284946464353,0.00240794282990187,0.029114090927537525,0.029210709327069553,3.00465570214929,0.004019579861193434,-0.0015519007164299659,False,B,0.790337404283163
0.5981659847433826,0.2494222372173283,1.0759278580187912,0.7255532710763936,1.2689478071138969,0.0,56.28115318569985,46.055313210312534,10.225839975387316,88744.32282270033,88744.32282270033,120.0,115560.0,53.72642027106804,13.726420271068037,177.48864564540065,295.8144094090011,0.002416550656453099,0.029207913085883462,0.029248988502770183,2.996796673757561,0.004028187687744662,0.0,True,B,0.7904044517205241
0.5981518436943669,0.24942091325254373,1.0759234893686906,0.7255553520260122,1.268946890537506,0.0,56.281079747409706,46.055315654655544,10.225764092754162,88742.17456410642,88742.17456410642,120.0,115560.0,53.72642027106804,13.726420271068037,177.48434912821284,295.8072485470214,0.0024167571239662265,0.029210409823955973,0.029248988502770183,2.99679667375756,0.00402839415525779,0.0,True,B,0.7904063855634449
0.5981643038704406,0.2494221066336774,1.075926610492763,0.7255533649743665,1.2689469870250794,0.0,56.28113819065243,46.055315397340564,10.225822793311863,88744.13541189203,88744.13541189203,120.0,115560.0,53.72642027106809,13.726420271068093,177.48827082378406,295.81378470630676,0.002416598982967427,0.029209082928783985,0.029248988502770183,2.996796673757559,0.004028236014258991,0.0,True,B,0.7904046200594184
0.5981520705103279,0.2494209324857034,1.075923586035921,0.7255553270719003,1.2689469321475713,0.0,56.28108116250348,46.055315543689005,10.225765618814478,88742.20289022177,88742.20289022177,120.0,115560.0,53.72642027106809,13.726420271068093,177.48440578044355,295.80734296740593,0.0024167573270469124,0.029207913085883462,0.029251488502770186,2.9962844487793747,0.004028394358338476,0.0,True,B,0.7904063748333365
0.5981643341226697,0.2494221082279559,1.0759266385762658,0.7255533659784924,1.2689470076434606,0.0,56.281138516175645,46.05531534235507,10.225823173820572,88744.13876468687,88744.13876468687,120.0,115560.0,53.72642027106809,13.726420271068093,177.48827752937373,295.8137958822896,0.002416599021078469,0.029207913085883462,0.029248988502770183,2.9967922340290536,0.004028236052370033,0.0,True,B,0.7904046232996265
0.6548781519356038,0.25539504036984795,1.0965296490314438,0.718085405073441,1.2755791950571587,0.0,56.60849302663644,46.03768000667583,10.57081301996061,98047.8546376352,98047.8546376352,120.0,115560.0,53.72642027106809,13.726420271068093,196.09570927527042,326.8261821254507,0.0017077369777063946,0.02327962318166865,0.025,4.101967192970582,0.0033193740089979586,-0.36732239765686064,False,B,0.7843095612025592
0.6034077628385626,0.24991495001375502,1.0776759593030316,0.7248102421668547,1.2694127041407417,0.0,56.3095277038006,46.05407366854189,10.255454035258708,89530.9353128882,89530.9353128882,120.0,115560.0,53.72642027106804,13.726420271068037,179.0618706257764,298.4364510429607,0.002339016866710252,0.028589285268172004,0.028824089652493168,3.0857952312542696,0.003950653898001815,-0.02859841041808986,False,B,0.7897126105030327
0.5986728187059998,0.249469332765035,1.0760963080337056,0.7254811569585268,1.2689922315093807,0.0,56.28388775524513,46.055194740871855,10.228693014373277,88820.28992741895,88820.28992741895,120.0,115560.0,53.72642027106809,13.726420271068093,177.6405798548379,296.06763309139654,0.0024087287941826265,0.029145792315839417,0.029206498617742483,3.005522082249979,0.0040203658254741904,-0.0018406940833262848,False,B,0.7903360110711136
0.598216499497859,0.24942692586467027,1.0759446413609532,0.7255460810595872,1.2689522296342401,0.0,56.28142564591093,46.05530141628054,10.226124229630386,88751.89338689588,88751.89338689588,120.0,115560.0,53.72642027106809,13.726420271068093,177.50378677379177,295.8396446229863,0.0024157677833995563,0.02920169842899633,0.029244739514267412,2.997667503546373,0.00402740481469112,0.0,True,B,0.790397614945934
0.5982023474165207,0.24942560055284552,1.0759402687574469,0.7255481634413181,1.268951311834118,0.0,56.28135214336635,46.0553038638775,10.22604827948885,88749.74342080254,88749.74342080254,120.0,115560.0,53.72642027106809,13.726420271068093,177.4994868416051,295.83247806934185,0.002415974206995698,0.029204194998293086,0.029244739514267412,2.997667503546373,0.004027611238287262,0.0,True,B,0.7903995493059677
0.598214817472705,0.2494267951491396,1.075943392843011,0.7255461749591243,1.2689514088469716,0.0,56.281410638869204,46.05530360516269,10.226107033706512,88751.7058421806,88751.7058421806,120.0,115560.0,53.72642027106804,13.726420271068037,177.5034116843612,295.83901947393537,0.0024158160937068833,0.02920286810205395,0.029244739514267412,2.997667503546373,0.004027453124998447,0.0,True,B,0.7903977831453892
0.5982025754423156,0.24942561988678585,1.0759403662730298,0.7255481384132278,1.2689513539864994,0.0,56.28135356887947,46.055303751465146,10.22604981741432,88749.77188501038,88749.77188501038,120.0,115560.0,53.72642027106804,13.726420271068037,177.49954377002078,295.83257295003466,0.0024159744240588345,0.02920169842899633,0.029247239514267415,2.997155055288727,0.004027611455350398,0.0,True,B,0.7903995386310095
0.5982148479651234,0.24942679675210672,1.0759434212083236,0.7255461759909381,1.268951429689431,0.0,56.28141096750261,46.05530354957983,10.226107417922776,88751.70922124792,88751.70922124792,120.0,115560.0,53.72642027106804,13.726420271068037,177.50341844249584,295.8390307374931,0.002415816133987717,0.02920169842899633,0.029244739514267412,2.9976630625277743,0.004027453165279281,0.0,True,B,0.7903977864396383
0.6039194625112665,0.2499678726021822,1.0777298296101818,0.7247129075155847,1.2693439328034806,0.0,56.311293194559596,46.05425699962643,10.257036194933164,89618.72999260399,89618.72999260399,120.0,115560.0,53.72642027106809,13.726420271068093,179.23745998520798,298.7290999753466,0.0023351595930532864,0.028699423563286128,0.028763818245375706,3.0988241874076894,0.00394679662434485,-0.03294139580256313,False,B,0.789634667561305
0.5987661126058409,0.24947841605661006,1.0761164168156803,0.7254655813063421,1.2689897637166125,0.0,56.28429737576732,46.055201321774575,10.229096053992748,88835.29458367827,88835.29458367827,120.0,115560.0,53.72642027106809,13.726420271068093,177.67058916735655,296.11764861226095,0.002407642973857132,0.029151441660177958,0.029196647387378243,3.007558672552513,0.004019280005148696,-0.002519557517504397,False,B,0.7903224814732367
0.5982712603168061,0.24943204994465012,1.0759617536476078,0.7255380584966137,1.2689559672646027,0.0,56.281711707127954,46.05529144875743,10.226420258370524,88760.20176108109,88760.20176108109,120.0,115560.0,53.72642027106804,13.726420271068037,177.52040352216218,295.86733920360365,0.0024149546621316086,0.029196672459292018,0.029239930301578496,2.998654424127376,0.0040265916934231726,0.0,True,B,0.7903901129137278
0.59825709668319,0.24943072319993312,1.075957377317208,0.7255401424650443,1.268955048587108,0.0,56.281638140849395,46.0552938986861,10.226344242163293,88758.04996538033,88758.04996538033,120.0,115560.0,53.72642027106809,13.726420271068093,177.51609993076065,295.86016655126775,0.002415161050202458,0.02919916901176883,0.029239930301578496,2.998654424127375,0.0040267980814940214,0.0,True,B,0.7903920479389499
0.5982695772003739,0.24943191908934711,1.0759605042668259,0.7255381524271014,1.2689551458956825,0.0,56.281696689390856,46.05529363918356,10.226403050207296,88760.01408821413,88760.01408821413,120.0,115560.0,53.72642027106809,13.726420271068093,177.52002817642827,295.8667136273805,0.002415002956244777,0.029197841938913633,0.029239930301578496,2.998654424127375,0.00402663998753634,0.0,True,B,0.7903902810091612
0.5982573249815262,0.24943074256374315,1.0759574749440155,0.7255401174067739,1.2689550907842038,0.0,56.28163956806196,46.05529378615489,10.22634578190707,88758.07846666114,88758.07846666114,120.0,115560.0,53.72642027106804,13.726420271068037,177.5161569333223,295.8602615555372,0.002415161267393416,0.029196672459292018,0.029242430301578498,2.9981417228552165,0.004026798298684979,0.0,True,B,0.7903920372514631
0.598269607721369,0.24943192069506864,1.0759605326584984,0.7255381534599656,1.2689551667574293,0.0,56.28169701833889,46.05529358354943,10.22640343478946,88760.01747057484,88760.01747057484,120.0,115560.0,53.72642027106804,13.726420271068037,177.52003494114967,295.86672490191614,0.0024150029965978237,0.029196672459292018,0.029239930301578496,2.998649981646098,0.004026640027889388,0.0,True,B,0.7903902843067682
0.632225485028296,0.2528696418120439,1.0866644367447555,0.7206442107810171,1.2713447762710008,0.0,56.461688978496,46.048927671727256,10.412761306768743,93970.37993412244,93970.37993412244,120.0,115560.0,53.72642027106804,13.726420271068037,187.94075986824487,313.23459978040813,0.0020262558765515976,0.026695380316473602,0.026833104257070427,3.5611355423007303,0.003637892907843161,-0.1870451807669101,False,B,0.7862789783451796
0.6010678458069308,0.24969557525020897,1.076835503897183,0.7251287343936746,1.2691465573288958,0.0,56.296331550040804,46.05478322613686,10.241548323903942,89184.97878411005,89184.97878411005,120.0,115560.0,53.72642027106809,13.726420271068093,178.3699575682201,297.2832626137002,0.0023744947042799946,0.028945864076635987,0.028999247697127688,3.0486723184113456,0.003986131735571558,-0.016224106137115186,False,B,0.7900115545680583
0.5985458271159368,0.24945776549645135,1.0760474729195078,0.7254978217387442,1.2689746273778477,0.0,56.28314544466565,46.055241686406134,10.227903758259515,88801.8721295824,88801.8721295824,120.0,115560.0,53.72642027106804,13.726420271068037,177.6037442591648,296.00624043194136,0.00241089271819457,0.029171584829342675,0.029215862041133415,3.003600634820166,0.004022529749486134,-0.0012002116067219386,False,B,0.7903525446978427
0.5982986668625926,0.24943461526579233,1.0759703092851465,0.725534041682554,1.268957829358446,0.0,56.28185480315386,46.055286482932615,10.226568320221247,88764.36085776961,88764.36085776961,120.0,115560.0,53.72642027106809,13.726420271068093,177.52872171553923,295.8812028592321,0.002414548308208978,0.029194163628380242,0.02923752347553399,2.999148495444865,0.004026185339500542,0.0,True,B,0.7903863589310297
0.5982844974447719,0.24943328780348514,1.0759659310902367,0.7255361264457563,1.268956910243165,0.0,56.28178120497677,46.05528893402476,10.226492270952008,88762.20814580798,88762.20814580798,120.0,115560.0,53.72642027106804,13.726420271068037,177.52441629161595,295.87402715269326,0.002414754678546501,0.029196660173064642,0.02923752347553399,2.9991484954448655,0.004026391709838065,0.0,True,B,0.7903882942898087
0.5982969832002729,0.24943448434050286,1.0759690594730622,0.7255341356286457,1.268957007698896,0.0,56.28183978006939,46.05528867413017,10.226551105939222,88764.17312079074,88764.17312079074,120.0,115560.0,53.72642027106804,13.726420271068037,177.5283462415815,295.8805770693025,0.002414596594223841,0.029195333011160004,0.02923752347553399,2.999148495444865,0.004026233625515405,0.0,True,B,0.7903865269745662
0.5982847258817053,0.24943330718245757,1.0759660287733341,0.7255361013720445,1.268956952462727,0.0,56.28178263305085,46.055288821433805,10.226493811617047,88762.23666597913,88762.23666597913,120.0,115560.0,53.72642027106804,13.726420271068037,177.52447333195826,295.8741222199304,0.002414754895806852,0.029194163628380242,0.029240023475533988,2.9986356674908303,0.004026391927098416,0.0,True,B,0.7903882835958774
0.5982970137357637,0.2494344859476203,1.0759690878780583,0.7255341366620188,1.2689570285703773,0.0,56.28184010917647,46.05528861847023,10.226551490706242,88764.17650482139,88764.17650482139,120.0,115560.0,53.72642027106809,13.726420271068093,177.52835300964279,295.88058834940466,0.0024145966346157616,0.029194163628380242,0.02923752347553399,2.9991440522313626,0.0040262336659073255,0.0,True,B,0.7903865302738587
0.6695334496457757,0.2572326074914619,1.0986458651390731,0.7154599165461477,1.274143350060314,0.0,56.66569409449551,46.04148927656166,10.624204817933844,99831.44974130549,99831.44974130549,120.0,115560.0,53.72642027106804,13.726420271068037,199.66289948261098,332.771499137685,0.00175569226352001,0.024827423708373056,0.025,4.1028922678794695,0.0033673292948115737,-0.36763075595982314,False,B,0.782604840795424
0.6032855163467324,0.2499070635067308,1.0775296204524174,0.7248049816530924,1.2692987189488543,0.0,56.30795286362792,46.05437753706809,10.253575326559826,89522.35333092032,89522.35333092032,120.0,115560.0,53.72642027106809,13.726420271068093,179.04470666184065,298.4078444364011,0.0023437750326171856,0.028755385549564857,0.02881377112798059,3.088076361855875,0.003955412063908749,-0.029358787285291694,False,B,0.7897175734907431
0.5987814564605213,0.24947986087693189,1.0761210667073087,0.7254633036467253,1.2689906691664856,0.0,56.28437630724301,46.05519890719518,10.229177400047831,88837.63731681173,88837.63731681173,120.0,115560.0,53.72642027106804,13.726420271068037,177.67527463362347,296.1254577227058,0.0024074218454678826,0.029150264779630564,0.02919514824077865,3.0078673307772004,0.004019058876759446,-0.002622443592400122,False,B,0.7903203758346695
0.5983467911512643,0.24943912058062823,1.075985334756353,0.7255269890418246,1.2689611012395638,0.0,56.282106096498694,46.05527775751216,10.226828338986536,88771.66400475783,88771.66400475783,120.0,115560.0,53.72642027106804,13.726420271068037,177.54332800951565,295.9055466825261,0.002413835170324109,0.029189773533096597,0.029233285952058454,3.000018672709651,0.0040254722016156725,-6.224236550315491e-06,False,B,0.7903797693738297
0.598332611611374,0.2494377918611832,1.0759809532977658,0.7255290751953234,1.2689601813574212,0.0,56.282032442483285,46.05528021064231,10.226752231840976,88769.50968908276,88769.50968908276,120.0,115560.0,53.72642027106804,13.726420271068037,177.5390193781655,295.89836563027586,0.002414041509630862,0.029192270063978686,0.029233285952058454,3.0000186727096514,0.004025678540922425,-6.2242365504635204e-06,False,B,0.7903817053156567
0.5983451065337704,0.24943898953267113,1.07598408418933,0.7255270830150784,1.2689602790712315,0.0,56.28209106405319,46.05527995006025,10.226811113992937,88771.47615557339,88771.47615557339,120.0,115560.0,53.72642027106804,13.726420271068037,177.54295231114676,295.90492051857797,0.0024138834421739454,0.029190942746493573,0.029233285952058454,3.0000186727096514,0.004025520473465509,-6.2242365504635204e-06,False,B,0.7903799373264155
0.5983328402211356,0.24943781126017855,1.0759810510578411,0.7255290501048735,1.2689602236117985,0.0,56.28203387170316,46.055280097958814,10.226753773744349,88769.53823175767,88769.53823175767,120.0,115560.0,53.72642027106809,13.726420271068093,177.53907646351536,295.8984607725256,0.0024140417268129935,0.029189773533096597,0.029235785952058453,2.9995056216137503,0.004025678758104557,0.0,True,B,0.7903816946154542
0.5983451370879069,0.24943899114171275,1.07598411261265,0.72552708404972,1.2689602999564646,0.0,56.282091393378664,46.055279894363764,10.2268114990149,88771.47954177778,88771.47954177778,120.0,115560.0,53.72642027106809,13.726420271068093,177.54295908355556,295.90493180592597,0.0024138834825414056,0.029189773533096597,0.029233285952058454,3.0000142282065236,0.0040255205138329695,-4.742735507878848e-06,False,B,0.7903799406282626
0.5933692457114712,0.24897176809369959,1.0746084096832096,0.7262954323420875,1.2687908681687219,0.0,56.25776268832669,46.05573176677899,10.202030921547703,88416.56175051504,88416.56175051504,120.0,115560.0,53.72642027106809,13.726420271068093,176.8331235010301,294.7218725017168,0.0023340061330288085,0.028186460364375127,0.02922928663402912,3.1883330284489104,0.003945643164320372,-0.06277767614963681,False,B,0.7906659196178163
0.5989064938252286,0.24949158130953372,1.0761599358382923,0.7254450097480862,1.268999021080946,0.0,56.28502814276027,46.05517663508567,10.229851507674596,88856.56399149388,88856.56399149388,120.0,115560.0,53.72642027106809,13.726420271068093,177.71312798298777,296.18854663831297,0.002405723997880095,0.02908932887381557,0.029232886020255523,3.0003907065273046,0.004017361029171659,-0.00013023550910151727,False,B,0.7903038463180203
0.5985653721592588,0.24945959132466902,1.0760535109550777,0.7254949674510875,1.2689759007424521,0.0,56.283247035997306,46.055238290657144,10.228008745340162,88804.81717095122,88804.81717095122,120.0,115560.0,53.72642027106804,13.726420271068037,177.60963434190245,296.0160572365041,0.0024106477787179843,0.029150341618536864,0.029233128961375157,3.0000489892153746,0.004022284810009548,-1.6329738458183602e-05,False,B,0.7903500373761863
0.5985510980944292,0.24945825234437743,1.076049099447446,0.7254970670125681,1.2689749740120693,0.0,56.28317287414393,46.05524076201789,10.227932112126041,88802.64824831406,88802.64824831406,120.0,115560.0,53.72642027106809,13.726420271068093,177.6052964966281,296.0088274943802,0.0024108538393062605,0.02915283802172944,0.029233128961375157,3.000048989215373,0.004022490870597824,-1.6329738457739513e-05,False,B,0.7903519793907945
0.5985636784887687,0.24945945935650274,1.0760522534113657,0.7254950617919073,1.2689750739138423,0.0,56.283231918495574,46.055240495604494,10.22799142289108,88804.6282868061,88804.6282868061,120.0,115560.0,53.72642027106804,13.726420271068037,177.60925657361219,296.015427622687,0.0024106959235214486,0.02915150931218928,0.029233128961375157,3.000048989215374,0.0040223329548130125,-1.6329738458035575e-05,False,B,0.7903502046237889
0.5985514243842506,0.24945828091089295,1.0760492279396667,0.725497027675814,1.2689750231333998,0.0,56.28317481581013,46.05524063102342,10.227934184786704,88802.69151802936,88802.69151802936,120.0,115560.0,53.72642027106809,13.726420271068093,177.60538303605873,296.00897172676457,0.0024108543376405787,0.029150341618536864,0.029235628961375156,2.9995359301799525,0.004022491368932142,0.0,True,B,0.7903519618412328
0.5985637185596401,0.24945946169939567,1.0760522890196913,0.7254950623435358,1.2689750995656066,0.0,56.28323233393695,46.05524042719753,10.227991906739419,88804.63273359838,88804.63273359838,120.0,115560.0,53.72642027106809,13.726420271068093,177.60926546719676,296.01544244532795,0.002410696090968705,0.029150341618536864,0.029233128961375157,3.0000445446687425,0.004022333122260269,-1.4848222914161843e-05,False,B,0.7903502085274526
0.6242923670171512,0.2520114470607418,1.084421640393107,0.7218361989658163,1.2710378828333966,0.0,56.42168252881078,46.049744485608755,10.371938043202022,93119.29936028524,93119.29936028524,120.0,115560.0,53.72642027106809,13.726420271068093,186.23859872057048,310.39766453428416,0.0020848044158279662,0.024804073022152973,0.02923324890470535,4.0755494352111645,0.0036964414471195297,-0.35851647840372153,False,B,0.7872986046182009
0.6010761767912225,0.24969613113935601,1.0768417484311192,0.725128573316817,1.2691507731540086,0.0,56.29640744973523,46.054771985289165,10.241635464446063,89185.5194349706,89185.5194349706,120.0,115560.0,53.72642027106804,13.726420271068037,178.3710388699412,297.2850647832353,0.0023756460181042927,0.028713300590547306,0.029233140955708177,3.0760969677799146,0.003987283049395857,-0.025365655926638198,False,B,0.7900161129041103
0.5988082099256221,0.24948234433374464,1.0761296738237243,0.7254594865269823,1.2689927516689559,0.0,56.28451838411297,46.055193353755726,10.229325030357245,88841.61560023382,88841.61560023382,120.0,115560.0,53.72642027106809,13.726420271068093,177.68323120046765,296.1387186674461,0.0024071232830267936,0.029106613374054395,0.029233130160808456,3.0000482766428918,0.0040187603143183575,-1.60922142972512e-05,False,B,0.7903171631041607
0.5987938305836186,0.24948099390714437,1.0761252287927667,0.725461601004359,1.2689918172577734,0.0,56.28444365601189,46.05519584556225,10.229247810449635,88839.43040998826,88839.43040998826,120.0,115560.0,53.72642027106809,13.726420271068093,177.6788608199765,296.13143469996083,0.0024073290345304754,0.02910910961728807,0.029233130160808456,3.0000482766428918,0.004018966065822039,-1.60922142972512e-05,False,B,0.7903191118684465
0.5988065061732191,0.24948221133928866,1.0761284084977742,0.7254595812715097,1.2689919196375616,0.0,56.284503171743495,46.055195572544676,10.229307599198819,88841.42556330311,88841.42556330311,120.0,115560.0,53.72642027106809,13.726420271068093,177.68285112660624,296.13808521101043,0.0024071712875980934,0.029107779390770284,0.029233130160808456,3.0000482766428918,0.004018808318889657,-1.60922142972512e-05,False,B,0.7903173295652115
0.5987942658728995,0.2494810327279867,1.0761253915409212,0.7254615457678235,1.26899187400355,0.0,56.284446169340924,46.05519569423751,10.229250475103413,88839.49012262857,88839.49012262857,120.0,115560.0,53.72642027106809,13.726420271068093,177.67898024525715,296.1316337420953,0.002407329842824995,0.029106613374054395,0.029235630160808455,2.9995352177503802,0.004018966874116558,0.0,True,B,0.7903190866615638
0.5988065568361479,0.24948221450295552,1.0761284520955763,0.7254595812831969,1.2689919505865235,0.0,56.28450368298911,46.055195490012636,10.229308192976475,88841.43119093067,88841.43119093067,120.0,115560.0,53.72642027106809,13.726420271068093,177.68286238186136,296.13810396976896,0.0024071715954166583,0.029106613374054395,0.029233130160808456,3.000043832097662,0.004018808626708222,-1.4610699220707346e-05,False,B,0.7903173341323183
0.6242988429527409,0.25201205005829636,1.0844265487742275,0.7218358986667563,1.2710411383630509,0.0,56.4217421802266,46.04973581967863,10.37200636054797,93120.03521739611,93120.03521739611,120.0,115560.0,53.72642027106804,13.726420271068037,186.24007043479224,310.4001173913204,0.0020847332837250774,0.024802072756389567,0.029233239126551798,4.075561512311817,0.0036963703150166413,-0.35852050410393915,False,B,0.7872984589851214
0.601311761103576,0.24971846584770716,1.0769159477477874,0.7250942800455543,1.269167405051315,0.0,56.29764535046155,46.05472763930641,10.242917711155144,89221.25163027631,89221.25163027631,120.0,115560.0,53.72642027106809,13.726420271068093,178.44250326055263,297.4041721009211,0.002372512944786076,0.028673763298818766,0.02923314105738279,3.084187920024619,0.00398414997607764,-0.02806264000820639,False,B,0.7899854458853972
0.599050417081355,0.24950506426887034,1.0762056693875992,0.7254241103278984,1.2690095866273485,0.0,56.28578687611588,46.055148460103,10.23063841601288,88878.32175788417,88878.32175788417,120.0,115560.0,53.72642027106804,13.726420271068037,177.75664351576836,296.2610725262806,0.002403638392929872,0.02906330440639614,0.02923313125046589,3.0054763841030088,0.004015275424221435,-0.0018254613676695897,False,B,0.7902845034038855
0.5988323514407234,0.24948460770832534,1.0761372478209645,0.725455960049298,1.268994429055832,0.0,56.28464480421604,46.055188880651315,10.229455923564728,88845.27400459017,88845.27400459017,120.0,115560.0,53.72642027106809,13.726420271068093,177.69054800918036,296.15091334863394,0.0024067745553111855,0.029102282237687224,0.0292331302697742,3.0000482081051922,0.004018411586602749,-1.6069368397412614e-05,False,B,0.7903139021088568
0.5988179616257003,0.2494832561419031,1.076132799454045,0.7254580760100132,1.2689934938796232,0.0,56.2845700197671,46.05519137449426,10.229378645272845,88843.0871958443,88843.0871958443,120.0,115560.0,53.72642027106804,13.726420271068037,177.6861743916886,296.1436239861477,0.002406980276201117,0.02910477846488494,0.0292331302697742,3.0000482081051936,0.004018617307492681,-1.6069368397856703e-05,False,B,0.7903158515444907
0.598830646686054,0.2494844746116936,1.0761359817210994,0.7254560548338242,1.2689935965069596,0.0,56.28462958241164,46.0551911008169,10.229438481594741,88845.08385304015,88845.08385304015,120.0,115560.0,53.72642027106809,13.726420271068093,177.6901677060803,296.1502795101338,0.0024068225460083846,0.0291034480883864,0.0292331302697742,3.0000482081051922,0.0040184595772999486,-1.6069368397412614e-05,False,B,0.7903140684918127
0.5988184077579363,0.24948329598411043,1.076132965610982,0.7254580191923475,1.268993551384837,0.0,56.284572589981906,46.055191221144526,10.22938136883738,88843.14854440726,88843.14854440726,120.0,115560.0,53.72642027106804,13.726420271068037,177.6862970888145,296.14382848135756,0.002406981115196004,0.029102282237687224,0.0292356302697742,2.999535149226315,0.004018618146487568,0.0,True,B,0.790315825576043
0.598830698401949,0.2494844778571115,1.0761360261134136,0.7254560547919715,1.268993627982785,0.0,56.284630103185236,46.05519101688003,10.229439086305206,88845.08959807474,88845.08959807474,120.0,115560.0,53.72642027106809,13.726420271068093,177.6901791961495,296.1502986602492,0.0024068228677147944,0.029102282237687224,0.0292331302697742,3.0000437635601003,0.004018459899006358,-1.4587853366757978e-05,False,B,0.7903140731247775
0.624300369699439,0.252012192149573,1.0844277084751421,0.721835828433889,1.2710419083400288,0.0,56.42175626561283,46.04973377007212,10.372022495540705,93120.20839162655,93120.20839162655,120.0,115560.0,53.72642027106809,13.726420271068093,186.24041678325312,310.4006946387552,0.0020847165719557505,0.024801599512295026,0.029233238230296953,4.075564372104031,0.0036963536032473144,-0.3585214573680104,False,B,0.7872984254002304
0.6013352229198242,0.24972069071799655,1.0769233608517375,0.7250908700985184,1.2691690843684007,0.0,56.297768845897,46.05472316174354,10.243045684153458,89224.80831952428,89224.80831952428,120.0,115560.0,53.72642027106809,13.726420271068093,178.44961663904857,297.41602773174765,0.002372201644087099,0.028669815677490336,0.029233141065826477,3.0849907935008063,0.003983838675378663,-0.028330264500268765,False,B,0.7899823998294289
0.5990744997730477,0.24950732463733769,1.0762132299816527,0.7254205941203602,1.2690112646645233,0.0,56.28591304985139,46.055143985330744,10.230769064520643,88881.97138617063,88881.97138617063,120.0,115560.0,53.72642027106809,13.726420271068093,177.76394277234127,296.27323795390214,0.00240329345016704,0.029059011598790957,0.029233131349379427,3.0063257773014054,0.004014930481458604,-0.0021085924338017925,False,B,0.7902812632716
0.598856487160411,0.2494868707902122,1.076144820503337,0.7254524345854443,1.2689961065120163,0.0,56.28477120011911,46.0551844073687,10.22958679275041,88848.9315445826,88848.9315445826,120.0,115560.0,53.72642027106809,13.726420271068093,177.69786308916522,296.16310514860874,0.002406426206513363,0.029097954933968828,0.02923313037773472,3.0000481398199894,0.0040180632378049265,-1.6046606663137435e-05,False,B,0.7903106431938858
0.5988420868736385,0.24948551808390076,1.0761403688006426,0.7254545520292207,1.2689951705706757,0.0,56.284696359325665,46.05518690324834,10.229509456077324,88846.74311750077,88846.74311750077,120.0,115560.0,53.72642027106809,13.726420271068093,177.69348623500153,296.1558103916692,0.002406631896816643,0.029100451145099304,0.02923313037773472,3.0000481398199894,0.004018268928108207,-1.6046606663137435e-05,False,B,0.7903125933007557
0.5988547814037133,0.24948673759140283,1.0761435536296848,0.7254525294099332,1.2689952734457342,0.0,56.2847559688812,46.0551866289108,10.229569339970396,88848.74127843721,88848.74127843721,120.0,115560.0,53.72642027106804,13.726420271068037,177.69748255687443,296.1624709281241,0.002406474183351789,0.02909912061881731,0.02923313037773472,3.000048139819989,0.004018111214643353,-1.6046606662989404e-05,False,B,0.7903108094987802
0.5988425438474522,0.24948555894757626,1.0761405383661564,0.7254544936307279,1.2689952288354334,0.0,56.28469898642271,46.055186747873336,10.229512238549376,88846.80610181694,88846.80610181694,120.0,115560.0,53.72642027106809,13.726420271068093,177.69361220363388,296.1560203393898,0.0024066327664847044,0.029097954933968828,0.029235630377734724,2.999535080954683,0.004018269797776268,0.0,True,B,0.7903125665708782
0.5988548341723217,0.24948674091857967,1.0761435988163794,0.7254525293145798,1.2689953054483514,0.0,56.2847564991813,46.05518654356922,10.229569955612078,88848.74714085404,88848.74714085404,120.0,115560.0,53.72642027106809,13.726420271068093,177.6974942817081,296.1624904695135,0.0024064745189306975,0.029097954933968828,0.02923313037773472,3.000043695275031,0.004018111550222261,-1.4565091677039751e-05,False,B,0.7903108141975722
0.6341218202697937,0.25307322382264263,1.087356522437012,0.7203990833125956,1.2715700466663542,0.0,56.47270211056599,46.0483282424525,10.424373868113491,94246.66915281478,94246.66915281478,120.0,115560.0,53.72642027106809,13.726420271068093,188.49333830562955,314.15556384271594,0.0020895091150212406,0.024870579229183492,0.029233236073189946,4.053722252884682,0.0037011461463128045,-0.35124075096156054,False,B,0.7863941804263995
0.6013165662841659,0.249718919575215,1.0769175198927856,0.7250935930567164,1.2691678016086636,0.0,56.297671107795395,46.054726581964985,10.24294452583041,89221.97505139046,89221.97505139046,120.0,115560.0,53.72642027106809,13.726420271068093,178.44395010278092,297.40658350463485,0.0023724475894853,0.02867289627535117,0.029233140947280245,3.0843483636305296,0.003984084620776864,-0.02811612121017652,False,B,0.7899848272334228
0.5990946313027582,0.24950921436586965,1.0762195499943665,0.7254176548213679,1.2690126672390165,0.0,56.286018522878976,46.05514024513184,10.230878277747138,88885.02229252752,88885.02229252752,120.0,115560.0,53.72642027106804,13.726420271068037,177.77004458505505,296.2834076417584,0.0024030053398071943,0.02905542585722567,0.029233131434689277,3.0070356402391907,0.004014642371098758,-0.002345213413063559,False,B,0.7902785556686271
0.5988802250972921,0.24948909682228723,1.0761522687676848,0.7254489673664797,1.268997756681715,0.0,56.28489551799146,46.05518000685754,10.229715511133918,88852.52882748633,88852.52882748633,120.0,115560.0,53.72642027106804,13.726420271068037,177.70505765497265,296.17509609162107,0.0024060838896565098,0.029093701794185703,0.029233130483430177,3.0000480728105563,0.004017720920948074,-1.6024270185432954e-05,False,B,0.7903074392442355
0.5988658145101234,0.2494877429945383,1.076147813783625,0.7254510862689626,1.2689968199876067,0.0,56.28482062177255,46.05518250474097,10.229638117031584,88850.3388085154,88850.3388085154,120.0,115560.0,53.72642027106809,13.726420271068093,177.7006776170308,296.1677960283847,0.002406289549897356,0.029096197989493786,0.029233130483430177,3.000048072810555,0.00401792658118892,-1.6024270184988865e-05,False,B,0.7903093900113393
0.5988785183550852,0.24948896352295802,1.0761510011329591,0.7254490622302492,1.26899692310651,0.0,56.28488027747488,46.0551822297536,10.229698047721286,88852.33844863156,88852.33844863156,120.0,115560.0,53.72642027106809,13.726420271068093,177.70467689726314,296.1744614954386,0.0024061318528763,0.029094867316038095,0.029233130483430177,3.0000480728105536,0.004017768884167864,-1.6024270184544775e-05,False,B,0.7903076054723723
0.5988662821480477,0.24948778486318995,1.0761479867021047,0.7254510263156115,1.2689968789996389,0.0,56.28482330482382,46.05518234737349,10.229640957450329,88850.40340184988,88850.40340184988,120.0,115560.0,53.72642027106804,13.726420271068037,177.70080680369975,296.16801133949957,0.00240629044971285,0.029093701794185703,0.029235630483430176,2.999535013958565,0.0040179274810044135,0.0,True,B,0.7903093625325225
0.5988785721590495,0.24948896693057396,1.0761510471009785,0.7254490620823005,1.2689969556272769,0.0,56.28488081714505,46.05518214303038,10.229698674114672,88852.34442649853,88852.34442649853,120.0,115560.0,53.72642027106809,13.726420271068093,177.70468885299707,296.17448142166177,0.0024061322020873274,0.029093701794185703,0.029233130483430177,3.0000436282657303,0.004017769233378891,-1.4542755243448132e-05,False,B,0.7903076102358889
0.6018307511752985,0.2497678681489381,1.0770762934069253,0.7250180984307676,1.2692009978599688,0.0,56.300346204304105,46.05463807206468,10.245708132239429,89300.27743047128,89300.27743047128,120.0,115560.0,53.72642027106809,13.726420271068093,178.60055486094257,297.6675914349043,0.002365822620715505,0.02858770224488252,0.029234959114897513,3.102524990949998,0.003977459652007069,-0.03417499698333263,False,B,0.7899180661921809
0.5991639563822623,0.24951573363682622,1.0762410248044456,0.7254074728822206,1.2690172151262828,0.0,56.28637925536492,46.05512811746331,10.231251137901609,88895.55547226196,88895.55547226196,120.0,115560.0,53.72642027106804,13.726420271068037,177.79111094452392,296.31851824087323,0.00240202514925408,0.029043072654741132,0.02923331334657691,3.009537818911351,0.004013662180545644,-0.0031792729704503606,False,B,0.7902692175525926
0.5989084887302765,0.24949174859538797,1.0761611091408436,0.7254448333480621,1.26899969418279,0.0,56.28504329949817,46.05517484012739,10.229868459370778,88856.81460246918,88856.81460246918,120.0,115560.0,53.72642027106804,13.726420271068037,177.71362920493837,296.1893820082306,0.002405677689276958,0.029088638588396103,0.02923314876974485,3.0004696135772253,0.004017314720568522,-0.00015653785907510098,False,B,0.790303623992988
0.598883050369248,0.249489361880991,1.076153152453893,0.7254485541184564,1.268997950348692,0.0,56.28491029024025,46.055179490405806,10.229730799834442,88852.9572366647,88852.9572366647,120.0,115560.0,53.72642027106804,13.726420271068037,177.70591447332941,296.1765241222157,0.002406043266354957,0.02909319547068829,0.029233132312061646,3.000047684574383,0.00401768029764652,-1.5894858127622296e-05,False,B,0.7903070577880565
0.5988686385498948,0.24948800791916304,1.076148697077921,0.725450673195594,1.268997013565135,0.0,56.28483538739721,46.05518198852735,10.229653398869857,88850.76702722843,88850.76702722843,120.0,115560.0,53.72642027106809,13.726420271068093,177.70153405445686,296.16922342409475,0.0024062489230169443,0.02909569166433409,0.029233132312061646,3.0000476845743824,0.004017885954308508,-1.5894858127474265e-05,False,B,0.79030900863437
0.5988813435093161,0.24948922856965222,1.0761518847283889,0.7254486489869755,1.268997116712834,0.0,56.284895048616704,46.055181713463185,10.22971333515352,88852.76684434642,88852.76684434642,120.0,115560.0,53.72642027106809,13.726420271068093,177.70553368869284,296.17588948115474,0.0024060912279479387,0.02909436097303301,0.029233132312061646,3.0000476845743824,0.004017728259239502,-1.5894858127474265e-05,False,B,0.7903072240070863
0.5988691074688297,0.24948804990855378,1.0761488703989581,0.7254506130554229,1.2689970726667232,0.0,56.284838077168104,46.05518183092107,10.229656246247032,88850.83181386658,88850.83181386658,120.0,115560.0,53.72642027106809,13.726420271068093,177.70166362773315,296.1694393795553,0.0024062498264482216,0.02909319547068829,0.029235632312061645,2.9995650468450354,0.0040178868577397855,0.0,True,B,0.7903089810655237
0.5988813974375865,0.2494892319869318,1.0761519307901704,0.7254486488326943,1.268997149295764,0.0,56.284895589411406,46.05518162657427,10.229713962837138,88852.77283607495,88852.77283607495,120.0,115560.0,53.72642027106804,13.726420271068037,177.7055456721499,296.1759094535832,0.0024060915787955614,0.02909319547068829,0.029233132312061646,3.000043240030144,0.004017728610087125,-1.4413343381332785e-05,False,B,0.7903072287783539
0.6145303719150347,0.25100601635112074,1.0812776876093464,0.723222970268345,1.2702869619003758,0.0,56.369205999518556,46.051744033812554,10.317461965706002,91627.41607028089,91627.41607028089,120.0,115560.0,53.72642027106809,13.726420271068093,183.25483214056177,305.4247202342696,0.0021454602248605907,0.025674988154266613,0.02923321948209795,3.8195074507875875,0.003757097256152154,-0.27316915026252914,False,B,0.7882685398323821
0.6008674736699938,0.2496764235104822,1.0767744171933582,0.7251586207750915,1.2691344765980064,0.0,56.2952971683153,46.05481543777438,10.240481730540921,89154.01827585294,89154.01827585294,120.0,115560.0,53.72642027106804,13.726420271068037,178.3080365517059,297.18006091950986,0.0023784918740352755,0.028750115189616985,0.029233141029065275,3.0690313875016013,0.0039901289053268394,-0.023010462500533773,False,B,0.7900432193317217
0.5990763332663307,0.24950750349110853,1.07621362011639,0.7254202873251729,1.2690112113005148,0.0,56.28592105928277,46.05514412763489,10.230776931647881,88882.26654762933,88882.26654762933,120.0,115560.0,53.72642027106804,13.726420271068037,177.76453309525866,296.2742218254311,0.0024032731365221396,0.02905887484708687,0.029233133183762007,3.0064050303181653,0.004014910167813703,-0.002135010106055102,False,B,0.7902810004940665
0.5989023282176419,0.2494911705497028,1.0761591830138313,0.7254457345510482,1.268999272623528,0.0,56.28501109448581,46.05517596429786,10.22983513018795,88855.88038365165,88855.88038365165,120.0,115560.0,53.72642027106804,13.726420271068037,177.7117607673033,296.1862679455055,0.0024057661034058648,0.029089763282373202,0.02923313239923168,3.0002479946863914,0.004017403134697429,-8.266489546378726e-05,False,B,0.7903044552500265
0.5988849776508052,0.24948954269308873,1.0761537553481981,0.7254482722326839,1.2689980825380662,0.0,56.28492036794461,46.05517913789646,10.229741230048148,88853.24947370241,88853.24947370241,120.0,115560.0,53.72642027106804,13.726420271068037,177.7064989474048,296.1774982456747,0.0024060155485603296,0.02909285225059723,0.02923313232077865,3.0000476781830234,0.004017652579851893,-1.5892727674475065e-05,False,B,0.790306797566094
0.5988705649945979,0.2494881886401343,1.0761492997062347,0.7254503914284657,1.2689971456939402,0.0,56.28484546060383,46.05518163617927,10.229663824424563,88851.05913487684,88851.05913487684,120.0,115560.0,53.72642027106804,13.726420271068037,177.70211826975367,296.17019711625613,0.00240622120279632,0.029095348443187355,0.02923313232077865,3.0000476781830243,0.004017858234087884,-1.5892727674771123e-05,False,B,0.7903087484662396
0.5988832707109781,0.2494894093735843,1.0761524875611213,0.7254483671044383,1.2689972488610828,0.0,56.28490512556999,46.05518136106326,10.22972376450673,88853.05907224552,88853.05907224552,120.0,115560.0,53.72642027106804,13.726420271068037,177.70611814449106,296.17686357415175,0.002406063509048743,0.029094017739685122,0.02923313232077865,3.0000476781830234,0.004017700540340307,-1.5892727674475065e-05,False,B,0.7903069637789533
0.5988710347800315,0.24948823071121562,1.0761494732991528,0.7254503311618404,1.2689972048556994,0.0,56.28484815491652,46.055181478412464,10.229666676504053,88851.12405230799,88851.12405230799,120.0,115560.0,53.72642027106804,13.726420271068037,177.702248104616,296.17041350769335,0.002406222108662212,0.02909285225059723,0.029235632320778648,2.999633331139885,0.0040178591399537755,0.0,True,B,0.7903087208363698
0.5988833247232153,0.24948941279740197,1.0761525336861466,0.7254483669458447,1.2689972814859096,0.0,56.28490566712355,46.05518127406259,10.229724393060962,88853.06507333789,88853.06507333789,120.0,115560.0,53.72642027106804,13.726420271068037,177.70613014667578,296.176883577793,0.002406063861002297,0.02909285225059723,0.02923313232077865,3.000043233638798,0.004017700892293861,-1.4411212932626446e-05,False,B,0.7903069685554215
0.6242221210512708,0.2520049124082887,1.0843681892597536,0.7218394168982606,1.271002366742726,0.0,56.42103369664983,46.04983902789314,10.371194668756686,93111.34748384976,93111.34748384976,120.0,115560.0,53.72642027106809,13.726420271068093,186.22269496769954,310.37115827949924,0.0020855715736987582,0.02482595604176451,0.029233219408582076,4.075417292834002,0.003697208604990322,-0.3584724309446674,False,B,0.7873001327087757
0.6013817762598476,0.2497251765000279,1.0769360975209712,0.7250836867156313,1.2691704900554404,0.0,56.29799688415699,46.0547194137655,10.24327747039149,89232.0493306805,89232.0493306805,120.0,115560.0,53.72642027106809,13.726420271068093,178.464098661361,297.4401644356017,0.0023716422226949026,0.028664137492191686,0.02923314102955899,3.086729043200643,0.003983279253986467,-0.02890968106688104,False,B,0.789976164223397
0.5991265623780653,0.2495122190062899,1.0762293846365838,0.7254129528019783,1.269014706643677,0.0,56.286184185642526,46.05513480672721,10.231049378915316,88889.87917174926,88889.87917174926,120.0,115560.0,53.72642027106804,13.726420271068037,177.77975834349851,296.2995972391642,0.002402554806788393,0.029049960523381452,0.029233133191656685,3.008175993655569,0.004014191838079956,-0.0027253312185229936,False,B,0.7902742460578551
0.5989090574287695,0.24949180175410166,1.0761612929757753,0.725444751380736,1.268999738971548,0.0,56.28504632416406,46.055174720689365,10.229871603474692,88856.90030044016,88856.90030044016,120.0,115560.0,53.72642027106804,13.726420271068037,177.71380060088032,296.1896676681339,0.002405669240171168,0.0290885628753619,0.02923313240786645,3.000485959556122,0.004017306271462732,-0.0001619865187073207,False,B,0.7903035473887653
0.5988873848438566,0.24948976851377822,1.0761545088586721,0.7254479202581068,1.2689982481218274,0.0,56.284932959323555,46.055178696334394,10.229754262989161,88853.61443529626,88853.61443529626,120.0,115560.0,53.72642027106809,13.726420271068093,177.70722887059253,296.1787147843209,0.0024059809153791733,0.029092423311048565,0.02923313232948743,3.000047671793812,0.004017617946670737,-1.5890597937347668e-05,False,B,0.790306472597954
0.5988729711426589,0.24948841434702856,1.0761500528844528,0.7254500396020148,1.2689973112019606,0.0,56.28485804636534,46.05518119481877,10.229676851546571,88851.42393490933,88851.42393490933,120.0,115560.0,53.72642027106804,13.726420271068037,177.70284786981867,296.1714131163645,0.002406186566583276,0.029094919502278986,0.02923313232948743,3.000047671793812,0.004017823597874839,-1.5890597937347668e-05,False,B,0.790308423565284
0.5988856778042355,0.2494896351840763,1.076153240994664,0.7254480151338923,1.2689974143934508,0.0,56.28491771601057,46.055180919637905,10.229736796372663,88853.42402242476,88853.42402242476,120.0,115560.0,53.72642027106809,13.726420271068093,177.70684804484952,296.17808007474923,0.0024060288744882042,0.029093588783587542,0.02923313232948743,3.000047671793812,0.004017665905779768,-1.5890597937347668e-05,False,B,0.7903066388030966
0.5988734420099514,0.2494884565201046,1.0761502268168714,0.7254499791775169,1.2689973704388913,0.0,56.28486074634901,46.055181036851536,10.229679709497475,88851.48901563723,88851.48901563723,120.0,115560.0,53.72642027106809,13.726420271068093,177.70297803127445,296.1716300521241,0.002406187475489674,0.029092423311048565,0.029235632329487428,2.9997185776338524,0.004017824506781237,0.0,True,B,0.7903083958592377
0.5988857319213189,0.24948963861605725,1.0761532871986712,0.7254480149699176,1.2689974470706027,0.0,56.28491825851171,46.05518083249768,10.229737426014026,88853.4300352094,88853.4300352094,120.0,115560.0,53.72642027106804,13.726420271068037,177.7068600704188,296.1781001173647,0.002406029227822504,0.029092423311048565,0.02923313232948743,3.000043227249598,0.0040176662591140675,-1.4409083199347824e-05,False,B,0.7903066435860614
0.6242318402481377,0.2520058167984208,1.0843755740714862,0.7218389686565105,1.2710072701433095,0.0,56.42112336998002,46.04982597507882,10.371297394901205,93112.44862108717,93112.44862108717,120.0,115560.0,53.72642027106804,13.726420271068037,186.22489724217434,310.3748287369572,0.002085465166243499,0.024822931342955965,0.0292332193352168,4.075435557338708,0.003697102197535063,-0.35847851911290274,False,B,0.7872999172794309
0.6013846541714354,0.2497254413074578,1.076937236083874,0.7250833169711901,1.2691709199206804,0.0,56.29801400976385,46.05471826761834,10.243295742145506,89232.46428622199,89232.46428622199,120.0,115560.0,53.72642027106809,13.726420271068093,178.464928572444,297.44154762074,0.002371597428452279,0.028663404336311045,0.029233141030060368,3.0868105121675113,0.003983234459743842,-0.02893683738917045,False,B,0.7899758135053689
0.5991290147733217,0.2495124485211439,1.0762301747709857,0.7254125990222555,1.2690148972641953,0.0,56.28619720880056,46.0551342984071,10.231062910393462,88890.24895322269,88890.24895322269,120.0,115560.0,53.72642027106804,13.726420271068037,177.7804979064454,296.3008298440757,0.0024025191249713645,0.029049500715795526,0.029233133199544722,3.0082608830791178,0.0040141561562629284,-0.0027536276930392547,False,B,0.7902739182400808
0.5989114691238496,0.24949202794225006,1.0761620501304645,0.7254443992254113,1.2689999070455698,0.0,56.28505895851174,46.05517427248719,10.229884686024548,88857.26574227038,88857.26574227038,120.0,115560.0,53.72642027106809,13.726420271068093,177.71453148454077,296.19088580756795,0.0024056345017984242,0.029088130844545465,0.029233132416493158,3.000571170543401,0.004017271533089988,-0.00019039018113368536,False,B,0.79030322213299
0.5988897924869291,0.24948999437119407,1.0761552627333875,0.7254475682654525,1.2689984139544817,0.0,56.28494555499725,46.055178254108625,10.229767300888625,88853.97944489625,88853.97944489625,120.0,115560.0,53.72642027106809,13.726420271068093,177.7079588897925,296.1799314829875,0.002405946271675576,0.029091994062328475,0.029233132338188,3.0000476654067465,0.00401758330296714,-1.588846891549996e-05,False,B,0.7903061476010237
0.5988753777405772,0.24948864009063032,1.0761508064267793,0.7254496877574921,1.2689974769587842,0.0,56.28487063642001,46.055180752794854,10.229689883625156,88851.7887829295,88851.7887829295,120.0,115560.0,53.72642027106804,13.726420271068037,177.703577565859,296.1726292764317,0.0024061519198456073,0.029094490252169092,0.029233132338188,3.0000476654067474,0.004017788951137171,-1.588846891579602e-05,False,B,0.7903080986355244
0.5988880853474782,0.24948986103129286,1.0761539947924024,0.7254476631452635,1.2689975801746751,0.0,56.28493031074544,46.05518047754896,10.229749833196479,88853.78902060617,88853.78902060617,120.0,115560.0,53.72642027106804,13.726420271068037,177.70757804121234,296.17929673535394,0.002405994229404994,0.0290931595183202,0.029233132338188,3.0000476654067465,0.004017631260696558,-1.588846891549996e-05,False,B,0.7903063137984401
0.5988758496899016,0.24948868236571675,1.0761509806988339,0.7254496271751144,1.2689975362709773,0.0,56.28487334207625,46.05518059462696,10.229692747449292,88851.85402697307,88851.85402697307,120.0,115560.0,53.72642027106804,13.726420271068037,177.70370805394614,296.1728467565769,0.002406152831794693,0.029091994062328475,0.029235632338188003,2.999803820579149,0.004017789863086257,0.0,True,B,0.7903080708533138
0.5988881395694452,0.24948986447143814,1.0761540410754364,0.7254476629759137,1.2689976129041907,0.0,56.28493085419467,46.05518039026913,10.22975046392554,88853.79504508722,88853.79504508722,120.0,115560.0,53.72642027106804,13.726420271068037,177.70759009017445,296.17931681695745,0.0024059945841202685,0.029091994062328475,0.029233132338188,3.000043220862546,0.004017631615411832,-1.4406954181941009e-05,False,B,0.7903063185879111
0.6348961386378431,0.25315889216427717,1.087576391657676,0.720283842298028,1.2716003975437962,0.0,56.476641389790245,46.048247489903304,10.428393899886942,94369.14593908416,94369.14593908416,120.0,115560.0,53.72642027106804,13.726420271068037,188.73829187816833,314.5638197969472,0.0020854484706402995,0.024822260037957723,0.02923321928410152,4.075376560192394,0.0036970855019318634,-0.3584588533974647,False,B,0.7863154751832041
0.6013870197198141,0.2497256634540929,1.0769380463868994,0.7250829864823448,1.2691711506356878,0.0,56.298027003825666,46.05471765246443,10.243309351361233,89232.81705398942,89232.81705398942,120.0,115560.0,53.72642027106804,13.726420271068037,178.46563410797884,297.44272351329806,0.002371564272865493,0.028662938485817035,0.029233141032779353,3.0868867560869457,0.003983201304157057,-0.02896225202898191,False,B,0.7899755128516566
0.5991314191295808,0.2495126740977375,1.076230934211435,0.7254122489624343,1.26901506929114,0.0,56.28620984586519,46.055133839669736,10.231076006195451,88890.61291034763,88890.61291034763,120.0,115560.0,53.72642027106804,13.726420271068037,177.78122582069525,296.3020430344921,0.002402484626278325,0.029049067682936587,0.029233133207647137,3.008345265368907,0.004014121657569889,-0.0027817551229690394,False,B,0.7902735955060778
0.5989138764469571,0.2494922537724294,1.076162804560949,0.725444047423968,1.2690000734948035,0.0,56.28507155833847,46.0551738286178,10.229897729720676,88857.63064824913,88857.63064824913,120.0,115560.0,53.72642027106804,13.726420271068037,177.71526129649828,296.1921021608305,0.0024055998725571355,0.02908770121617188,0.029233132425133916,3.0006563278041307,0.004017236903848699,-0.0002187759347102395,False,B,0.7903028973607047
0.5988922000980921,0.24949022022589473,1.0761560166636712,0.7254472162918989,1.268998579848765,0.0,56.28495815108636,46.05517781171858,10.229780339367778,88854.34444415031,88854.34444415031,120.0,115560.0,53.72642027106804,13.726420271068037,177.70868888830063,296.18114814716773,0.002405911629417822,0.02909156477563064,0.029233132346882594,3.000047659021589,0.004017548660709386,-1.588634052973603e-05,False,B,0.7903058226265415
0.5988777843065999,0.2494888658315166,1.076151560024654,0.7254493359320615,1.2689976427772138,0.0,56.28488322689003,46.055180310606715,10.229702916283316,88852.15362060747,88852.15362060747,120.0,115560.0,53.72642027106809,13.726420271068093,177.70430724121493,296.1738454020249,0.0024061172745535138,0.029094060964072913,0.029233132346882594,3.0000476590215897,0.004017754305845078,-1.5886340529884062e-05,False,B,0.7903077737282046
0.5988904928588078,0.24949008687579405,1.076154748645702,0.7254473111757337,1.2689977460175224,0.0,56.28494290589566,46.055180035295734,10.229762870599927,88854.15400844128,88854.15400844128,120.0,115560.0,53.72642027106804,13.726420271068037,177.70830801688257,296.18051336147096,0.002405959585767739,0.029092730215077557,0.029233132346882594,3.0000476590215897,0.004017596617059303,-1.5886340529884062e-05,False,B,0.7903059888162302
0.5988782573379409,0.2494889082086136,1.0761517346363652,0.725449275191812,1.268997702164692,0.0,56.28488593821902,46.05518015223811,10.229705785980912,88852.21902796293,88852.21902796293,120.0,115560.0,53.72642027106804,13.726420271068037,177.70443805592586,296.1740634265431,0.0024061181895455525,0.02909156477563064,0.029235632346882593,2.999889054959788,0.004017755220837116,0.0,True,B,0.7903077458698373
0.5988905471856613,0.24949009032410388,1.0761547950077708,0.7254473110010097,1.2689977787994065,0.0,56.28494345029304,46.0551799478763,10.229763502416745,88854.160044619,88854.160044619,120.0,115560.0,53.72642027106809,13.726420271068093,177.70832008923801,296.18053348206337,0.002405959941863876,0.02909156477563064,0.029233132346882594,3.0000432144773996,0.00401759697315544,-1.4404825799877822e-05,False,B,0.7903059936122085
0.6346435417049355,0.2531311357027027,1.0874955813465617,0.7203194313441242,1.2715816211249549,0.0,56.47527602849203,46.048297446810466,10.426978581681567,94330.01822923237,94330.01822923237,120.0,115560.0,53.72642027106809,13.726420271068093,188.66003645846476,314.4333940974413,0.002086878317320532,0.02484277477291586,0.02923321929993178,4.068815492416841,0.003698515348612096,-0.3562718308056138,False,B,0.7863395617547578
0.6013767726674817,0.2497246902082208,1.0769348437937,0.7250844831647675,1.2691704514982975,0.0,56.297973367630846,46.054719516570174,10.243253851060672,89231.26032397053,89231.26032397053,120.0,115560.0,53.72642027106804,13.726420271068037,178.46252064794106,297.43753441323514,0.002371698951451674,0.02866462183933258,0.02923314104218751,3.0865337467422904,0.003983335982743238,-0.02884458224743014,False,B,0.7899768456373674
0.5991326419598282,0.24951278889929698,1.0762313184075756,0.7254120704939434,1.269015154782914,0.0,56.286216255323836,46.05513361169227,10.231082643631566,88890.7982061844,88890.7982061844,120.0,115560.0,53.72642027106809,13.726420271068093,177.7815964123688,296.30266068728133,0.0024024671465076855,0.02904884984264057,0.029233133216413087,3.0083883371192783,0.004014104177799249,-0.0027961123730927775,False,B,0.7902734311900397
0.5989161663533773,0.2494924686059222,1.076163521765909,0.7254437126917734,1.2690002314070454,0.0,56.285083539940786,46.055173407514076,10.22991013242671,88857.97779651204,88857.97779651204,120.0,115560.0,53.72642027106809,13.726420271068093,177.7159555930241,296.1932593217068,0.002405566948853806,0.02908729307593803,0.029233132433835643,3.000737362075055,0.00401720398014537,-0.000245787358351605,False,B,0.7903025884030425
0.598894595946482,0.24949044497931136,1.0761567669238932,0.7254468660413941,1.2689987449454248,0.0,56.28497068576843,46.05517737145561,10.229793314312815,88854.70765949364,88854.70765949364,120.0,115560.0,53.72642027106804,13.726420271068037,177.70941531898728,296.1823588649788,0.0024058771590385677,0.029091137603597442,0.0292331323555779,3.0000476526592106,0.004017514190330132,-1.5884219736861382e-05,False,B,0.7903054992532533
0.598880179114945,0.24948909047167178,1.0761523099540822,0.7254489858289563,1.268997807798384,0.0,56.284895755980244,46.05517987054475,10.229715885435496,88852.51667516239,88852.51667516239,120.0,115560.0,53.72642027106809,13.726420271068093,177.70503335032478,296.17505558387467,0.002406082801154868,0.029093633790646705,0.0292331323555779,3.0000476526592093,0.0040177198324464316,-1.5884219736417293e-05,False,B,0.79030745042175
0.5988928886078518,0.24949031161906088,1.0761554988293136,0.7254469609292326,1.2689979110629943,0.0,56.28495543964334,46.055179595168966,10.229775844474375,88854.5172124213,88854.5172124213,120.0,115560.0,53.72642027106804,13.726420271068037,177.7090344248426,296.1817240414043,0.002405925114015839,0.029092303026581758,0.0292331323555779,3.0000476526592097,0.004017562145307403,-1.5884219736565324e-05,False,B,0.7903056654352519
0.598880653223027,0.24948913295028416,1.0761524849037998,0.7254489249316065,1.2689978672607867,0.0,56.28489847295435,46.055179711976336,10.229718760978017,88852.5822450336,88852.5822450336,120.0,115560.0,53.72642027106804,13.726420271068037,177.7051644900672,296.17527415011205,0.002406083719174872,0.029091137603597442,0.029235632355577898,2.9999738694905353,0.004017720750466435,0.0,True,B,0.7903074224875992
0.5988929430390801,0.24949031507549552,1.0761555452700327,0.7254469607491614,1.2689979438969936,0.0,56.28495598498432,46.055179507610546,10.229776477373775,88854.52326023871,88854.52326023871,120.0,115560.0,53.72642027106804,13.726420271068037,177.70904652047741,296.1817442007957,0.002405925471485978,0.029091137603597442,0.0292331323555779,3.000043208115034,0.0040175625027775415,-1.4402705011296035e-05,False,B,0.7903056702377061
0.5364589663859313,0.24451111320721097,1.057289007175159,0.7349159697275627,1.265297422941159,0.0,55.96999582540781,46.06506379464389,9.904932030763916,79833.85472782559,79833.85472782559,120.0,115560.0,53.72642027106809,13.726420271068093,159.66770945565116,266.11284909275196,0.004082813812605295,0.038,0.038,1.7754359387857443,0.005694450843896859,0.0,True,C,0.8021786427046973
0.9584052639668378,0.44476852413038903,0.29723979460937716,0.16400546366613467,0.28363504820732294,0.0,54.23041161856219,50.69732374547857,3.533087873083616,99148.19557213172,99148.19557213172,120.0,115560.0,53.72642027106804,13.726420271068037,198.29639114426345,330.4939852404391,0.004082813812605295,0.038,0.038,1.7754359387857443,0.005694450843896859,0.0,True,C,0.2219165988554628
0.9578728810828478,0.4445305097856613,0.2983404109999703,0.1646829607776932,0.28479382282980786,0.0,54.23208510440401,50.687688152021224,3.544396952382783,99321.21128323431,99321.21128323431,120.0,115560.0,53.72642027106809,13.726420271068093,198.64242256646864,331.07070427744776,0.004082813812605295,0.038,0.038,1.775435938785744,0.005694450843896859,0.0,True,C,0.22268129430600708
0.958445253144464,0.444787487998863,0.29715073848517465,0.16395142317865607,0.28354218548611754,0.0,54.230264986156385,50.69809668167238,3.532168304484003,99150.12677447779,99150.12677447779,120.0,115560.0,53.72642027106809,13.726420271068093,198.30025354895557,330.5004225815926,0.004082813812605295,0.038,0.038,1.7754359387857443,0.005694450843896859,0.0,True,C,0.22186091717482043
1.096412156535041,0.5102017102224143,0.05525202528901888,0.023007560520819963,0.040475739386274495,0.0,54.304441918397856,53.5343325949533,0.770109323444558,105926.84300072172,105926.84300072172,120.0,115560.0,53.72642027106804,13.726420271068037,211.85368600144346,353.08947666907244,0.004082813812605295,0.038,0.038,1.7754359387857443,0.005694450843896859,0.0,True,C,0.07631991911245427
1.0959968122736121,0.5100185432082028,0.05421849128193864,0.022493990781530377,0.0395804708379465,0.0,54.291130878165745,53.53586612927364,0.7552647488921025,106118.93902481491,106118.93902481491,120.0,115560.0,53.72642027106804,13.726420271068037,212.23787804962984,353.72979674938307,0.004082813812605295,0.038,0.038,1.7754359387857443,0.005694450843896859,0.0,True,C,0.0758346619449892
1.0963959679391597,0.5101940371653367,0.055209720524491725,0.022986095134997324,0.04043836004455374,0.0,54.30388565849984,53.534385281696984,0.7695003768028528,105926.03458850445,105926.03458850445,120.0,115560.0,53.72642027106804,13.726420271068037,211.8520691770089,353.08678196168154,0.004082813812605295,0.038,0.038,1.7754359387857443,0.005694450843896859,0.0,True,C,0.07629665603122872
1.0451236996880102,0.48736322829849077,0.08484468573083655,0.04262157462741918,0.07451148679147274,0.0,53.89216635138024,52.77603930704123,1.1161270443390094,131297.3812677987,131297.3812677987,120.0,115560.0,53.72642027106804,13.726420271068037,262.5947625355974,437.657937559329,0.004082813812605295,0.038,0.038,1.7754359387857446,0.005694450843896859,-0.14171635885042336,False,C,0.10543966809051147
1.0908751372531622,0.5077572077995386,0.041503428812978735,0.01619737341170317,0.02852774866987068,0.0,54.128814364435186,53.5547677712878,0.5740465931473864,108505.64031021373,108505.64031021373,120.0,115560.0,53.72642027106809,13.726420271068093,217.01128062042747,361.6854677007125,0.004082813812605295,0.038,0.038,1.7754359387857443,0.005694450843896859,0.0,True,C,0.06989786121778385
1.0904675384905065,0.5075770343627626,0.04049388642037776,0.015700796042992175,0.027647119319693023,0.0,54.11604018881309,53.55627137725219,0.5597688115609003,108697.00668384643,108697.00668384643,120.0,115560.0,53.72642027106809,13.726420271068093,217.39401336769285,362.32335561282144,0.004082813812605295,0.038,0.038,1.7754359387857443,0.005694450843896859,0.0,True,C,0.06943076489916994
1.090858771720525,0.5077494518572107,0.04146093615780772,0.016176058095865427,0.028489963852558333,0.0,54.128265793207675,53.554821203617905,0.5734445895897693,108504.80130048674,108504.80130048674,120.0,115560.0,53.72642027106809,13.726420271068093,217.0096026009735,361.6826710016225,0.004082813812605295,0.038,0.038,1.7754359387857443,0.005694450843896859,0.0,True,C,0.06987475514336243
0.3470918577815883,0.15777499581514848,1.299068976379903,0.9820437073388092,1.6876499721458396,0.0,56.8150799233855,45.1125558498772,11.7025240735083,110639.69830511669,110639.69830511669,120.0,115560.0,53.72642027106804,13.726420271068037,221.2793966102334,368.798994350389,0.004082813812605295,0.038,0.038,1.7754359387857446,0.005694450843896859,0.0,True,C,1.0642922056991286
1.0535018821429443,0.4904638318094668,0.069622312210881,0.033905998011123276,0.05966152637826203,0.0,53.8790111400329,52.95480046910626,0.9242106709266409,113670.74297127036,113670.74297127036,120.0,115560.0,53.72642027106804,13.726420271068037,227.34148594254071,378.90247657090123,0.004082813812605295,0.038,0.038,1.7754359387857443,0.005694450843896859,0.0,True,C,0.09024102517882354
1.0784117855803865,0.5020008695753222,0.014657801152187495,0.004271480303455294,0.009490362653785694,0.0,53.797671439594865,53.59758848314044,0.2000829564544233,110350.91638246321,110350.91638246321,120.0,115560.0,53.72642027106809,13.726420271068093,220.70183276492642,367.83638794154405,0.004082813812605295,0.038,0.038,1.775435938785744,0.005694450843896859,0.0,True,C,0.05766552260762767
1.0780047189120072,0.5018204303543373,0.014627336016376417,0.0043875061248159495,0.009378526692901238,0.0,53.798844796164815,53.59909257488118,0.19975222128363157,110540.58503028819,110540.58503028819,120.0,115560.0,53.72642027106804,13.726420271068037,221.08117006057637,368.4686167676273,0.004082813812605295,0.038,0.038,1.7754359387857446,0.005694450843896859,0.0,True,C,0.05784531888416115
1.0784292393092183,0.5020091405308615,0.014657882191079266,0.0042671970155425945,0.009494627490441214,0.0,53.797611362659154,53.597531131560515,0.2000802310986387,110351.82976518685,110351.82976518685,120.0,115560.0,53.72642027106809,13.726420271068093,220.7036595303737,367.83943255062286,0.004082813812605295,0.038,0.038,1.7754359387857443,0.005694450843896859,0.0,True,C,0.05766154358594877
1.0801519562616377,0.5024945432549821,0.015425819526949644,0.004458654127999647,0.010244237508038464,0.0,53.797737023799755,53.587458227590844,0.210278796208911,105116.4340355463,105116.4340355463,120.0,115560.0,53.72642027106804,13.726420271068037,210.2328680710926,350.388113451821,0.004082813812605295,0.038,0.038,1.7754359387857446,0.005694450843896859,0.0,True,C,0.05609542755108654
1.0797233644844924,0.5023051713228378,0.01539209173543786,0.004408225120954981,0.010125858445106772,0.0,53.798960973333806,53.58904795689011,0.20991301644369287,105306.26395189257,105306.26395189257,120.0,115560.0,53.72642027106809,13.726420271068093,210.61252790378515,351.0208798396419,0.004082813812605295,0.038,0.038,1.775435938785744,0.005694450843896859,0.0,True,C,0.056108736312514874
1.0801701718268495,0.5025031774359928,0.01542590880321334,0.004462086815818773,0.010248687006443895,0.0,53.79767429092783,53.58739848189589,0.2102758090319412,105117.3401312289,105117.3401312289,120.0,115560.0,53.72642027106804,13.726420271068037,210.23468026245783,350.3911337707631,0.004082813812605295,0.038,0.038,1.7754359387857443,0.005694450843896859,0.0,True,C,0.05609916136876818
1.0797146924402634,0.5022872800005966,0.015423677300116333,0.004416800222368086,0.010137427594837168,0.0,53.799243097016586,53.58889257672945,0.21035052028713608,105094.68444030843,105094.68444030843,120.0,115560.0,53.72642027106804,13.726420271068037,210.18936888061685,350.3156148010281,0.004082813812605295,0.038,0.038,1.7754359387857443,0.005694450843896859,0.0,True,C,0.05604634548480865
1.0792857469711892,0.5020977424189335,0.015389953810584134,0.004438336967566353,0.010018960793010304,0.0,53.800468502816955,53.59048382034888,0.20998468246807533,105284.45370859596,105284.45370859596,120.0,115560.0,53.72642027106809,13.726420271068093,210.56890741719192,350.9481790286532,0.004082813812605295,0.038,0.038,1.775435938785744,0.005694450843896859,0.0,True,C,0.05613159919784705
1.0797329648244682,0.5022959411241394,0.015423766787001721,0.004416975204041331,0.010141890964712765,0.0,53.799180154548026,53.58883263212198,0.21034752242604782,105095.59326680185,105095.59326680185,120.0,115560.0,53.72642027106804,13.726420271068037,210.1911865336037,350.31864422267284,0.004082813812605295,0.038,0.038,1.7754359387857443,0.005694450843896859,0.0,True,C,0.056046822499692873
1.079650533147814,0.5022568684454053,0.015423363109861804,0.0044172788283603805,0.010121755496239523,0.0,53.799464109687335,53.589103062644995,0.2103610470423405,105091.49333583389,105091.49333583389,120.0,115560.0,53.72642027106804,13.726420271068037,210.18298667166778,350.304977786113,0.004082813812605295,0.038,0.038,1.7754359387857443,0.005694450843896859,0.0,True,C,0.056045763582251974
1.0792215357932247,0.5020673065635312,0.015389640251459256,0.004449353818106568,0.010003275823342801,0.0,53.80068972917621,53.59069452847268,0.20999520070353128,105281.25370657735,105281.25370657735,120.0,115560.0,53.72642027106804,13.726420271068037,210.5625074131547,350.9375123552578,0.004082813812605295,0.038,0.038,1.7754359387857443,0.005694450843896859,0.0,True,C,0.056141552488215944
1.079668813879105,0.5022655335269879,0.015423452627669748,0.004416969139038677,0.010126220903923084,0.0,53.799401136422375,53.58904308881125,0.2103580476111233,105092.4025634684,105092.4025634684,120.0,115560.0,53.72642027106804,13.726420271068037,210.1848051269368,350.3080085448947,0.004082813812605295,0.038,0.038,1.7754359387857443,0.005694450843896859,0.0,True,C,0.056045756058836445
0.5364589663859313,0.24451111320721097,1.057289007175159,0.7349159697275627,1.265297422941159,0.0,55.96999582540781,46.06506379464389,9.904932030763916,79833.85472782559,79833.85472782559,120.0,115560.0,53.72642027106809,13.726420271068093,159.66770945565116,266.11284909275196,0.004082813812605295,0.038,0.038,1.7754359387857443,0.005694450843896859,0.0,True,baseline,
1.0848110599850842,0.5023129434521624,0.021201831680065317,0.006175493816269007,0.013713043732004451,0.0,53.83057865674658,53.54178602619811,0.28879263054847115,114461.12859552307,114461.12859552307,119.99337567015172,115560.0,53.727176790823705,13.727176790823705,228.90962005320242,381.51603342200406,0.003842939613395669,0.035260164829076075,0.038488037593577065,1.7359665460999858,0.0054545766446872325,0.0,True,D,
0.5760004983220516,0.24744685920706966,1.0693609281320993,0.7289009797307846,1.2677691187494204,0.0,56.1693474322438,46.058458189733244,10.110889242510552,86209.14791656131,86209.14791656131,120.0,115560.0,53.72642027106809,13.726420271068093,172.41829583312264,287.36382638853775,0.0024162617389688365,0.02923316227850788,0.02923316227850788,2.9999955126400213,0.0040278987702604,0.0,True,A,
0.598880653223027,0.24948913295028416,1.0761524849037998,0.7254489249316065,1.2689978672607867,0.0,56.28489847295435,46.055179711976336,10.229718760978017,88852.5822450336,88852.5822450336,120.0,115560.0,53.72642027106804,13.726420271068037,177.7051644900672,296.17527415011205,0.002406083719174872,0.029091137603597442,0.029235632355577898,2.9999738694905353,0.004017720750466435,0.0,True,B,
1.079668813879105,0.5022655335269879,0.015423452627669748,0.004416969139038677,0.010126220903923084,0.0,53.799401136422375,53.58904308881125,0.2103580476111233,105092.4025634684,105092.4025634684,120.0,115560.0,53.72642027106804,13.726420271068037,210.1848051269368,350.3080085448947,0.004082813812605295,0.038,0.038,1.7754359387857443,0.005694450843896859,0.0,True,C,
1.0654205607462393,0.5022440688790075,6.652389410615511e-12,3.3085890281459363e-12,5.713906491828699e-12,0.0,53.72717679083655,53.727176790745375,9.117684385273606e-11,107672.72699607717,107672.72699607717,119.99337567015172,115560.0,53.727176790823705,13.727176790823705,215.33356633116625,358.88927721861046,0.003842939613395669,0.035260164829076075,0.038488037593577065,1.7359665460999862,0.0054545766446872325,0.0,True,E,
1.0846314220584137,0.5022002838129656,0.021276779902688694,0.006206876799744905,0.013695501534761855,0.0,54.3072568241663,54.007423002961275,0.2998338212050271,107046.34878961845,107046.34878961845,116.0,115560.0,54.19893224298369,14.198932242983688,206.9562743265957,344.9271238776595,0.003842939613395669,0.035260164829076075,0.038488037593577065,1.6785844423461516,0.0054545766446872325,0.0,True,D116,
