design,time_s,tray,liquid_W,electrical_W,connection,bore_mm,flow_LPM,solid_C
fixed,0.0,C01,1740.0,1740.0,1.0,6.335166590900118,6.022845275154093,51.084785836683686
fixed,0.0,C02,1740.0,1740.0,1.0,6.409915367443772,6.022845275154088,51.08478583668369
fixed,0.0,C03,1740.0,1740.0,1.0,6.4832460383816315,6.022845275154085,51.08478583668369
fixed,0.0,C04,1740.0,1740.0,1.0,6.5547166358267015,6.022845275154081,51.08478583668369
fixed,0.0,C05,1740.0,1740.0,1.0,6.623845982654081,6.0228452751540775,51.0847858366837
fixed,0.0,C06,1740.0,1740.0,1.0,6.690119272723018,6.022845275154075,51.0847858366837
fixed,0.0,C07,1740.0,1740.0,1.0,6.752997820495817,6.022845275154071,51.0847858366837
fixed,0.0,C08,1740.0,1740.0,1.0,6.811934135287234,6.0228452751540695,51.0847858366837
fixed,0.0,C09,1740.0,1740.0,1.0,6.8663933242271,6.022845275154069,51.0847858366837
fixed,0.0,S01,1240.0,1240.0,1.0,1.7801868542356862,1.2876427829642292,68.62928612227627
fixed,0.0,S02,1240.0,1240.0,1.0,1.7807389892963663,1.2876427829642294,68.62928612227627
fixed,0.0,S03,1240.0,1240.0,1.0,1.781271806114026,1.2876427829642294,68.62928612227627
fixed,0.0,S04,1240.0,1240.0,1.0,1.781785594284523,1.28764278296423,68.62928612227627
fixed,0.0,S05,1240.0,1240.0,1.0,1.782280648968229,1.287642782964229,68.62928612227628
fixed,0.0,S06,1240.0,1240.0,1.0,1.7827572707454995,1.2876427829642287,68.62928612227628
fixed,0.0,S07,1240.0,1240.0,1.0,1.7832157654721774,1.2876427829642287,68.62928612227628
fixed,0.0,S08,1240.0,1240.0,1.0,1.7836564441354,1.2876427829642276,68.62928612227628
fixed,0.0,S09,1240.0,1240.0,1.0,1.7840796227099638,1.287642782964227,68.6292861222763
fixed,0.0,C10,1740.0,1740.0,1.0,7.474679259856348,6.022845275154045,51.08478583668372
fixed,0.0,C11,1740.0,1740.0,1.0,7.552138554614863,6.022845275154042,51.08478583668372
fixed,0.0,C12,1740.0,1740.0,1.0,7.62558793679496,6.022845275154037,51.08478583668372
fixed,0.0,C13,1740.0,1740.0,1.0,7.694469762738377,6.022845275154034,51.08478583668373
fixed,0.0,C14,1740.0,1740.0,1.0,7.758256671723386,6.022845275154032,51.08478583668373
fixed,0.0,C15,1740.0,1740.0,1.0,7.816570017088113,6.022845275154028,51.08478583668373
fixed,0.0,C16,1740.0,1740.0,1.0,7.86958150568617,6.022845275154023,51.084785836683736
fixed,0.0,C17,1740.0,1740.0,1.0,7.9197298547587,6.022845275154022,51.084785836683736
fixed,0.0,C18,1740.0,1740.0,1.0,8.0,6.022845275154017,51.084785836683736
fixed,2.0,C01,1740.0,1740.0,1.0,6.335166590900118,5.93091512406662,51.08563205600014
fixed,2.0,C02,1740.0,1740.0,1.0,6.409915367443772,5.93090074837453,51.08563218900754
fixed,2.0,C03,1740.0,1740.0,1.0,6.4832460383816315,5.93088716449476,51.08563231468911
fixed,2.0,C04,1740.0,1740.0,1.0,6.5547166358267015,5.930874358775759,51.08563243317111
fixed,2.0,C05,1740.0,1740.0,1.0,6.623845982654081,5.930862314959212,51.085632544603925
fixed,2.0,C06,1740.0,1740.0,1.0,6.690119272723018,5.930851014248428,51.08563264916145
fixed,2.0,C07,1740.0,1740.0,1.0,6.752997820495817,5.930840435376858,51.08563274704043
fixed,2.0,C08,1740.0,1740.0,1.0,6.811934135287234,5.9308305546736655,51.08563283845983
fixed,2.0,C09,1740.0,1740.0,1.0,6.8663933242271,5.93082134612242,51.08563292366037
fixed,2.0,S01,1240.0,1240.0,1.0,1.7801868542356862,1.2684163622716211,68.63024939400866
fixed,2.0,S02,1240.0,1240.0,1.0,1.7807389892963663,1.2684151078012187,68.63024945696955
fixed,2.0,S03,1240.0,1240.0,1.0,1.781271806114026,1.268413869767419,68.63024951910552
fixed,2.0,S04,1240.0,1240.0,1.0,1.781785594284523,1.2684126479876936,68.6302495804257
fixed,2.0,S05,1240.0,1240.0,1.0,1.782280648968229,1.2684114422703001,68.63024964093978
fixed,2.0,S06,1240.0,1240.0,1.0,1.7827572707454995,1.2684102524143477,68.63024970065777
fixed,2.0,S07,1240.0,1240.0,1.0,1.7832157654721774,1.2684090782098412,68.63024975959024
fixed,2.0,S08,1240.0,1240.0,1.0,1.7836564441354,1.2684079194376872,68.63024981774818
fixed,2.0,S09,1240.0,1240.0,1.0,1.7840796227099638,1.2684067758698183,68.63024987514306
fixed,2.0,C10,1740.0,1740.0,1.0,7.474679259856348,5.93074277483177,51.085633650631316
fixed,2.0,C11,1740.0,1740.0,1.0,7.552138554614863,5.930736121635642,51.08563371218948
fixed,2.0,C12,1740.0,1740.0,1.0,7.62558793679496,5.930729952466953,51.08563376926923
fixed,2.0,C13,1740.0,1740.0,1.0,7.694469762738377,5.930724226852774,51.085633822245086
fixed,2.0,C14,1740.0,1740.0,1.0,7.758256671723386,5.9307189015286434,51.08563387151731
fixed,2.0,C15,1740.0,1740.0,1.0,7.816570017088113,5.930713929997161,51.085633917516105
fixed,2.0,C16,1740.0,1740.0,1.0,7.86958150568617,5.930709261767863,51.085633960708655
fixed,2.0,C17,1740.0,1740.0,1.0,7.9197298547587,5.9307048409374925,51.08563400161217
fixed,2.0,C18,1740.0,1740.0,1.0,8.0,5.930700789217125,51.08563403910053
fixed,4.0,C01,1740.0,1740.0,1.0,6.335166590900118,5.8554762258481015,51.08755800054418
fixed,4.0,C02,1740.0,1740.0,1.0,6.409915367443772,5.855450100919362,51.08755843745626
fixed,4.0,C03,1740.0,1740.0,1.0,6.4832460383816315,5.855425410147412,51.08755885034929
fixed,4.0,C04,1740.0,1740.0,1.0,6.5547166358267015,5.855402128839204,51.0875592396369
fixed,4.0,C05,1740.0,1740.0,1.0,6.623845982654081,5.855380227577683,51.087559605811855
fixed,4.0,C06,1740.0,1740.0,1.0,6.690119272723018,5.855359672345455,51.08755994944391
fixed,4.0,C07,1740.0,1740.0,1.0,6.752997820495817,5.8553404246487855,51.087560271177864
fixed,4.0,C08,1740.0,1740.0,1.0,6.811934135287234,5.855322441636122,51.08756057173144
fixed,4.0,C09,1740.0,1740.0,1.0,6.8663933242271,5.855305676203893,51.08756085189361
fixed,4.0,S01,1240.0,1240.0,1.0,1.7801868542356862,1.252631062352313,68.63272435906916
fixed,4.0,S02,1240.0,1240.0,1.0,1.7807389892963663,1.2526287667541316,68.63272458468414
fixed,4.0,S03,1240.0,1240.0,1.0,1.781271806114026,1.2526265009967381,68.63272480735506
fixed,4.0,S04,1240.0,1240.0,1.0,1.781785594284523,1.2526242647513404,68.63272502711445
fixed,4.0,S05,1240.0,1240.0,1.0,1.782280648968229,1.252622057672396,68.6327252439966
fixed,4.0,S06,1240.0,1240.0,1.0,1.7827572707454995,1.2526198793977115,68.6327254580373
fixed,4.0,S07,1240.0,1240.0,1.0,1.7832157654721774,1.2526177295485228,68.63272566927404
fixed,4.0,S08,1240.0,1240.0,1.0,1.7836564441354,1.2526156077295827,68.63272587774595
fixed,4.0,S09,1240.0,1240.0,1.0,1.7840796227099638,1.2526135135292538,68.6327260834938
fixed,4.0,C10,1740.0,1740.0,1.0,7.474679259856348,5.855162483371934,51.08756324371483
fixed,4.0,C11,1740.0,1740.0,1.0,7.552138554614863,5.855150343657729,51.08756344638529
fixed,4.0,C12,1740.0,1740.0,1.0,7.62558793679496,5.855139081143504,51.08756363436738
fixed,4.0,C13,1740.0,1740.0,1.0,7.694469762738377,5.855128622519115,51.08756380888895
fixed,4.0,C14,1740.0,1740.0,1.0,7.758256671723386,5.855118889412451,51.087563971262504
fixed,4.0,C15,1740.0,1740.0,1.0,7.816570017088113,5.8551097975889626,51.087564122898776
fixed,4.0,C16,1740.0,1740.0,1.0,7.86958150568617,5.85510125557353,51.087564265329696
fixed,4.0,C17,1740.0,1740.0,1.0,7.9197298547587,5.855093162076378,51.08756440025148
fixed,4.0,C18,1740.0,1740.0,1.0,8.0,5.855085663303836,51.087564524666256
fixed,6.0,C01,1740.0,1740.0,1.0,6.335166590900118,5.793570356689201,51.09053914032189
fixed,6.0,C02,1740.0,1740.0,1.0,6.409915367443772,5.793534622119858,51.090540049745535
fixed,6.0,C03,1740.0,1740.0,1.0,6.4832460383816315,5.7935008437329065,51.09054090926073
fixed,6.0,C04,1740.0,1740.0,1.0,6.5547166358267015,5.793468987885474,51.090541719726225
fixed,6.0,C05,1740.0,1740.0,1.0,6.623845982654081,5.793439014488309,51.09054248216522
fixed,6.0,C06,1740.0,1740.0,1.0,6.690119272723018,5.793410877174175,51.09054319776099
fixed,6.0,C07,1740.0,1740.0,1.0,6.752997820495817,5.79338452346674,51.09054386785277
fixed,6.0,C08,1740.0,1740.0,1.0,6.811934135287234,5.793359894941958,51.090544493931446
fixed,6.0,C09,1740.0,1740.0,1.0,6.8663933242271,5.793336927372296,51.09054507763599
fixed,6.0,S01,1240.0,1240.0,1.0,1.7801868542356862,1.2396721400582718,68.63697756006933
fixed,6.0,S02,1240.0,1240.0,1.0,1.7807389892963663,1.2396689819845321,68.63697806674578
fixed,6.0,S03,1240.0,1240.0,1.0,1.781271806114026,1.2396658646923455,68.63697856683497
fixed,6.0,S04,1240.0,1240.0,1.0,1.781785594284523,1.2396627877353192,68.63697906040943
fixed,6.0,S05,1240.0,1240.0,1.0,1.782280648968229,1.2396597506441336,68.63697954754552
fixed,6.0,S06,1240.0,1240.0,1.0,1.7827572707454995,1.2396567529266858,68.63698002832317
fixed,6.0,S07,1240.0,1240.0,1.0,1.7832157654721774,1.2396537940681955,68.63698050282596
fixed,6.0,S08,1240.0,1240.0,1.0,1.7836564441354,1.2396508735313243,68.6369809711412
fixed,6.0,S09,1240.0,1240.0,1.0,1.7840796227099638,1.239647990756295,68.63698143335978
fixed,6.0,C10,1740.0,1740.0,1.0,7.474679259856348,5.793140599014235,51.090550063446976
fixed,6.0,C11,1740.0,1740.0,1.0,7.552138554614863,5.793123937931803,51.090550486179104
fixed,6.0,C12,1740.0,1740.0,1.0,7.62558793679496,5.793108473932752,51.09055087838073
fixed,6.0,C13,1740.0,1740.0,1.0,7.694469762738377,5.793094107017789,51.09055124260329
fixed,6.0,C14,1740.0,1740.0,1.0,7.758256671723386,5.793080730276198,51.09055158157423
fixed,6.0,C15,1740.0,1740.0,1.0,7.816570017088113,5.793068228793113,51.09055189822526
fixed,6.0,C16,1740.0,1740.0,1.0,7.86958150568617,5.793056477768148,51.090552195740045
fixed,6.0,C17,1740.0,1740.0,1.0,7.9197298547587,5.793045339001403,51.09055247764387
fixed,6.0,C18,1740.0,1740.0,1.0,8.0,5.793034976045191,51.09055273856676
fixed,8.0,C01,1740.0,1740.0,1.0,6.335166590900118,5.742769934309723,51.09445238311089
fixed,8.0,C02,1740.0,1740.0,1.0,6.409915367443772,5.742726335368297,51.09445391562597
fixed,8.0,C03,1740.0,1740.0,1.0,6.4832460383816315,5.7426851175106135,51.09445536417067
fixed,8.0,C04,1740.0,1740.0,1.0,6.5547166358267015,5.742646239825681,51.09445673018866
fixed,8.0,C05,1740.0,1740.0,1.0,6.623845982654081,5.742609653552939,51.09445801540038
fixed,8.0,C06,1740.0,1740.0,1.0,6.690119272723018,5.742575302286977,51.094459221795766
fixed,8.0,C07,1740.0,1740.0,1.0,6.752997820495817,5.742543122182883,51.09446035162717
fixed,8.0,C08,1740.0,1740.0,1.0,6.811934135287234,5.742513042152359,51.09446140740227
fixed,8.0,C09,1740.0,1740.0,1.0,6.8663933242271,5.742484984039095,51.09446239187796
fixed,8.0,S01,1240.0,1240.0,1.0,1.7801868542356862,1.2290343175845084,68.64308782096747
fixed,8.0,S02,1240.0,1240.0,1.0,1.7807389892963663,1.2290304461523198,68.64308873362513
fixed,8.0,S03,1240.0,1240.0,1.0,1.781271806114026,1.2290266244387793,68.64308963445707
fixed,8.0,S04,1240.0,1240.0,1.0,1.781785594284523,1.2290228519026467,68.6430905235931
fixed,8.0,S05,1240.0,1240.0,1.0,1.782280648968229,1.2290191279747127,68.6430914011698
fixed,8.0,S06,1240.0,1240.0,1.0,1.7827572707454995,1.2290154520579506,68.64309226733026
fixed,8.0,S07,1240.0,1240.0,1.0,1.7832157654721774,1.2290118235276586,68.64309312222417
fixed,8.0,S08,1240.0,1240.0,1.0,1.7836564441354,1.2290082417316,68.64309396600778
fixed,8.0,S09,1240.0,1240.0,1.0,1.7840796227099638,1.2290047059901439,68.64309479884386
fixed,8.0,C10,1740.0,1740.0,1.0,7.474679259856348,5.742244975456869,51.09447080486388
fixed,8.0,C11,1740.0,1740.0,1.0,7.552138554614863,5.74222459067079,51.094471518573876
fixed,8.0,C12,1740.0,1740.0,1.0,7.62558793679496,5.742205663583045,51.09447218090134
fixed,8.0,C13,1740.0,1740.0,1.0,7.694469762738377,5.742188072468849,51.09447279613911
fixed,8.0,C14,1740.0,1740.0,1.0,7.758256671723386,5.742171687183709,51.094473368876564
fixed,8.0,C15,1740.0,1740.0,1.0,7.816570017088113,5.742156367832426,51.09447390404677
fixed,8.0,C16,1740.0,1740.0,1.0,7.86958150568617,5.742141962477412,51.09447440700707
fixed,8.0,C17,1740.0,1740.0,1.0,7.9197298547587,5.742128302858492,51.09447488368988
fixed,8.0,C18,1740.0,1740.0,1.0,8.0,5.742115564901053,51.09447532601696
fixed,10.0,C01,1740.0,1740.0,1.0,6.335166590900118,5.701082821712188,51.09914688901181
fixed,10.0,C02,1740.0,1740.0,1.0,6.409915367443772,5.701032783548078,51.099149172331295
fixed,10.0,C03,1740.0,1740.0,1.0,6.4832460383816315,5.70098547277443,51.099151330720524
fixed,10.0,C04,1740.0,1740.0,1.0,6.5547166358267015,5.700940842568075,51.09915336632573
fixed,10.0,C05,1740.0,1740.0,1.0,6.623845982654081,5.700898837111794,51.099155281705116
fixed,10.0,C06,1740.0,1740.0,1.0,6.690119272723018,5.700859391828524,51.09915707981802
fixed,10.0,C07,1740.0,1740.0,1.0,6.752997820495817,5.700822433616351,51.09915876401427
fixed,10.0,C08,1740.0,1740.0,1.0,6.811934135287234,5.700787881072922,51.09916033802376
fixed,10.0,C09,1740.0,1740.0,1.0,6.8663933242271,5.700755644696051,51.09916180594732
fixed,10.0,S01,1240.0,1240.0,1.0,1.7801868542356862,1.2203023992815856,68.6510127256384
fixed,10.0,S02,1240.0,1240.0,1.0,1.7807389892963663,1.220297938609417,68.65101416764233
fixed,10.0,S03,1240.0,1240.0,1.0,1.781271806114026,1.2202935349613522,68.65101559101818
fixed,10.0,S04,1240.0,1240.0,1.0,1.781785594284523,1.2202891877194615,68.65101699596983
fixed,10.0,S05,1240.0,1240.0,1.0,1.782280648968229,1.2202848962337074,68.65101838271177
fixed,10.0,S06,1240.0,1240.0,1.0,1.7827572707454995,1.220280659822119,68.65101975146881
fixed,10.0,S07,1240.0,1240.0,1.0,1.7832157654721774,1.220276477770949,68.65102110247618
fixed,10.0,S08,1240.0,1240.0,1.0,1.7836564441354,1.2202723493348406,68.65102243597936
fixed,10.0,S09,1240.0,1240.0,1.0,1.7840796227099638,1.2202682737369817,68.65102375223415
fixed,10.0,C10,1740.0,1740.0,1.0,7.474679259856348,5.700479737198295,51.09917435556945
fixed,10.0,C11,1740.0,1740.0,1.0,7.552138554614863,5.70045628733484,51.09917542074176
fixed,10.0,C12,1740.0,1740.0,1.0,7.62558793679496,5.700434507748137,51.09917640944692
fixed,10.0,C13,1740.0,1740.0,1.0,7.694469762738377,5.700414259005188,51.09917732807199
fixed,10.0,C14,1740.0,1740.0,1.0,7.758256671723386,5.700395392021981,51.099178183445574
fixed,10.0,C15,1740.0,1740.0,1.0,7.816570017088113,5.700377746537968,51.09917898290779
fixed,10.0,C16,1740.0,1740.0,1.0,7.86958150568617,5.70036114848956,51.09917973443036
fixed,10.0,C17,1740.0,1740.0,1.0,7.9197298547587,5.700345405104556,51.09918044684106
fixed,10.0,C18,1740.0,1740.0,1.0,8.0,5.700330701205256,51.099181109130264
fixed,12.0,C01,1740.0,1740.0,1.0,6.335166590900118,5.666874218249015,51.1044743968265
fixed,12.0,C02,1740.0,1740.0,1.0,6.409915367443772,5.666818905640623,51.10447753572589
fixed,12.0,C03,1740.0,1740.0,1.0,6.4832460383816315,5.666766602991489,51.10448050310285
fixed,12.0,C04,1740.0,1740.0,1.0,6.5547166358267015,5.666717258662432,51.104483301902036
fixed,12.0,C05,1740.0,1740.0,1.0,6.623845982654081,5.66667081108577,51.104485935633896
fixed,12.0,C06,1740.0,1740.0,1.0,6.690119272723018,5.6666271890235524,51.10448840835981
fixed,12.0,C07,1740.0,1740.0,1.0,6.752997820495817,5.666586311826689,51.10449072467747
fixed,12.0,C08,1740.0,1740.0,1.0,6.811934135287234,5.666548089682376,51.10449288970651
fixed,12.0,C09,1740.0,1740.0,1.0,6.8663933242271,5.666512423835277,51.104494909076145
fixed,12.0,S01,1240.0,1240.0,1.0,1.7801868542356862,1.2131352881848134,68.66063526042981
fixed,12.0,S02,1240.0,1240.0,1.0,1.7807389892963663,1.2131303413391148,68.66063734846121
fixed,12.0,S03,1240.0,1240.0,1.0,1.781271806114026,1.2131254574928565,68.66063940959303
fixed,12.0,S04,1240.0,1240.0,1.0,1.781785594284523,1.2131206359659563,68.66064144411894
fixed,12.0,S05,1240.0,1240.0,1.0,1.782280648968229,1.2131158760428318,68.66064345234783
fixed,12.0,S06,1240.0,1240.0,1.0,1.7827572707454995,1.2131111769725917,68.66064543460355
fixed,12.0,S07,1240.0,1240.0,1.0,1.7832157654721774,1.2131065379692112,68.66064739122501
fixed,12.0,S08,1240.0,1240.0,1.0,1.7836564441354,1.2131019582117124,68.66064932256587
fixed,12.0,S09,1240.0,1240.0,1.0,1.7840796227099638,1.2130974368443368,68.66065122899482
fixed,12.0,C10,1740.0,1740.0,1.0,7.474679259856348,5.666207019036656,51.10451217961661
fixed,12.0,C11,1740.0,1740.0,1.0,7.552138554614863,5.666181047445464,51.10451364614238
fixed,12.0,C12,1740.0,1740.0,1.0,7.62558793679496,5.666156919700721,51.10451500765726
fixed,12.0,C13,1740.0,1740.0,1.0,7.694469762738377,5.666134481919533,51.10451627293063
fixed,12.0,C14,1740.0,1740.0,1.0,7.758256671723386,5.666113569561894,51.10451745133846
fixed,12.0,C15,1740.0,1740.0,1.0,7.816570017088113,5.66609400574628,51.10451855295929
fixed,12.0,C16,1740.0,1740.0,1.0,7.86958150568617,5.666075598349607,51.104519588739265
fixed,12.0,C17,1740.0,1740.0,1.0,7.9197298547587,5.666058134590833,51.104520570800474
fixed,12.0,C18,1740.0,1740.0,1.0,8.0,5.666041805745126,51.10452148505807
fixed,14.0,C01,1740.0,1740.0,1.0,6.335166590900118,5.6388025652054425,51.11030107553648
fixed,14.0,C02,1740.0,1740.0,1.0,6.409915367443772,5.638742930821706,51.11030515374525
fixed,14.0,C03,1740.0,1740.0,1.0,6.4832460383816315,5.6386865371793755,51.11030900935969
fixed,14.0,C04,1740.0,1740.0,1.0,6.5547166358267015,5.638633328711436,51.11031264619892
fixed,14.0,C05,1740.0,1740.0,1.0,6.623845982654081,5.638583239158757,51.1103160688165
fixed,14.0,C06,1740.0,1740.0,1.0,6.690119272723018,5.638536191847919,51.1103192824812
fixed,14.0,C07,1740.0,1740.0,1.0,6.752997820495817,5.638492099970017,51.11032229315798
fixed,14.0,C08,1740.0,1740.0,1.0,6.811934135287234,5.638450866846854,51.110325107489416
fixed,14.0,C09,1740.0,1740.0,1.0,6.8663933242271,5.638412386168892,51.11032773277958
fixed,14.0,S01,1240.0,1240.0,1.0,1.7801868542356862,1.2072528152573188,68.67179621063629
fixed,14.0,S02,1240.0,1240.0,1.0,1.7807389892963663,1.2072474676522347,68.67179905164015
fixed,14.0,S03,1240.0,1240.0,1.0,1.781271806114026,1.2072421879365542,68.67180185613508
fixed,14.0,S04,1240.0,1240.0,1.0,1.781785594284523,1.207236975379722,68.67180462451861
fixed,14.0,S05,1240.0,1240.0,1.0,1.782280648968229,1.2072318292129016,68.67180735720903
fixed,14.0,S06,1240.0,1240.0,1.0,1.7827572707454995,1.207226748629182,68.6718100546449
fixed,14.0,S07,1240.0,1240.0,1.0,1.7832157654721774,1.2072217327837653,68.67181271728519
fixed,14.0,S08,1240.0,1240.0,1.0,1.7836564441354,1.2072167807941616,68.67181534560903
fixed,14.0,S09,1240.0,1240.0,1.0,1.7840796227099638,1.2072118917403725,68.67181794011579
fixed,14.0,C10,1740.0,1740.0,1.0,7.474679259856348,5.638082748921481,51.11035019293151
fixed,14.0,C11,1740.0,1740.0,1.0,7.552138554614863,5.638054703498778,51.110352100893955
fixed,14.0,C12,1740.0,1740.0,1.0,7.62558793679496,5.638028643761548,51.11035387254797
fixed,14.0,C13,1740.0,1740.0,1.0,7.694469762738377,5.638004404024641,51.11035551927444
fixed,14.0,C14,1740.0,1740.0,1.0,7.758256671723386,5.637981807123124,51.11035705324185
fixed,14.0,C15,1740.0,1740.0,1.0,7.816570017088113,5.6379606625979735,51.11035848753082
fixed,14.0,C16,1740.0,1740.0,1.0,7.86958150568617,5.637940763572416,51.11035983634844
fixed,14.0,C17,1740.0,1740.0,1.0,7.9197298547587,5.637921880917941,51.11036111542853
fixed,14.0,C18,1740.0,1740.0,1.0,8.0,5.637904210632921,51.110362307524056
fixed,16.0,C01,1740.0,1740.0,1.0,6.335166590900118,5.6157669489806175,51.11651104357959
fixed,16.0,C02,1740.0,1740.0,1.0,6.409915367443772,5.615703772471147,51.116516126343726
fixed,16.0,C03,1740.0,1740.0,1.0,6.4832460383816315,5.615644025341048,51.116520931967834
fixed,16.0,C04,1740.0,1740.0,1.0,6.5547166358267015,5.615587648816552,51.11652546520431
fixed,16.0,C05,1740.0,1740.0,1.0,6.623845982654081,5.615534572807328,51.116529731720135
fixed,16.0,C06,1740.0,1740.0,1.0,6.690119272723018,5.615484716200296,51.11653373807298
fixed,16.0,C07,1740.0,1740.0,1.0,6.752997820495817,5.615437987154482,51.1165374916876
fixed,16.0,C08,1740.0,1740.0,1.0,6.811934135287234,5.61539428338254,51.116541000832626
fixed,16.0,C09,1740.0,1740.0,1.0,6.8663933242271,5.615353492402376,51.11654427460058
fixed,16.0,S01,1240.0,1240.0,1.0,1.7801868542356862,1.202424893266194,68.68431632679071
fixed,16.0,S02,1240.0,1240.0,1.0,1.7807389892963663,1.202419215568008,68.68432001637714
fixed,16.0,S03,1240.0,1240.0,1.0,1.781271806114026,1.202413609762762,68.68432365865644
fixed,16.0,S04,1240.0,1240.0,1.0,1.781785594284523,1.202408075078842,68.68432725414257
fixed,16.0,S05,1240.0,1240.0,1.0,1.782280648968229,1.2024026107040735,68.68433080337633
fixed,16.0,S06,1240.0,1240.0,1.0,1.7827572707454995,1.2023972157859397,68.68433430692485
fixed,16.0,S07,1240.0,1240.0,1.0,1.7832157654721774,1.202391889431781,68.68433776538177
fixed,16.0,S08,1240.0,1240.0,1.0,1.7836564441354,1.202386630708997,68.68434117936678
fixed,16.0,S09,1240.0,1240.0,1.0,1.7840796227099638,1.202381438645244,68.68434454952583
fixed,16.0,C10,1740.0,1740.0,1.0,7.474679259856348,5.615003951330085,51.11657229101367
fixed,16.0,C11,1740.0,1740.0,1.0,7.552138554614863,5.614974201029778,51.11657467181862
fixed,16.0,C12,1740.0,1740.0,1.0,7.62558793679496,5.6149465524063835,51.11657688288015
fixed,16.0,C13,1740.0,1740.0,1.0,7.694469762738377,5.6149208301273354,51.11657893836837
fixed,16.0,C14,1740.0,1740.0,1.0,7.758256671723386,5.614896846707207,51.11658085343441
fixed,16.0,C15,1740.0,1740.0,1.0,7.816570017088113,5.614874400587096,51.11658264436555
fixed,16.0,C16,1740.0,1740.0,1.0,7.86958150568617,5.614853272828072,51.1165843288521
fixed,16.0,C17,1740.0,1740.0,1.0,7.9197298547587,5.6148332209355605,51.11658592648594
fixed,16.0,C18,1740.0,1740.0,1.0,8.0,5.614814444398042,51.1165874168116
fixed,18.0,C01,1740.0,1740.0,1.0,6.335166590900118,5.596863938222297,51.12300625210407
fixed,18.0,C02,1740.0,1740.0,1.0,6.409915367443772,5.596797857951696,51.123012388833246
fixed,18.0,C03,1740.0,1740.0,1.0,6.4832460383816315,5.596735361354164,51.12301819126021
fixed,18.0,C04,1740.0,1740.0,1.0,6.5547166358267015,5.596676387035623,51.12302366511473
fixed,18.0,C05,1740.0,1740.0,1.0,6.623845982654081,5.596620861774472,51.12302881723003
fixed,18.0,C06,1740.0,1740.0,1.0,6.690119272723018,5.596568700828475,51.12303365551403
fixed,18.0,C07,1740.0,1740.0,1.0,6.752997820495817,5.596519808242726,51.12303818892078
fixed,18.0,C08,1740.0,1740.0,1.0,6.811934135287234,5.596474077143679,51.12304242742261
fixed,18.0,C09,1740.0,1740.0,1.0,6.8663933242271,5.596431390001949,51.12304638198592
fixed,18.0,S01,1240.0,1240.0,1.0,1.7801868542356862,1.1984625899365835,68.6980111633514
fixed,18.0,S02,1240.0,1240.0,1.0,1.7807389892963663,1.1984566405279047,68.69801578519764
fixed,18.0,S03,1240.0,1240.0,1.0,1.781271806114026,1.198450766291212,68.69802034790419
fixed,18.0,S04,1240.0,1240.0,1.0,1.781785594284523,1.1984449664214414,68.69802485211227
fixed,18.0,S05,1240.0,1240.0,1.0,1.782280648968229,1.1984392400711026,68.69802929849659
fixed,18.0,S06,1240.0,1240.0,1.0,1.7827572707454995,1.1984335863505016,68.69803368776489
fixed,18.0,S07,1240.0,1240.0,1.0,1.7832157654721774,1.1984280043279505,68.69803802065795
fixed,18.0,S08,1240.0,1240.0,1.0,1.7836564441354,1.19842249302998,68.69804229794923
fixed,18.0,S09,1240.0,1240.0,1.0,1.7840796227099638,1.1984170514415415,68.698046520445
fixed,18.0,C10,1740.0,1740.0,1.0,7.474679259856348,5.59606550298897,51.123080233496765
fixed,18.0,C11,1740.0,1740.0,1.0,7.552138554614863,5.596034351551261,51.123083111069214
fixed,18.0,C12,1740.0,1740.0,1.0,7.62558793679496,5.59600539670092,51.12308578385155
fixed,18.0,C13,1740.0,1740.0,1.0,7.694469762738377,5.595978455214139,51.123088268937
fixed,18.0,C14,1740.0,1740.0,1.0,7.758256671723386,5.5959533311632565,51.12309058460263
fixed,18.0,C15,1740.0,1740.0,1.0,7.816570017088113,5.5959298139091525,51.12309275049651
fixed,18.0,C16,1740.0,1740.0,1.0,7.86958150568617,5.595907674644976,51.1230947879597
fixed,18.0,C17,1740.0,1740.0,1.0,7.9197298547587,5.595886659940928,51.123096720627814
fixed,18.0,C18,1740.0,1740.0,1.0,8.0,5.595866971889396,51.12309852482029
fixed,20.0,C01,1740.0,1740.0,1.0,6.335166590900118,5.581352162338013,51.129704905763795
fixed,20.0,C02,1740.0,1740.0,1.0,6.409915367443772,5.581283701197722,51.129712132508615
fixed,20.0,C03,1740.0,1740.0,1.0,6.4832460383816315,5.581218950003681,51.12971896589238
fixed,20.0,C04,1740.0,1740.0,1.0,6.5547166358267015,5.581157845219143,51.129725412654096
fixed,20.0,C05,1740.0,1740.0,1.0,6.623845982654081,5.5811003110615385,51.129731480831374
fixed,20.0,C06,1740.0,1740.0,1.0,6.690119272723018,5.5810462598200505,51.12973717972673
fixed,20.0,C07,1740.0,1740.0,1.0,6.752997820495817,5.580995592174293,51.12974251987386
fixed,20.0,C08,1740.0,1740.0,1.0,6.811934135287234,5.580948197498581,51.129747513004936
fixed,20.0,C09,1740.0,1740.0,1.0,6.8663933242271,5.580903954133852,51.12975217202213
fixed,20.0,S01,1240.0,1240.0,1.0,1.7801868542356862,1.1952107842674187,68.71270069579239
fixed,20.0,S02,1240.0,1240.0,1.0,1.7807389892963663,1.1952046113258084,68.71270632171695
fixed,20.0,S03,1240.0,1240.0,1.0,1.781271806114026,1.1951985162427072,68.71271187578664
fixed,20.0,S04,1240.0,1240.0,1.0,1.781785594284523,1.1951924981857704,68.7127173587791
fixed,20.0,S05,1240.0,1240.0,1.0,1.782280648968229,1.1951865562786923,68.71272277151272
fixed,20.0,S06,1240.0,1240.0,1.0,1.7827572707454995,1.1951806896014383,68.7127281148459
fixed,20.0,S07,1240.0,1240.0,1.0,1.7832157654721774,1.1951748971904639,68.71273338967731
fixed,20.0,S08,1240.0,1240.0,1.0,1.7836564441354,1.1951691780389306,68.71273859694534
fixed,20.0,S09,1240.0,1240.0,1.0,1.7840796227099638,1.1951635310969184,68.71274373762823
fixed,20.0,C10,1740.0,1740.0,1.0,7.474679259856348,5.58052464482797,51.12979206311259
fixed,20.0,C11,1740.0,1740.0,1.0,7.552138554614863,5.580492342174848,51.129795455033424
fixed,20.0,C12,1740.0,1740.0,1.0,7.62558793679496,5.580462313808414,51.12979860594762
fixed,20.0,C13,1740.0,1740.0,1.0,7.694469762738377,5.580434370046523,51.12980153596863
fixed,20.0,C14,1740.0,1740.0,1.0,7.758256671723386,5.580408308051929,51.12980426660333
fixed,20.0,C15,1740.0,1740.0,1.0,7.816570017088113,5.580383909753469,51.12980682097239
fixed,20.0,C16,1740.0,1740.0,1.0,7.86958150568617,5.580360938267176,51.12980922418912
fixed,20.0,C17,1740.0,1740.0,1.0,7.9197298547587,5.580339131212121,51.129811504067625
fixed,20.0,C18,1740.0,1740.0,1.0,8.0,5.580318692642143,51.12981363370714
fixed,22.0,C01,1740.0,1740.0,1.0,6.335166590900118,5.568623242817215,51.13653941731884
fixed,22.0,C02,1740.0,1740.0,1.0,6.409915367443772,5.568552829253305,51.13654775898097
fixed,22.0,C03,1740.0,1740.0,1.0,6.4832460383816315,5.5684862290252735,51.136555646924876
fixed,22.0,C04,1740.0,1740.0,1.0,6.5547166358267015,5.568423376843212,51.13656308892049
fixed,22.0,C05,1740.0,1740.0,1.0,6.623845982654081,5.568364194828816,51.13657009423587
fixed,22.0,C06,1740.0,1740.0,1.0,6.690119272723018,5.56830859284168,51.13657667359835
fixed,22.0,C07,1740.0,1740.0,1.0,6.752997820495817,5.568256468806753,51.13658283915563
fixed,22.0,C08,1740.0,1740.0,1.0,6.811934135287234,5.568207709026986,51.136588604438096
fixed,22.0,C09,1740.0,1740.0,1.0,6.8663933242271,5.5681621884627175,51.13659398432597
fixed,22.0,S01,1240.0,1240.0,1.0,1.7801868542356862,1.1925421277096642,68.72821524681731
fixed,22.0,S02,1240.0,1240.0,1.0,1.7807389892963663,1.1925357709526192,68.72822193728847
fixed,22.0,S03,1240.0,1240.0,1.0,1.781271806114026,1.1925294942557485,68.7282285424509
fixed,22.0,S04,1240.0,1240.0,1.0,1.781785594284523,1.1925232967644304,68.7282350632263
fixed,22.0,S05,1240.0,1240.0,1.0,1.782280648968229,1.1925171775788261,68.72824150058469
fixed,22.0,S06,1240.0,1240.0,1.0,1.7827572707454995,1.1925111357541194,68.72824785554369
fixed,22.0,S07,1240.0,1240.0,1.0,1.7832157654721774,1.1925051703007352,68.72825412916875
fixed,22.0,S08,1240.0,1240.0,1.0,1.7836564441354,1.1924992801845697,68.72826032257244
fixed,22.0,S09,1240.0,1240.0,1.0,1.7840796227099638,1.1924934643272007,68.72826643691465
fixed,22.0,C10,1740.0,1740.0,1.0,7.474679259856348,5.567771858808392,51.136640057224575
fixed,22.0,C11,1740.0,1740.0,1.0,7.552138554614863,5.567738610487297,51.136643975756094
fixed,22.0,C12,1740.0,1740.0,1.0,7.62558793679496,5.56770770008835,51.136647616262216
fixed,22.0,C13,1740.0,1740.0,1.0,7.694469762738377,5.567678932641337,51.13665100194309
fixed,22.0,C14,1740.0,1740.0,1.0,7.758256671723386,5.5676520996512675,51.136654157606586
fixed,22.0,C15,1740.0,1740.0,1.0,7.816570017088113,5.5676269769612095,51.136657109922496
fixed,22.0,C16,1740.0,1740.0,1.0,7.86958150568617,5.567603321072985,51.13665988785973
fixed,22.0,C17,1740.0,1740.0,1.0,7.9197298547587,5.56758086227546,51.13666252350317
fixed,22.0,C18,1740.0,1740.0,1.0,8.0,5.5675598061138905,51.13666498675251
fixed,24.0,C01,1740.0,1740.0,1.0,6.335166590900118,5.558177938020882,51.14345434005786
fixed,24.0,C02,1740.0,1740.0,1.0,6.409915367443772,5.558105923186801,51.14346381231007
fixed,24.0,C03,1740.0,1740.0,1.0,6.4832460383816315,5.558037806374522,51.14347276968221
fixed,24.0,C04,1740.0,1740.0,1.0,6.5547166358267015,5.557973520858964,51.143481220988434
fixed,24.0,C05,1740.0,1740.0,1.0,6.623845982654081,5.557912987045968,51.14348917674324
fixed,24.0,C06,1740.0,1740.0,1.0,6.690119272723018,5.557856112805762,51.14349664911738
fixed,24.0,C07,1740.0,1740.0,1.0,6.752997820495817,5.5578027938075945,51.14350365189381
fixed,24.0,C08,1740.0,1740.0,1.0,6.811934135287234,5.557752913839214,51.143510200424814
fixed,24.0,C09,1740.0,1740.0,1.0,6.8663933242271,5.557706345092395,51.14351631159479
fixed,24.0,S01,1240.0,1240.0,1.0,1.7801868542356862,1.1903520800808494,68.74439883394948
fixed,24.0,S02,1240.0,1240.0,1.0,1.7807389892963663,1.1903455722248708,68.74440663885785
fixed,24.0,S03,1240.0,1240.0,1.0,1.781271806114026,1.190339146233785,68.74441434439802
fixed,24.0,S04,1240.0,1240.0,1.0,1.781785594284523,1.190332801234766,68.74442195164193
fixed,24.0,S05,1240.0,1240.0,1.0,1.782280648968229,1.190326536308741,68.74442946171781
fixed,24.0,S06,1240.0,1240.0,1.0,1.7827572707454995,1.1903203504906321,68.74443687580943
fixed,24.0,S07,1240.0,1240.0,1.0,1.7832157654721774,1.190314242769585,68.74444419515616
fixed,24.0,S08,1240.0,1240.0,1.0,1.7836564441354,1.1903082120891952,68.74445142105242
fixed,24.0,S09,1240.0,1240.0,1.0,1.7840796227099638,1.1903022573477322,68.74445855484764
fixed,24.0,C10,1740.0,1740.0,1.0,7.474679259856348,5.557306968050204,51.143568656855344
fixed,24.0,C11,1740.0,1740.0,1.0,7.552138554614863,5.557272943048746,51.14357310984006
fixed,24.0,C12,1740.0,1740.0,1.0,7.62558793679496,5.557241308104448,51.14357724728182
fixed,24.0,C13,1740.0,1740.0,1.0,7.694469762738377,5.55721186391557,51.14358109550868
fixed,24.0,C14,1740.0,1740.0,1.0,7.758256671723386,5.557184397352669,51.14358468267366
fixed,24.0,C15,1740.0,1740.0,1.0,7.816570017088113,5.557158679273606,51.14358803904323
fixed,24.0,C16,1740.0,1740.0,1.0,7.86958150568617,5.557134460761947,51.14359119749358
fixed,24.0,C17,1740.0,1740.0,1.0,7.9197298547587,5.557111466101608,51.14359419443775
fixed,24.0,C18,1740.0,1740.0,1.0,8.0,5.557089901982075,51.14359699660798
fixed,26.0,C01,1740.0,1740.0,1.0,6.335166590900118,5.54960656648951,51.15040446277187
fixed,26.0,C02,1740.0,1740.0,1.0,6.409915367443772,5.5495332382528435,51.15041507369949
fixed,26.0,C03,1740.0,1740.0,1.0,6.4832460383816315,5.549463877426088,51.1504251081851
fixed,26.0,C04,1740.0,1740.0,1.0,6.5547166358267015,5.549398416108792,51.15043457609349
fixed,26.0,C05,1740.0,1740.0,1.0,6.623845982654081,5.549336773301421,51.150443489193414
fixed,26.0,C06,1740.0,1740.0,1.0,6.690119272723018,5.549278855244671,51.15045186110823
fixed,26.0,C07,1740.0,1740.0,1.0,6.752997820495817,5.549224555759977,51.15045970726646
fixed,26.0,C08,1740.0,1740.0,1.0,6.811934135287234,5.549173756574619,51.15046704485404
fixed,26.0,C09,1740.0,1740.0,1.0,6.8663933242271,5.549126327612228,51.15047389277244
fixed,26.0,S01,1240.0,1240.0,1.0,1.7801868542356862,1.1885548301445512,68.76111074480418
fixed,26.0,S02,1240.0,1240.0,1.0,1.7807389892963663,1.1885481981211161,68.76111970437834
fixed,26.0,S03,1240.0,1240.0,1.0,1.781271806114026,1.1885416494421908,68.76112855003994
fixed,26.0,S04,1240.0,1240.0,1.0,1.781785594284523,1.1885351832200624,68.76113728301613
fixed,26.0,S05,1240.0,1240.0,1.0,1.782280648968229,1.188528798519926,68.76114590459856
fixed,26.0,S06,1240.0,1240.0,1.0,1.7827572707454995,1.1885224943601305,68.76115441614259
fixed,26.0,S07,1240.0,1240.0,1.0,1.7832157654721774,1.188516269712408,68.76116281906734
fixed,26.0,S08,1240.0,1240.0,1.0,1.7836564441354,1.1885101235021103,68.76117111485506
fixed,26.0,S09,1240.0,1240.0,1.0,1.7840796227099638,1.188504054608431,68.76117930505106
fixed,26.0,C10,1740.0,1740.0,1.0,7.474679259856348,5.548719523511452,51.1505325583623
fixed,26.0,C11,1740.0,1740.0,1.0,7.552138554614863,5.548684860715754,51.15053754999671
fixed,26.0,C12,1740.0,1740.0,1.0,7.62558793679496,5.548652630702258,51.15054218832065
fixed,26.0,C13,1740.0,1740.0,1.0,7.694469762738377,5.548622630620101,51.15054650281062
fixed,26.0,C14,1740.0,1740.0,1.0,7.758256671723386,5.5485946435424065,51.15055052498679
fixed,26.0,C15,1740.0,1740.0,1.0,7.816570017088113,5.548568436242094,51.15055428873603
fixed,26.0,C16,1740.0,1740.0,1.0,7.86958150568617,5.54854375536286,51.150557830867605
fixed,26.0,C17,1740.0,1740.0,1.0,7.9197298547587,5.54852032026784,51.15056119215144
fixed,26.0,C18,1740.0,1740.0,1.0,8.0,5.548498338531843,51.150564336192794
fixed,28.0,C01,1740.0,1740.0,1.0,6.335166590900118,5.5425729414998095,51.15735313109015
fixed,28.0,C02,1740.0,1740.0,1.0,6.409915367443772,5.542498535890144,51.157364882579316
fixed,28.0,C03,1740.0,1740.0,1.0,6.4832460383816315,5.54242815455921,51.15737599599408
fixed,28.0,C04,1740.0,1740.0,1.0,6.5547166358267015,5.54236172864363,51.15738648225077
fixed,28.0,C05,1740.0,1740.0,1.0,6.623845982654081,5.542299175992409,51.157396354373525
fixed,28.0,C06,1740.0,1740.0,1.0,6.690119272723018,5.542240401511032,51.15740562743968
fixed,28.0,C07,1740.0,1740.0,1.0,6.752997820495817,5.5421852975068076,51.15741431852499
fixed,28.0,C08,1740.0,1740.0,1.0,6.811934135287234,5.5421337440185425,51.157422446650926
fixed,28.0,C09,1740.0,1740.0,1.0,6.8663933242271,5.542085609111181,51.157430032738155
fixed,28.0,S01,1240.0,1240.0,1.0,1.7801868542356862,1.187079944025812,68.7782259219724
fixed,28.0,S02,1240.0,1240.0,1.0,1.7807389892963663,1.1870732099919912,68.77823606775341
fixed,28.0,S03,1240.0,1240.0,1.0,1.781271806114026,1.1870665605159485,68.77824608470063
fixed,28.0,S04,1240.0,1240.0,1.0,1.781785594284523,1.18705999469779,68.77825597420018
fixed,28.0,S05,1240.0,1240.0,1.0,1.782280648968229,1.1870535115898357,68.77826573771117
fixed,28.0,S06,1240.0,1240.0,1.0,1.7827572707454995,1.1870471101968687,68.77827537676475
fixed,28.0,S07,1240.0,1240.0,1.0,1.7832157654721774,1.1870407894763686,68.77828489296422
fixed,28.0,S08,1240.0,1240.0,1.0,1.7836564441354,1.1870345483387506,68.77829428798435
fixed,28.0,S09,1240.0,1240.0,1.0,1.7840796227099638,1.187028385647591,68.77830356357117
fixed,28.0,C10,1740.0,1740.0,1.0,7.474679259856348,5.541672708492771,51.15749503175648
fixed,28.0,C11,1740.0,1740.0,1.0,7.552138554614863,5.541637522018835,51.15750056324928
fixed,28.0,C12,1740.0,1740.0,1.0,7.62558793679496,5.541604803348787,51.157505703617055
fixed,28.0,C13,1740.0,1740.0,1.0,7.694469762738377,5.541574346722948,51.15751048548837
fixed,28.0,C14,1740.0,1740.0,1.0,7.758256671723386,5.54154593210205,51.157514943754535
fixed,28.0,C15,1740.0,1740.0,1.0,7.816570017088113,5.541519322910922,51.1575191159271
fixed,28.0,C16,1740.0,1740.0,1.0,7.86958150568617,5.541494262154172,51.15752304275317
fixed,28.0,C17,1740.0,1740.0,1.0,7.9197298547587,5.541470465161618,51.15752676936476
fixed,28.0,C18,1740.0,1740.0,1.0,8.0,5.541448140198414,51.15753025628679
fixed,30.0,C01,1740.0,1740.0,1.0,6.335166590900118,5.536801187186602,51.16427080381402
fixed,30.0,C02,1740.0,1740.0,1.0,6.409915367443772,5.536725897758702,51.16428369271714
fixed,30.0,C03,1740.0,1740.0,1.0,6.4832460383816315,5.536654679228072,51.16429588211007
fixed,30.0,C04,1740.0,1740.0,1.0,6.5547166358267015,5.536587461942231,51.16430738395705
fixed,30.0,C05,1740.0,1740.0,1.0,6.623845982654081,5.5365241628065025,51.164318212533345
fixed,30.0,C06,1740.0,1740.0,1.0,6.690119272723018,5.536464685632046,51.16432838436538
fixed,30.0,C07,1740.0,1740.0,1.0,6.752997820495817,5.5364089214851395,51.164337918170716
fixed,30.0,C08,1740.0,1740.0,1.0,6.811934135287234,5.536356749020635,51.1643468348003
fixed,30.0,C09,1740.0,1740.0,1.0,6.8663933242271,5.536308034779946,51.16435515718741
fixed,30.0,S01,1240.0,1240.0,1.0,1.7801868542356862,1.1858696121755277,68.79563457468825
fixed,30.0,S02,1240.0,1240.0,1.0,1.7807389892963663,1.1858627943520332,68.79564593050613
fixed,30.0,S03,1240.0,1240.0,1.0,1.781271806114026,1.1858560620813114,68.79565714228742
fixed,30.0,S04,1240.0,1240.0,1.0,1.781785594284523,1.1858494144534972,68.79566821158006
fixed,30.0,S05,1240.0,1240.0,1.0,1.782280648968229,1.185842850510366,68.79567914001355
fixed,30.0,S06,1240.0,1240.0,1.0,1.7827572707454995,1.185836369245594,68.79568992929798
fixed,30.0,S07,1240.0,1240.0,1.0,1.7832157654721774,1.1858299696049899,68.79570058122408
fixed,30.0,S08,1240.0,1240.0,1.0,1.7836564441354,1.185823650486735,68.79571109766256
fixed,30.0,S09,1240.0,1240.0,1.0,1.7840796227099638,1.1858174107416128,68.7957214805638
fixed,30.0,C10,1740.0,1740.0,1.0,7.474679259856348,5.535890130096737,51.16442647436673
fixed,30.0,C11,1740.0,1740.0,1.0,7.552138554614863,5.535854513687199,51.1644325444941
fixed,30.0,C12,1740.0,1740.0,1.0,7.62558793679496,5.535821393794341,51.16443818579923
fixed,30.0,C13,1740.0,1740.0,1.0,7.694469762738377,5.535790562273934,51.1644434340528
fixed,30.0,C14,1740.0,1740.0,1.0,7.758256671723386,5.535761796535238,51.164448327506534
fixed,30.0,C15,1740.0,1740.0,1.0,7.816570017088113,5.535734857258347,51.164452907285295
fixed,30.0,C16,1740.0,1740.0,1.0,7.86958150568617,5.535709484464532,51.16445721806161
fixed,30.0,C17,1740.0,1740.0,1.0,7.9197298547587,5.535685390177006,51.16446130931596
fixed,30.0,C18,1740.0,1740.0,1.0,8.0,5.5356627832030885,51.16446513854383
fixed,32.0,C01,1740.0,1740.0,1.0,6.335166590900118,5.532064919454013,51.17113382904342
fixed,32.0,C02,1740.0,1740.0,1.0,6.409915367443772,5.531988904950482,51.17114784815222
fixed,32.0,C03,1740.0,1740.0,1.0,6.4832460383816315,5.531916999566955,51.17116110672662
fixed,32.0,C04,1740.0,1740.0,1.0,6.5547166358267015,5.531849133004132,51.171173617771494
fixed,32.0,C05,1740.0,1740.0,1.0,6.623845982654081,5.531785221393768,51.17118539680462
fixed,32.0,C06,1740.0,1740.0,1.0,6.690119272723018,5.5317251676499275,51.171196461791645
fixed,32.0,C07,1740.0,1740.0,1.0,6.752997820495817,5.531668861821496,51.17120683308071
fixed,32.0,C08,1740.0,1740.0,1.0,6.811934135287234,5.531616181428728,51.17121653333985
fixed,32.0,C09,1740.0,1740.0,1.0,6.8663933242271,5.53156699176398,51.17122558750136
fixed,32.0,S01,1240.0,1240.0,1.0,1.7801868542356862,1.1848763883820943,68.81324131353813
fixed,32.0,S02,1240.0,1240.0,1.0,1.7807389892963663,1.184869501746935,68.81325389645265
fixed,32.0,S03,1240.0,1240.0,1.0,1.781271806114026,1.1848627014806254,68.81326631992961
fixed,32.0,S04,1240.0,1240.0,1.0,1.781785594284523,1.1848559866651318,68.81327858568068
fixed,32.0,S05,1240.0,1240.0,1.0,1.782280648968229,1.184849356333596,68.81329069550773
fixed,32.0,S06,1240.0,1240.0,1.0,1.7827572707454995,1.1848428094705945,68.81330265130202
fixed,32.0,S07,1240.0,1240.0,1.0,1.7832157654721774,1.184836345012374,68.813314455044
fixed,32.0,S08,1240.0,1240.0,1.0,1.7836564441354,1.1848299618470937,68.81332610880261
fixed,32.0,S09,1240.0,1240.0,1.0,1.7840796227099638,1.1848236588150562,68.81333761473518
fixed,32.0,C10,1740.0,1740.0,1.0,7.474679259856348,5.531144979896848,51.17130318465117
fixed,32.0,C11,1740.0,1740.0,1.0,7.552138554614863,5.531109010543964,51.17130979022218
fixed,32.0,C12,1740.0,1740.0,1.0,7.62558793679496,5.531075561251894,51.17131592952351
fixed,32.0,C13,1740.0,1740.0,1.0,7.694469762738377,5.531044421921294,51.17132164144692
fixed,32.0,C14,1740.0,1740.0,1.0,7.758256671723386,5.531015367869419,51.17132696758216
fixed,32.0,C15,1740.0,1740.0,1.0,7.816570017088113,5.53098815752586,51.171331952643264
fixed,32.0,C16,1740.0,1740.0,1.0,7.86958150568617,5.530962528465709,51.1713366452021
fixed,32.0,C17,1740.0,1740.0,1.0,7.9197298547587,5.530938190000915,51.171341099058694
fixed,32.0,C18,1740.0,1740.0,1.0,8.0,5.530915351367296,51.171345268733035
fixed,34.0,C01,1740.0,1740.0,1.0,6.335166590900118,5.528178367560861,51.17792341593824
fixed,34.0,C02,1740.0,1740.0,1.0,6.409915367443772,5.528101758186185,51.17793855479279
fixed,34.0,C03,1740.0,1740.0,1.0,6.4832460383816315,5.528029289275163,51.17795287267206
fixed,34.0,C04,1740.0,1740.0,1.0,6.5547166358267015,5.527960889998206,51.1779663836114
fixed,34.0,C05,1740.0,1740.0,1.0,6.623845982654081,5.527896475852827,51.17797910435903
fixed,34.0,C06,1740.0,1740.0,1.0,6.690119272723018,5.527835949017549,51.17799105430587
fixed,34.0,C07,1740.0,1740.0,1.0,6.752997820495817,5.52777919870706,51.17800225541493
fixed,34.0,C08,1740.0,1740.0,1.0,6.811934135287234,5.52772610151129,51.178012732153825
fixed,34.0,C09,1740.0,1740.0,1.0,6.8663933242271,5.527676521698407,51.178022511434655
fixed,34.0,S01,1240.0,1240.0,1.0,1.7801868542356862,1.1840613331549303,68.83096401592948
fixed,34.0,S02,1240.0,1240.0,1.0,1.7807389892963663,1.184054390016671,68.83097783711231
fixed,34.0,S03,1240.0,1240.0,1.0,1.781271806114026,1.1840475339166525,68.83099148333064
fixed,34.0,S04,1240.0,1240.0,1.0,1.781785594284523,1.1840407639301485,68.83100495646094
fixed,34.0,S05,1240.0,1240.0,1.0,1.782280648968229,1.1840340790832269,68.83101825847888
fixed,34.0,S06,1240.0,1240.0,1.0,1.7827572707454995,1.1840274783530074,68.83103139145807
fixed,34.0,S07,1240.0,1240.0,1.0,1.7832157654721774,1.1840209606679009,68.83104435757008
fixed,34.0,S08,1240.0,1240.0,1.0,1.7836564441354,1.1840145249078535,68.8310571590837
fixed,34.0,S09,1240.0,1240.0,1.0,1.7840796227099638,1.1840081699045797,68.83106979836457
fixed,34.0,C10,1740.0,1740.0,1.0,7.474679259856348,5.527251138907726,51.17810633197776
fixed,34.0,C11,1740.0,1740.0,1.0,7.552138554614863,5.527214879836638,51.17811346822257
fixed,34.0,C12,1740.0,1740.0,1.0,7.62558793679496,5.527181160134801,51.178120101105876
fixed,34.0,C13,1740.0,1740.0,1.0,7.694469762738377,5.527149768099611,51.17812627261074
fixed,34.0,C14,1740.0,1740.0,1.0,7.758256671723386,5.527120477332789,51.17813202763305
fixed,34.0,C15,1740.0,1740.0,1.0,7.816570017088113,5.527093044418396,51.178137414441835
fixed,34.0,C16,1740.0,1740.0,1.0,7.86958150568617,5.52706720492552,51.178142485471156
fixed,34.0,C17,1740.0,1740.0,1.0,7.9197298547587,5.527042665942682,51.17814729879953
fixed,34.0,C18,1740.0,1740.0,1.0,8.0,5.527019637046278,51.178151806027394
fixed,36.0,C01,1740.0,1740.0,1.0,6.335166590900118,5.524989088315272,51.18462477597695
fixed,36.0,C02,1740.0,1740.0,1.0,6.409915367443772,5.524911990874905,51.184641021535974
fixed,36.0,C03,1740.0,1740.0,1.0,6.4832460383816315,5.524839059603972,51.1846563863982
fixed,36.0,C04,1740.0,1740.0,1.0,6.5547166358267015,5.524770223238054,51.18467088561704
fixed,36.0,C05,1740.0,1740.0,1.0,6.623845982654081,5.524705396754585,51.184684537156336
fixed,36.0,C06,1740.0,1740.0,1.0,6.690119272723018,5.524644481728913,51.18469736181516
fixed,36.0,C07,1740.0,1740.0,1.0,6.752997820495817,5.5245873666916365,51.18470938315204
fixed,36.0,C08,1740.0,1740.0,1.0,6.811934135287234,5.524533927469757,51.18472062741264
fixed,36.0,C09,1740.0,1740.0,1.0,6.8663933242271,5.524484027491518,51.18473112346521
fixed,36.0,S01,1240.0,1240.0,1.0,1.7801868542356862,1.1833924893409076,68.84873256546075
fixed,36.0,S02,1240.0,1240.0,1.0,1.7807389892963663,1.1833854998118325,68.84874763100603
fixed,36.0,S03,1240.0,1240.0,1.0,1.781271806114026,1.1833785978701092,68.84876250599585
fixed,36.0,S04,1240.0,1240.0,1.0,1.781785594284523,1.1833717825855277,68.84877719247214
fixed,36.0,S05,1240.0,1240.0,1.0,1.782280648968229,1.1833650529783568,68.84879169258478
fixed,36.0,S06,1240.0,1240.0,1.0,1.7827572707454995,1.1833584080196053,68.84880600859047
fixed,36.0,S07,1240.0,1240.0,1.0,1.7832157654721774,1.1833518466312618,68.84882014285255
fixed,36.0,S08,1240.0,1240.0,1.0,1.7836564441354,1.1833453676865398,68.84883409784025
fixed,36.0,S09,1240.0,1240.0,1.0,1.7840796227099638,1.1833389700101113,68.84884787612839
fixed,36.0,C10,1740.0,1740.0,1.0,7.474679259856348,5.524055878141323,51.18482109620337
fixed,36.0,C11,1740.0,1740.0,1.0,7.552138554614863,5.5240193812651475,51.1848287570958
fixed,36.0,C12,1740.0,1740.0,1.0,7.62558793679496,5.523985439594693,51.184835877974386
fixed,36.0,C13,1740.0,1740.0,1.0,7.694469762738377,5.523953840112465,51.184842503876716
fixed,36.0,C14,1740.0,1740.0,1.0,7.758256671723386,5.523924355013212,51.18484868296556
fixed,36.0,C15,1740.0,1740.0,1.0,7.816570017088113,5.5238967393673875,51.18485446702272
fixed,36.0,C16,1740.0,1740.0,1.0,7.86958150568617,5.523870727098845,51.18485991229857
fixed,36.0,C17,1740.0,1740.0,1.0,7.9197298547587,5.523846023472531,51.18486508109937
fixed,36.0,C18,1740.0,1740.0,1.0,8.0,5.52382283833688,51.18486992216337
fixed,38.0,C01,1740.0,1740.0,1.0,6.335166590900118,5.522371987227175,51.191226408733534
fixed,38.0,C02,1740.0,1740.0,1.0,6.409915367443772,5.522294489338382,51.1912437459281
fixed,38.0,C03,1740.0,1740.0,1.0,6.4832460383816315,5.522221178703161,51.19126014353038
fixed,38.0,C04,1740.0,1740.0,1.0,6.5547166358267015,5.522151983700496,51.19127561759755
fixed,38.0,C05,1740.0,1740.0,1.0,6.623845982654081,5.522086818881297,51.19129018729216
fixed,38.0,C06,1740.0,1740.0,1.0,6.690119272723018,5.522025585326225,51.19130387480183
fixed,38.0,C07,1740.0,1740.0,1.0,6.752997820495817,5.521968171004823,51.19131670525842
fixed,38.0,C08,1740.0,1740.0,1.0,6.811934135287234,5.521914451118364,51.191328706660954
fixed,38.0,C09,1740.0,1740.0,1.0,6.8663933242271,5.521864288406209,51.191339909806715
fixed,38.0,S01,1240.0,1240.0,1.0,1.7801868542356862,1.1828436306464587,68.86648756150825
fixed,38.0,S02,1240.0,1240.0,1.0,1.7807389892963663,1.1828366030327104,68.86650387316574
fixed,38.0,S03,1240.0,1240.0,1.0,1.781271806114026,1.1828296634567852,68.86651997866572
fixed,38.0,S04,1240.0,1240.0,1.0,1.781785594284523,1.1828228109839762,68.86653588021557
fixed,38.0,S05,1240.0,1240.0,1.0,1.782280648968229,1.1828160446298008,68.86655158013942
fixed,38.0,S06,1240.0,1240.0,1.0,1.7827572707454995,1.1828093633602568,68.86656708087699
fixed,38.0,S07,1240.0,1240.0,1.0,1.7832157654721774,1.1828027660920672,68.86658238498347
fixed,38.0,S08,1240.0,1240.0,1.0,1.7836564441354,1.1827962516929267,68.86659749512859
fixed,38.0,S09,1240.0,1240.0,1.0,1.7840796227099638,1.1827898189817339,68.86661241409628
fixed,38.0,C10,1740.0,1740.0,1.0,7.474679259856348,5.521433868564616,51.191435952036535
fixed,38.0,C11,1740.0,1740.0,1.0,7.552138554614863,5.5213971765038465,51.19144413056106
fixed,38.0,C12,1740.0,1740.0,1.0,7.62558793679496,5.521363052638769,51.191451732924655
fixed,38.0,C13,1740.0,1740.0,1.0,7.694469762738377,5.5213312828734,51.191458807177234
fixed,38.0,C14,1740.0,1740.0,1.0,7.758256671723386,5.521301638248452,51.1914654047033
fixed,38.0,C15,1740.0,1740.0,1.0,7.816570017088113,5.521273872592883,51.1914715807489
fixed,38.0,C16,1740.0,1740.0,1.0,7.86958150568617,5.521247718481071,51.19147739532809
fixed,38.0,C17,1740.0,1740.0,1.0,7.9197298547587,5.521222879682193,51.19148291491649
fixed,38.0,C18,1740.0,1740.0,1.0,8.0,5.52119956626291,51.191488085448285
fixed,40.0,C01,1740.0,1740.0,1.0,6.335166590900118,5.520224412193866,51.19771950963106
fixed,40.0,C02,1740.0,1740.0,1.0,6.409915367443772,5.520146585736883,51.19773792182081
fixed,40.0,C03,1740.0,1740.0,1.0,6.4832460383816315,5.520072963828333,51.19775533643122
fixed,40.0,C04,1740.0,1740.0,1.0,6.5547166358267015,5.52000347455473,51.197771770507636
fixed,40.0,C05,1740.0,1740.0,1.0,6.623845982654081,5.519938032117141,51.197787244392636
fixed,40.0,C06,1740.0,1740.0,1.0,6.690119272723018,5.519876537190482,51.1978017816409
fixed,40.0,C07,1740.0,1740.0,1.0,6.752997820495817,5.5198188772841,51.19781540893325
fixed,40.0,C08,1740.0,1740.0,1.0,6.811934135287234,5.5197649270860225,51.197828155994934
fixed,40.0,C09,1740.0,1740.0,1.0,6.8663933242271,5.519714548770552,51.19784005552244
fixed,40.0,S01,1240.0,1240.0,1.0,1.7801868542356862,1.1823932342919337,68.88417906165581
fixed,40.0,S02,1240.0,1240.0,1.0,1.7807389892963663,1.1823861754149199,68.8841966174859
fixed,40.0,S03,1240.0,1240.0,1.0,1.781271806114026,1.1823792049452972,68.88421395159013
fixed,40.0,S04,1240.0,1240.0,1.0,1.781785594284523,1.182372321944674,68.88423106634082
fixed,40.0,S05,1240.0,1240.0,1.0,1.782280648968229,1.1823655254246692,68.88424796423588
fixed,40.0,S06,1240.0,1240.0,1.0,1.7827572707454995,1.1823588143471737,68.88426464789762
fixed,40.0,S07,1240.0,1240.0,1.0,1.7832157654721774,1.182352187624593,68.88428112007247
fixed,40.0,S08,1240.0,1240.0,1.0,1.7836564441354,1.1823456441200948,68.88429738363016
fixed,40.0,S09,1240.0,1240.0,1.0,1.7840796227099638,1.1823391826478449,68.88431344156318
fixed,40.0,C10,1740.0,1740.0,1.0,7.474679259856348,5.51928226559627,51.19794207560612
fixed,40.0,C11,1740.0,1740.0,1.0,7.552138554614863,5.51924541333914,51.197950763978334
fixed,40.0,C12,1740.0,1740.0,1.0,7.62558793679496,5.519211139933585,51.197958840598666
fixed,40.0,C13,1740.0,1740.0,1.0,7.694469762738377,5.51917923039896,51.19796635648289
fixed,40.0,C14,1740.0,1740.0,1.0,7.758256671723386,5.519149454829343,51.19797336618761
fixed,40.0,C15,1740.0,1740.0,1.0,7.816570017088113,5.5191215660353,51.19797992836976
fixed,40.0,C16,1740.0,1740.0,1.0,7.86958150568617,5.519095295484234,51.1979861067491
fixed,40.0,C17,1740.0,1740.0,1.0,7.9197298547587,5.519070345718348,51.19799197190643
fixed,40.0,C18,1740.0,1740.0,1.0,8.0,5.519046926979995,51.19799746703023
fixed,42.0,C01,1740.0,1740.0,1.0,6.335166590900118,5.518462127334962,51.204097479951535
fixed,42.0,C02,1740.0,1740.0,1.0,6.409915367443772,5.51838403128217,51.20411694929974
fixed,42.0,C03,1740.0,1740.0,1.0,6.4832460383816315,5.51831015396538,51.2041353640525
fixed,42.0,C04,1740.0,1740.0,1.0,6.5547166358267015,5.518240423231203,51.20415274222667
fixed,42.0,C05,1740.0,1740.0,1.0,6.623845982654081,5.518174752993745,51.20416910532502
fixed,42.0,C06,1740.0,1740.0,1.0,6.690119272723018,5.518113043595095,51.2041844782463
fixed,42.0,C07,1740.0,1740.0,1.0,6.752997820495817,5.518055182167104,51.20419888919426
fixed,42.0,C08,1740.0,1740.0,1.0,6.811934135287234,5.5180010429767785,51.20421236959141
fixed,42.0,C09,1740.0,1740.0,1.0,6.8663933242271,5.5179504877349075,51.20422495400158
fixed,42.0,S01,1240.0,1240.0,1.0,1.7801868542356862,1.182023637714539,68.90176539560565
fixed,42.0,S02,1240.0,1240.0,1.0,1.7807389892963663,1.182016553175531,68.90178419055856
fixed,42.0,S03,1240.0,1240.0,1.0,1.781271806114026,1.1820095573471219,68.90180274828853
fixed,42.0,S04,1240.0,1240.0,1.0,1.781785594284523,1.1820026492878977,68.90182107133201
fixed,42.0,S05,1240.0,1240.0,1.0,1.782280648968229,1.1819958280062817,68.90183916235982
fixed,42.0,S06,1240.0,1240.0,1.0,1.7827572707454995,1.1819890924607963,68.90185702417588
fixed,42.0,S07,1240.0,1240.0,1.0,1.7832157654721774,1.181982441560306,68.90187465971694
fixed,42.0,S08,1240.0,1240.0,1.0,1.7836564441354,1.1819758741642672,68.90189207205167
fixed,42.0,S09,1240.0,1240.0,1.0,1.7840796227099638,1.1819693890829626,68.9019092643802
fixed,42.0,C10,1740.0,1740.0,1.0,7.474679259856348,5.517516675399409,51.204332853482384
fixed,42.0,C11,1740.0,1740.0,1.0,7.552138554614863,5.5174796916665585,51.204342043330485
fixed,42.0,C12,1740.0,1740.0,1.0,7.62558793679496,5.517445295527007,51.20435058643049
fixed,42.0,C13,1740.0,1740.0,1.0,7.694469762738377,5.51741327127439,51.20435853671442
fixed,42.0,C14,1740.0,1740.0,1.0,7.758256671723386,5.517383388226216,51.204365951857895
fixed,42.0,C15,1740.0,1740.0,1.0,7.816570017088113,5.51735539835762,51.20437289387165
fixed,42.0,C16,1740.0,1740.0,1.0,7.86958150568617,5.517329032227902,51.20437943011921
fixed,42.0,C17,1740.0,1740.0,1.0,7.9197298547587,5.517303991372707,51.2043856352179
fixed,42.0,C18,1740.0,1740.0,1.0,8.0,5.517280486176292,51.20439144966888
fixed,44.0,C01,1740.0,1740.0,1.0,6.335166590900118,5.517016009096893,51.21035552216513
fixed,44.0,C02,1740.0,1740.0,1.0,6.409915367443772,5.516937691832502,51.210376029946104
fixed,44.0,C03,1740.0,1740.0,1.0,6.4832460383816315,5.516863604943313,51.21039542713279
fixed,44.0,C04,1740.0,1740.0,1.0,6.5547166358267015,5.516793676079149,51.21041373269611
fixed,44.0,C05,1740.0,1740.0,1.0,6.623845982654081,5.51672781891871,51.21043096927825
fixed,44.0,C06,1740.0,1740.0,1.0,6.690119272723018,5.516665933531056,51.2104471630979
fixed,44.0,C07,1740.0,1740.0,1.0,6.752997820495817,5.516607906738358,51.21046234385457
fixed,44.0,C08,1740.0,1740.0,1.0,6.811934135287234,5.516553612462238,51.21047654463764
fixed,44.0,C09,1740.0,1740.0,1.0,6.8663933242271,5.516502912033231,51.21048980184494
fixed,44.0,S01,1240.0,1240.0,1.0,1.7801868542356862,1.1817203463862764,68.91921207235762
fixed,44.0,S02,1240.0,1240.0,1.0,1.7807389892963663,1.1817132407841124,68.91923209878115
fixed,44.0,S03,1240.0,1240.0,1.0,1.781271806114026,1.1817062241413192,68.91925187258732
fixed,44.0,S04,1240.0,1240.0,1.0,1.781785594284523,1.1816992955140042,68.9192713964756
fixed,44.0,S05,1240.0,1240.0,1.0,1.782280648968229,1.1816924539079692,68.9192906732884
fixed,44.0,S06,1240.0,1240.0,1.0,1.7827572707454995,1.1816856982789734,68.91930970601007
fixed,44.0,S07,1240.0,1240.0,1.0,1.7832157654721774,1.181679027532979,68.9193284977663
fixed,44.0,S08,1240.0,1240.0,1.0,1.7836564441354,1.1816724405263963,68.91934705182332
fixed,44.0,S09,1240.0,1240.0,1.0,1.7840796227099638,1.1816659360663249,68.91936537158742
fixed,44.0,C10,1740.0,1740.0,1.0,7.474679259856348,5.516067844795686,51.21060347718359
fixed,44.0,C11,1740.0,1740.0,1.0,7.552138554614863,5.516030753161513,51.21061315969741
fixed,44.0,C12,1740.0,1740.0,1.0,7.62558793679496,5.515996256292405,51.21062216109028
fixed,44.0,C13,1740.0,1740.0,1.0,7.694469762738377,5.515964137886628,51.21063053815843
fixed,44.0,C14,1740.0,1740.0,1.0,7.758256671723386,5.515934166624603,51.210638351640895
fixed,44.0,C15,1740.0,1740.0,1.0,7.816570017088113,5.51590609379609,51.21064566684246
fixed,44.0,C16,1740.0,1740.0,1.0,7.86958150568617,5.515879649215385,51.21065255470543
fixed,44.0,C17,1740.0,1740.0,1.0,7.9197298547587,5.515854533592356,51.21065909381176
fixed,44.0,C18,1740.0,1740.0,1.0,8.0,5.515830957426177,51.21066522203334
fixed,46.0,C01,1740.0,1740.0,1.0,6.335166590900118,5.51582933506389,51.21649030620296
fixed,46.0,C02,1740.0,1740.0,1.0,6.409915367443772,5.515750836286172,51.216511833053644
fixed,46.0,C03,1740.0,1740.0,1.0,6.4832460383816315,5.515676577432674,51.21653219436145
fixed,46.0,C04,1740.0,1740.0,1.0,6.5547166358267015,5.515606485991772,51.21655141003336
fixed,46.0,C05,1740.0,1740.0,1.0,6.623845982654081,5.515540475449054,51.21656950382954
fixed,46.0,C06,1740.0,1740.0,1.0,6.690119272723018,5.515478445649583,51.216586503263784
fixed,46.0,C07,1740.0,1740.0,1.0,6.752997820495817,5.5154202831614745,51.216602439503234
fixed,46.0,C08,1740.0,1740.0,1.0,6.811934135287234,5.515365861622998,51.21661734727284
fixed,46.0,C09,1740.0,1740.0,1.0,6.8663933242271,5.515315042052735,51.216631264769944
fixed,46.0,S01,1240.0,1240.0,1.0,1.7801868542356862,1.1814714656938892,68.93649079081828
fixed,46.0,S02,1240.0,1240.0,1.0,1.7807389892963663,1.1814643428040121,68.93651203889969
fixed,46.0,S03,1240.0,1240.0,1.0,1.781271806114026,1.1814573090776197,68.93653301909801
fixed,46.0,S04,1240.0,1240.0,1.0,1.781785594284523,1.1814503635687867,68.93655373427423
fixed,46.0,S05,1240.0,1240.0,1.0,1.782280648968229,1.1814435052811652,68.93657418744093
fixed,46.0,S06,1240.0,1240.0,1.0,1.7827572707454995,1.1814367331682485,68.93659438176125
fixed,46.0,S07,1240.0,1240.0,1.0,1.7832157654721774,1.1814300461336162,68.93661432054817
fixed,46.0,S08,1240.0,1240.0,1.0,1.7836564441354,1.181423443031182,68.93663400726383
fixed,46.0,S09,1240.0,1240.0,1.0,1.7840796227099638,1.1814169226654332,68.93665344551884
fixed,46.0,C10,1740.0,1740.0,1.0,7.474679259856348,5.514878944995525,51.216750608766276
fixed,46.0,C11,1740.0,1740.0,1.0,7.552138554614863,5.514841764809353,51.21676077481931
fixed,46.0,C12,1740.0,1740.0,1.0,7.62558793679496,5.5148071852722484,51.21677022602232
fixed,46.0,C13,1740.0,1740.0,1.0,7.694469762738377,5.514774989594022,51.216779021982035
fixed,46.0,C14,1740.0,1740.0,1.0,7.758256671723386,5.514744945932415,51.21678722644348
fixed,46.0,C15,1740.0,1740.0,1.0,7.816570017088113,5.514716805014886,51.21679490794374
fixed,46.0,C16,1740.0,1740.0,1.0,7.86958150568617,5.514690296044507,51.21680214093687
fixed,46.0,C17,1740.0,1740.0,1.0,7.9197298547587,5.514665119053657,51.21680900789517
fixed,46.0,C18,1740.0,1740.0,1.0,8.0,5.514641484634774,51.21681544411884
fixed,48.0,C01,1740.0,1740.0,1.0,6.335166590900118,5.514855559151487,51.22249969456833
fixed,48.0,C02,1740.0,1740.0,1.0,6.409915367443772,5.514776911432885,51.22252222069357
fixed,48.0,C03,1740.0,1740.0,1.0,6.4832460383816315,5.514702511472985,51.22254352739971
fixed,48.0,C04,1740.0,1740.0,1.0,6.5547166358267015,5.51463228662772,51.22256363551145
fixed,48.0,C05,1740.0,1740.0,1.0,6.623845982654081,5.514566150224237,51.222582569885056
fixed,48.0,C06,1740.0,1740.0,1.0,6.690119272723018,5.514504001923835,51.22260035930409
fixed,48.0,C07,1740.0,1740.0,1.0,6.752997820495817,5.514445728086192,51.222617036374594
fixed,48.0,C08,1740.0,1740.0,1.0,6.811934135287234,5.514391202117108,51.22263263742514
fixed,48.0,C09,1740.0,1740.0,1.0,6.8663933242271,5.514340284779219,51.222647202417456
fixed,48.0,S01,1240.0,1240.0,1.0,1.7801868542356862,1.1812672346624624,68.9535785561728
fixed,48.0,S02,1240.0,1240.0,1.0,1.7807389892963663,1.181260097584097,68.95360101432107
fixed,48.0,S03,1240.0,1240.0,1.0,1.781271806114026,1.1812530498366929,68.95362318947045
fixed,48.0,S04,1240.0,1240.0,1.0,1.781785594284523,1.181246090472658,68.95364508464188
fixed,48.0,S05,1240.0,1240.0,1.0,1.782280648968229,1.1812392184938811,68.95366670301631
fixed,48.0,S06,1240.0,1240.0,1.0,1.7827572707454995,1.1812324328519959,68.9536880479339
fixed,48.0,S07,1240.0,1240.0,1.0,1.7832157654721774,1.1812257324486284,68.95370912289304
fixed,48.0,S08,1240.0,1240.0,1.0,1.7836564441354,1.1812191161356438,68.95372993154973
fixed,48.0,S09,1240.0,1240.0,1.0,1.7840796227099638,1.1812125827153868,68.9537504777169
fixed,48.0,C10,1740.0,1740.0,1.0,7.474679259856348,5.5139033426217186,51.2227721053713
fixed,48.0,C11,1740.0,1740.0,1.0,7.552138554614863,5.513866089764393,51.22278274562045
fixed,48.0,C12,1740.0,1740.0,1.0,7.62558793679496,5.513831442383762,51.222792637947975
fixed,48.0,C13,1740.0,1740.0,1.0,7.694469762738377,5.513799183288885,51.22280184471631
fixed,48.0,C14,1740.0,1740.0,1.0,7.758256671723386,5.513769080208671,51.22281043261781
fixed,48.0,C15,1740.0,1740.0,1.0,7.816570017088113,5.5137408834092305,51.22281847335883
fixed,48.0,C16,1740.0,1740.0,1.0,7.86958150568617,5.513714321592157,51.22282604483669
fixed,48.0,C17,1740.0,1740.0,1.0,7.9197298547587,5.513689094233969,51.22283323333817
fixed,48.0,C18,1740.0,1740.0,1.0,8.0,5.513665412002954,51.22283997164877
fixed,50.0,C01,1740.0,1740.0,1.0,6.335166590900118,5.514056485930067,51.2283825161501
fixed,50.0,C02,1740.0,1740.0,1.0,6.409915367443772,5.51397771599681,51.22840602148961
fixed,50.0,C03,1740.0,1740.0,1.0,6.4832460383816315,5.513903200250253,51.22842825461951
fixed,50.0,C04,1740.0,1740.0,1.0,6.5547166358267015,5.5138328659376645,51.22844923726368
fixed,50.0,C05,1740.0,1740.0,1.0,6.623845982654081,5.513766626256203,51.228468995352294
fixed,50.0,C06,1740.0,1740.0,1.0,6.690119272723018,5.5137043807163915,51.22848755891304
fixed,50.0,C07,1740.0,1740.0,1.0,6.752997820495817,5.513646015506904,51.22850496196183
fixed,50.0,C08,1740.0,1740.0,1.0,6.811934135287234,5.513591403842803,51.2285212423985
fixed,50.0,C09,1740.0,1740.0,1.0,6.8663933242271,5.513540406276728,51.22853644191354
fixed,50.0,S01,1240.0,1240.0,1.0,1.7801868542356862,1.181099643277668,68.97045689926318
fixed,50.0,S02,1240.0,1240.0,1.0,1.7807389892963663,1.1810924945547732,68.97048055443763
fixed,50.0,S03,1240.0,1240.0,1.0,1.781271806114026,1.1810854353002584,68.97050391166472
fixed,50.0,S04,1240.0,1240.0,1.0,1.781785594284523,1.181078464565163,68.97052697412339
fixed,50.0,S05,1240.0,1240.0,1.0,1.782280648968229,1.1810715813499297,68.9705497451612
fixed,50.0,S06,1240.0,1240.0,1.0,1.7827572707454995,1.1810647846046676,68.9705722282932
fixed,50.0,S07,1240.0,1240.0,1.0,1.7832157654721774,1.1810580732293994,68.97059442720114
fixed,50.0,S08,1240.0,1240.0,1.0,1.7836564441354,1.18105144607431,68.9706163457327
fixed,50.0,S09,1240.0,1240.0,1.0,1.7840796227099638,1.1810449019399858,68.97063798790079
fixed,50.0,C10,1740.0,1740.0,1.0,7.474679259856348,5.513102770610698,51.22866679257002
fixed,50.0,C11,1740.0,1740.0,1.0,7.552138554614863,5.5130654581159,51.22867789753675
fixed,50.0,C12,1740.0,1740.0,1.0,7.62558793679496,5.5130307550588125,51.22868822217606
fixed,50.0,C13,1740.0,1740.0,1.0,7.694469762738377,5.512998443919687,51.22869783155055
fixed,50.0,C14,1740.0,1740.0,1.0,7.758256671723386,5.512968292075586,51.228706795240576
fixed,50.0,C15,1740.0,1740.0,1.0,7.816570017088113,5.512940049414094,51.228715188057926
fixed,50.0,C16,1740.0,1740.0,1.0,7.86958150568617,5.512913444225348,51.22872309127379
fixed,50.0,C17,1740.0,1740.0,1.0,7.9197298547587,5.5128881755298,51.2287305949127
fixed,50.0,C18,1740.0,1740.0,1.0,8.0,5.512864454057499,51.22873762930158
fixed,52.0,C01,1740.0,1740.0,1.0,6.335166590900118,5.513400772477047,51.23413838028511
fixed,52.0,C02,1740.0,1740.0,1.0,6.409915367443772,5.513321902258812,51.23416284464896
fixed,52.0,C03,1740.0,1740.0,1.0,6.4832460383816315,5.513247291501424,51.23418598510459
fixed,52.0,C04,1740.0,1740.0,1.0,6.5547166358267015,5.513176867362997,51.234207824256416
fixed,52.0,C05,1740.0,1740.0,1.0,6.623845982654081,5.513110542934033,51.234228389086226
fixed,52.0,C06,1740.0,1740.0,1.0,6.690119272723018,5.513048217601356,51.234247710840066
fixed,52.0,C07,1740.0,1740.0,1.0,6.752997820495817,5.512989777413324,51.23426582491453
fixed,52.0,C08,1740.0,1740.0,1.0,6.811934135287234,5.5129350954285075,51.23428277074813
fixed,52.0,C09,1740.0,1740.0,1.0,6.8663933242271,5.512884032027246,51.234298591724375
fixed,52.0,S01,1240.0,1240.0,1.0,1.7801868542356862,1.1809621184263286,68.98711119307744
fixed,52.0,S02,1240.0,1240.0,1.0,1.7807389892963663,1.180954960146968,68.98713603106904
fixed,52.0,S03,1240.0,1240.0,1.0,1.781271806114026,1.1809478914487448,68.98716055634597
fixed,52.0,S04,1240.0,1240.0,1.0,1.781785594284523,1.1809409113815754,68.98718477224328
fixed,52.0,S05,1240.0,1240.0,1.0,1.782280648968229,1.1809340189447155,68.98720868227294
fixed,52.0,S06,1240.0,1240.0,1.0,1.7827572707454995,1.1809272130870239,68.98723229012286
fixed,52.0,S07,1240.0,1240.0,1.0,1.7832157654721774,1.1809204927072077,68.98725559965585
fixed,52.0,S08,1240.0,1240.0,1.0,1.7836564441354,1.180913856654073,68.98727861490886
fixed,52.0,S09,1240.0,1240.0,1.0,1.7840796227099638,1.1809073037267648,68.98730134009237
fixed,52.0,C10,1740.0,1740.0,1.0,7.474679259856348,5.512445827256134,51.23443427804115
fixed,52.0,C11,1740.0,1740.0,1.0,7.552138554614863,5.512408465820532,51.23444583817742
fixed,52.0,C12,1740.0,1740.0,1.0,7.62558793679496,5.512373717072685,51.23445658625021
fixed,52.0,C13,1740.0,1740.0,1.0,7.694469762738377,5.512341363223061,51.234466589966395
fixed,52.0,C14,1740.0,1740.0,1.0,7.758256671723386,5.512311171360029,51.234475921734656
fixed,52.0,C15,1740.0,1740.0,1.0,7.816570017088113,5.512282891060593,51.234484659408
fixed,52.0,C16,1740.0,1740.0,1.0,7.86958150568617,5.512256250277295,51.23449288756176
fixed,52.0,C17,1740.0,1740.0,1.0,7.9197298547587,5.512230947656372,51.23450069988092
fixed,52.0,C18,1740.0,1740.0,1.0,8.0,5.512207193978248,51.234508024289234
fixed,54.0,C01,1740.0,1740.0,1.0,6.335166590900118,5.512862699000397,51.239767524042314
fixed,54.0,C02,1740.0,1740.0,1.0,6.409915367443772,5.512783746491392,51.23979292722038
fixed,54.0,C03,1740.0,1740.0,1.0,6.4832460383816315,5.512709057770742,51.239816955883995
fixed,54.0,C04,1740.0,1740.0,1.0,6.5547166358267015,5.51263855992341,51.23983963349938
fixed,54.0,C05,1740.0,1740.0,1.0,6.623845982654081,5.512572165952389,51.239860988077716
fixed,54.0,C06,1740.0,1740.0,1.0,6.690119272723018,5.512509775143004,51.23988105205758
fixed,54.0,C07,1740.0,1740.0,1.0,6.752997820495817,5.512451273428485,51.23989986218703
fixed,54.0,C08,1740.0,1740.0,1.0,6.811934135287234,5.5123965337389995,51.23991745941075
fixed,54.0,C09,1740.0,1740.0,1.0,6.8663933242271,5.512345416313522,51.23993388876943
fixed,54.0,S01,1240.0,1240.0,1.0,1.7801868542356862,1.18084926615671,69.0035300586883
fixed,54.0,S02,1240.0,1240.0,1.0,1.7807389892963663,1.1808421000346783,69.00355606435929
fixed,54.0,S03,1240.0,1240.0,1.0,1.781271806114026,1.1808350235863054,69.00358174274047
fixed,54.0,S04,1240.0,1240.0,1.0,1.781785594284523,1.1808280358605878,69.00360709732088
fixed,54.0,S05,1240.0,1240.0,1.0,1.782280648968229,1.1808211358558072,69.0036321317748
fixed,54.0,S06,1240.0,1240.0,1.0,1.7827572707454995,1.1808143225197958,69.00365684996068
fixed,54.0,S07,1240.0,1240.0,1.0,1.7832157654721774,1.1808075947501824,69.00368125592
fixed,54.0,S08,1240.0,1240.0,1.0,1.7836564441354,1.1808009513946418,69.00370535387651
fixed,54.0,S09,1240.0,1240.0,1.0,1.7840796227099638,1.1807943912511356,69.00372914823562
fixed,54.0,C10,1740.0,1740.0,1.0,7.474679259856348,5.511906744527496,51.24007479853715
fixed,54.0,C11,1740.0,1740.0,1.0,7.552138554614863,5.511869342929596,51.24008680427879
fixed,54.0,C12,1740.0,1740.0,1.0,7.62558793679496,5.511834556686186,51.24009796689091
fixed,54.0,C13,1740.0,1740.0,1.0,7.694469762738377,5.511802167786373,51.240108356668856
fixed,54.0,C14,1740.0,1740.0,1.0,7.758256671723386,5.511771943081647,51.24011804878986
fixed,54.0,C15,1740.0,1740.0,1.0,7.816570017088113,5.511743631894183,51.240127124083926
fixed,54.0,C16,1740.0,1740.0,1.0,7.86958150568617,5.511716961899511,51.24013567036078
fixed,54.0,C17,1740.0,1740.0,1.0,7.9197298547587,5.511691631436823,51.240143784888545
fixed,54.0,C18,1740.0,1740.0,1.0,8.0,5.511667851327669,51.24015139324224
fixed,56.0,C01,1740.0,1740.0,1.0,6.335166590900118,5.512421160016432,51.24527068690043
fixed,56.0,C02,1740.0,1740.0,1.0,6.409915367443772,5.512342139981812,51.24529700875052
fixed,56.0,C03,1740.0,1740.0,1.0,6.4832460383816315,5.5122673872863865,51.24532190656806
fixed,56.0,C04,1740.0,1740.0,1.0,6.5547166358267015,5.512196828955093,51.245345404662494
fixed,56.0,C05,1740.0,1740.0,1.0,6.623845982654081,5.51213037791913,51.24536753205221
fixed,56.0,C06,1740.0,1740.0,1.0,6.690119272723018,5.512067933380536,51.245388322342635
fixed,56.0,C07,1740.0,1740.0,1.0,6.752997820495817,5.51200938117808,51.24540781360421
fixed,56.0,C08,1740.0,1740.0,1.0,6.811934135287234,5.511954594136572,51.24542604825534
fixed,56.0,C09,1740.0,1740.0,1.0,6.8663933242271,5.511903432378985,51.24544307295825
fixed,56.0,S01,1240.0,1240.0,1.0,1.7801868542356862,1.1807566601625001,69.01970485216061
fixed,56.0,S02,1240.0,1240.0,1.0,1.7807389892963663,1.1807494876043545,69.0197320096477
fixed,56.0,S03,1240.0,1240.0,1.0,1.781271806114026,1.1807424047957868,69.01975882547053
fixed,56.0,S04,1240.0,1240.0,1.0,1.781785594284523,1.1807354107850383,69.01978530327004
fixed,56.0,S05,1240.0,1240.0,1.0,1.782280648968229,1.1807285045695919,69.01981144688048
fixed,56.0,S06,1240.0,1240.0,1.0,1.7827572707454995,1.1807216850964375,69.01983726032849
fixed,56.0,S07,1240.0,1240.0,1.0,1.7832157654721774,1.1807149512623192,69.0198627478317
fixed,56.0,S08,1240.0,1240.0,1.0,1.7836564441354,1.1807083019139828,69.01988791379812
fixed,56.0,S09,1240.0,1240.0,1.0,1.7840796227099638,1.18070173584842,69.01991276282531
fixed,56.0,C10,1740.0,1740.0,1.0,7.474679259856348,5.511464377356272,51.24558909430022
fixed,56.0,C11,1740.0,1740.0,1.0,7.552138554614863,5.511426942800254,51.24560153610983
fixed,56.0,C12,1740.0,1740.0,1.0,7.62558793679496,5.511392125786875,51.24561310439144
fixed,56.0,C13,1740.0,1740.0,1.0,7.694469762738377,5.511359708123607,51.2456238719732
fixed,56.0,C14,1740.0,1740.0,1.0,7.758256671723386,5.5113294564675845,51.24563391674139
fixed,56.0,C15,1740.0,1740.0,1.0,7.816570017088113,5.511301119931875,51.245643322439
fixed,56.0,C16,1740.0,1740.0,1.0,7.86958150568617,5.511274425964715,51.24565218004066
fixed,56.0,C17,1740.0,1740.0,1.0,7.9197298547587,5.511249072653362,51.245660590320654
fixed,56.0,C18,1740.0,1740.0,1.0,8.0,5.511225270852963,51.24566847655872
fixed,58.0,C01,1740.0,1740.0,1.0,6.335166590900118,5.512058836514486,51.250649007994035
fixed,58.0,C02,1740.0,1740.0,1.0,6.409915367443772,5.511979761069916,51.250676228512376
fixed,58.0,C03,1740.0,1740.0,1.0,6.4832460383816315,5.511904955878142,51.250701976560286
fixed,58.0,C04,1740.0,1740.0,1.0,6.5547166358267015,5.511834347914854,51.250726277272
fixed,58.0,C05,1740.0,1740.0,1.0,6.623845982654081,5.511767850052333,51.2507491606511
fixed,58.0,C06,1740.0,1740.0,1.0,6.690119272723018,5.511705361424287,51.25077066144435
fixed,58.0,C07,1740.0,1740.0,1.0,6.752997820495817,5.5116467677919685,51.2507908190157
fixed,58.0,C08,1740.0,1740.0,1.0,6.811934135287234,5.511591941893744,51.25080967722511
fixed,58.0,C09,1740.0,1740.0,1.0,6.8663933242271,5.511540743757403,51.25082728432092
fixed,58.0,S01,1240.0,1240.0,1.0,1.7801868542356862,1.1806806682030646,69.0356292237641
fixed,58.0,S02,1240.0,1240.0,1.0,1.7807389892963663,1.180673490363172,69.03565751665022
fixed,58.0,S03,1240.0,1240.0,1.0,1.781271806114026,1.1806664023351532,69.03568545370483
fixed,58.0,S04,1240.0,1240.0,1.0,1.781785594284523,1.1806594031666302,69.0357130387185
fixed,58.0,S05,1240.0,1240.0,1.0,1.782280648968229,1.1806524918544306,69.03574027568318
fixed,58.0,S06,1240.0,1240.0,1.0,1.7827572707454995,1.1806456673448533,69.03576716879117
fixed,58.0,S07,1240.0,1240.0,1.0,1.7832157654721774,1.1806389285339154,69.03579372243375
fixed,58.0,S08,1240.0,1240.0,1.0,1.7836564441354,1.1806322742676028,69.03581994120047
fixed,58.0,S09,1240.0,1240.0,1.0,1.7840796227099638,1.180625703342109,69.0358458298783
fixed,58.0,C10,1740.0,1740.0,1.0,7.474679259856348,5.511101374248339,51.250978306093316
fixed,58.0,C11,1740.0,1740.0,1.0,7.552138554614863,5.511063912646298,51.250991174494736
fixed,58.0,C12,1740.0,1740.0,1.0,7.62558793679496,5.511029070382379,51.25100313963238
fixed,58.0,C13,1740.0,1740.0,1.0,7.694469762738377,5.51099662911501,51.25101427681204
fixed,58.0,C14,1740.0,1740.0,1.0,7.758256671723386,5.510966355341841,51.251024666569904
fixed,58.0,C15,1740.0,1740.0,1.0,7.816570017088113,5.5109379980043665,51.25103439549845
fixed,58.0,C16,1740.0,1740.0,1.0,7.86958150568617,5.510911284364321,51.251043557668204
fixed,58.0,C17,1740.0,1740.0,1.0,7.9197298547587,5.5108859123022285,51.25105225728315
fixed,58.0,C18,1740.0,1740.0,1.0,8.0,5.51086209270072,51.251060415380266
fixed,60.0,C01,1740.0,1740.0,1.0,6.335166590900118,5.511761516639214,51.25590394194007
fixed,60.0,C02,1740.0,1740.0,1.0,6.409915367443772,5.5116823957263765,51.255932041317394
fixed,60.0,C03,1740.0,1740.0,1.0,6.4832460383816315,5.511607547457084,51.255958620855786
fixed,60.0,C04,1740.0,1740.0,1.0,6.5547166358267015,5.511536898766618,51.255983706496
fixed,60.0,C05,1740.0,1740.0,1.0,6.623845982654081,5.511470362478921,51.256007329205005
fixed,60.0,C06,1740.0,1740.0,1.0,6.690119272723018,5.511407837671624,51.25602952484572
fixed,60.0,C07,1740.0,1740.0,1.0,6.752997820495817,5.511349210042384,51.25605033404696
fixed,60.0,C08,1740.0,1740.0,1.0,6.811934135287234,5.511294352258629,51.25606980207842
fixed,60.0,C09,1740.0,1740.0,1.0,6.8663933242271,5.511243124270053,51.25608797873954
fixed,60.0,S01,1240.0,1240.0,1.0,1.7801868542356862,1.180618309657628,69.05129874106039
fixed,60.0,S02,1240.0,1240.0,1.0,1.7807389892963663,1.1806111274833575,69.05132815251933
fixed,60.0,S03,1240.0,1240.0,1.0,1.781271806114026,1.1806040351720797,69.05135719419137
fixed,60.0,S04,1240.0,1240.0,1.0,1.781785594284523,1.1805970317709067,69.0513858700145
fixed,60.0,S05,1240.0,1240.0,1.0,1.782280648968229,1.1805901162761294,69.05141418413598
fixed,60.0,S06,1240.0,1240.0,1.0,1.7827572707454995,1.1805832876334794,69.05144214091123
fixed,60.0,S07,1240.0,1240.0,1.0,1.7832157654721774,1.180576544738378,69.05146974490262
fixed,60.0,S08,1240.0,1240.0,1.0,1.7836564441354,1.1805698864361858,69.05149700087846
fixed,60.0,S09,1240.0,1240.0,1.0,1.7840796227099638,1.1805633115224436,69.05152391381228
fixed,60.0,C10,1740.0,1740.0,1.0,7.474679259856348,5.510803496692359,51.25624389084999
fixed,60.0,C11,1740.0,1740.0,1.0,7.552138554614863,5.510766012896002,51.25625717645564
fixed,60.0,C12,1740.0,1740.0,1.0,7.62558793679496,5.510731149911048,51.25626952971793
fixed,60.0,C13,1740.0,1740.0,1.0,7.694469762738377,5.51069868927364,51.2562810283655
fixed,60.0,C14,1740.0,1740.0,1.0,7.758256671723386,5.510668397350558,51.25629175552599
fixed,60.0,C15,1740.0,1740.0,1.0,7.816570017088113,5.510640022942514,51.25630180057853
fixed,60.0,C16,1740.0,1740.0,1.0,7.86958150568617,5.510613293158207,51.256311260621175
fixed,60.0,C17,1740.0,1740.0,1.0,7.9197298547587,5.510587905708529,51.25632024321194
fixed,60.0,C18,1740.0,1740.0,1.0,8.0,5.510564071498596,51.25632866719652
fixed,62.0,C01,1740.0,1740.0,1.0,6.335166590900118,5.5115175382461175,51.26103718995216
fixed,62.0,C02,1740.0,1740.0,1.0,6.409915367443772,5.511438380022847,51.26106614861795
fixed,62.0,C03,1740.0,1740.0,1.0,6.4832460383816315,5.511363496404867,51.2610935411325
fixed,62.0,C04,1740.0,1740.0,1.0,6.5547166358267015,5.511292814294302,51.26111939422506
fixed,62.0,C05,1740.0,1740.0,1.0,6.623845982654081,5.511226246475425,51.261143739804446
fixed,62.0,C06,1740.0,1740.0,1.0,6.690119272723018,5.511163691979862,51.26116661482484
fixed,62.0,C07,1740.0,1740.0,1.0,6.752997820495817,5.51110503645308,51.26118806115168
fixed,62.0,C08,1740.0,1740.0,1.0,6.811934135287234,5.511050152504301,51.26120812543291
fixed,62.0,C09,1740.0,1740.0,1.0,6.8663933242271,5.510998900019134,51.261226858984486
fixed,62.0,S01,1240.0,1240.0,1.0,1.7801868542356862,1.1805671386301948,69.06671056792027
fixed,62.0,S02,1240.0,1240.0,1.0,1.7807389892963663,1.1805599528990218,69.06674108083783
fixed,62.0,S03,1240.0,1240.0,1.0,1.781271806114026,1.1805528570727875,69.06677121022828
fixed,62.0,S04,1240.0,1240.0,1.0,1.781785594284523,1.1805458501981871,69.06680096017472
fixed,62.0,S05,1240.0,1240.0,1.0,1.782280648968229,1.18053893127107,69.0668303349773
fixed,62.0,S06,1240.0,1240.0,1.0,1.7827572707454995,1.1805320992367019,69.06685933915209
fixed,62.0,S07,1240.0,1240.0,1.0,1.7832157654721774,1.1805253529900164,69.06688797742974
fixed,62.0,S08,1240.0,1240.0,1.0,1.7836564441354,1.1805186913758612,69.0669162547547
fixed,62.0,S09,1240.0,1240.0,1.0,1.7840796227099638,1.1805121131892404,69.06694417628407
fixed,62.0,C10,1740.0,1740.0,1.0,7.474679259856348,5.51055906066993,51.26138755264366
fixed,62.0,C11,1740.0,1740.0,1.0,7.552138554614863,5.510521558660704,51.26140124617629
fixed,62.0,C12,1740.0,1740.0,1.0,7.62558793679496,5.5104866786718025,51.26141397893402
fixed,62.0,C13,1740.0,1740.0,1.0,7.694469762738377,5.510454202139019,51.261425831014364
fixed,62.0,C14,1740.0,1740.0,1.0,7.758256671723386,5.510423895321755,51.26143688807869
fixed,62.0,C15,1740.0,1740.0,1.0,7.816570017088113,5.510395506905195,51.261447242230574
fixed,62.0,C16,1740.0,1740.0,1.0,7.86958150568617,5.5103687638724645,51.26145699352819
fixed,62.0,C17,1740.0,1740.0,1.0,7.9197298547587,5.510343363795266,51.2614662528088
fixed,62.0,C18,1740.0,1740.0,1.0,8.0,5.510319517597116,51.2614749367773
fixed,64.0,C01,1740.0,1740.0,1.0,6.335166590900118,5.511317331465824,51.26605064352694
fixed,64.0,C02,1740.0,1740.0,1.0,6.409915367443772,5.511238142626221,51.26608044218393
fixed,64.0,C03,1740.0,1740.0,1.0,6.4832460383816315,5.511163230001645,51.26610862941858
fixed,64.0,C04,1740.0,1740.0,1.0,6.5547166358267015,5.511092520467011,51.2661352327309
fixed,64.0,C05,1740.0,1740.0,1.0,6.623845982654081,5.511025926774047,51.2661602849503
fixed,64.0,C06,1740.0,1740.0,1.0,6.690119272723018,5.510963347916619,51.26618382409766
fixed,64.0,C07,1740.0,1740.0,1.0,6.752997820495817,5.510904669497378,51.26620589324724
fixed,64.0,C08,1740.0,1740.0,1.0,6.811934135287234,5.510849764077779,51.2662265403942
fixed,64.0,C09,1740.0,1740.0,1.0,6.8663933242271,5.5107984914908466,51.26624581833692
fixed,64.0,S01,1240.0,1240.0,1.0,1.7801868542356862,1.1805251480228973,69.08186319215658
fixed,64.0,S02,1240.0,1240.0,1.0,1.7807389892963663,1.1805179593728594,69.08189478923195
fixed,64.0,S03,1240.0,1240.0,1.0,1.781271806114026,1.18051086066218,69.08192598925721
fixed,64.0,S04,1240.0,1240.0,1.0,1.781785594284523,1.1805038509372119,69.08195679645827
fixed,64.0,S05,1240.0,1240.0,1.0,1.782280648968229,1.1804969291934426,69.08198721528571
fixed,64.0,S06,1240.0,1240.0,1.0,1.7827572707454995,1.1804900943757568,69.08201725041371
fixed,64.0,S07,1240.0,1240.0,1.0,1.7832157654721774,1.1804833453786856,69.08204690673858
fixed,64.0,S08,1240.0,1240.0,1.0,1.7836564441354,1.1804766810466567,69.082076189378
fixed,64.0,S09,1240.0,1240.0,1.0,1.7840796227099638,1.1804701001742346,69.0821051036698
fixed,64.0,C10,1740.0,1740.0,1.0,7.474679259856348,5.510358478361971,51.26641118625515
fixed,64.0,C11,1740.0,1740.0,1.0,7.552138554614863,5.5103209614071496,51.2664252785647
fixed,64.0,C12,1740.0,1740.0,1.0,7.62558793679496,5.510286067464657,51.26643838230672
fixed,64.0,C13,1740.0,1740.0,1.0,7.694469762738377,5.510253577887934,51.26645057989437
fixed,64.0,C14,1740.0,1740.0,1.0,7.758256671723386,5.510223258848276,51.266461959465765
fixed,64.0,C15,1740.0,1740.0,1.0,7.816570017088113,5.5101948589360745,51.26647261578776
fixed,64.0,C16,1740.0,1740.0,1.0,7.86958150568617,5.510168105031408,51.26648265181207
fixed,64.0,C17,1740.0,1740.0,1.0,7.9197298547587,5.5101426945917655,51.266492181581505
fixed,64.0,C18,1740.0,1740.0,1.0,8.0,5.51011883855574,51.26650111970957
fixed,66.0,C01,1740.0,1740.0,1.0,6.335166590900118,5.511153043335177,51.27094633846406
fixed,66.0,C02,1740.0,1740.0,1.0,6.409915367443772,5.511073829372267,51.270976958114865
fixed,66.0,C03,1740.0,1740.0,1.0,6.4832460383816315,5.510998892945281,51.27100592209709
fixed,66.0,C04,1740.0,1740.0,1.0,6.5547166358267015,5.51092816090681,51.27103325866397
fixed,66.0,C05,1740.0,1740.0,1.0,6.623845982654081,5.510861545981869,51.27105900154467
fixed,66.0,C06,1740.0,1740.0,1.0,6.690119272723018,5.5107989471333525,51.27108318980259
fixed,66.0,C07,1740.0,1740.0,1.0,6.752997820495817,5.510740249928766,51.27110586769339
fixed,66.0,C08,1740.0,1740.0,1.0,6.811934135287234,5.510685326890377,51.27112708452898
fixed,66.0,C09,1740.0,1740.0,1.0,6.8663933242271,5.51063403780806,51.27114689455652
fixed,66.0,S01,1240.0,1240.0,1.0,1.7801868542356862,1.1804906908170039,69.0967561951549
fixed,66.0,S02,1240.0,1240.0,1.0,1.7807389892963663,1.1804834997717015,69.096788858985
fixed,66.0,S03,1240.0,1240.0,1.0,1.781271806114026,1.1804763986940021,69.09682111246019
fixed,66.0,S04,1240.0,1240.0,1.0,1.781785594284523,1.1804693866299776,69.09685295994694
fixed,66.0,S05,1240.0,1240.0,1.0,1.782280648968229,1.180462462574818,69.09688440604384
fixed,66.0,S06,1240.0,1240.0,1.0,1.7827572707454995,1.1804556254730947,69.09691545558054
fixed,66.0,S07,1240.0,1240.0,1.0,1.7832157654721774,1.18044887421901,69.09694611361638
fixed,66.0,S08,1240.0,1240.0,1.0,1.7836564441354,1.1804422076566465,69.09697638543943
fixed,66.0,S09,1240.0,1240.0,1.0,1.7840796227099638,1.180435624580207,69.09700627656535
fixed,66.0,C10,1740.0,1740.0,1.0,7.474679259856348,5.510193882075846,51.27131683109548
fixed,66.0,C11,1740.0,1740.0,1.0,7.552138554614863,5.510156352856615,51.27133131317215
fixed,66.0,C12,1740.0,1740.0,1.0,7.62558793679496,5.5101214474637175,51.271344779517584
fixed,66.0,C13,1740.0,1740.0,1.0,7.694469762738377,5.510088947183029,51.27135731480815
fixed,66.0,C14,1740.0,1740.0,1.0,7.758256671723386,5.510058618113542,51.271369009602665
fixed,66.0,C15,1740.0,1740.0,1.0,7.816570017088113,5.510030208767861,51.27137996127097
fixed,66.0,C16,1740.0,1740.0,1.0,7.86958150568617,5.5100034459415115,51.271390275592864
fixed,66.0,C17,1740.0,1740.0,1.0,7.9197298547587,5.509978026998262,51.27140006974417
fixed,66.0,C18,1740.0,1740.0,1.0,8.0,5.509954162889052,51.27140925629536
fixed,68.0,C01,1740.0,1740.0,1.0,6.335166590900118,5.511018229771749,51.27572641737688
fixed,68.0,C02,1740.0,1740.0,1.0,6.409915367443772,5.510938995192994,51.27575783934411
fixed,68.0,C03,1740.0,1740.0,1.0,6.4832460383816315,5.510864039234055,51.2757875624039
fixed,68.0,C04,1740.0,1740.0,1.0,6.5547166358267015,5.510793288729203,51.27581561554556
fixed,68.0,C05,1740.0,1740.0,1.0,6.623845982654081,5.5107266563815385,51.27584203337753
fixed,68.0,C06,1740.0,1740.0,1.0,6.690119272723018,5.510664041128532,51.27586685598191
fixed,68.0,C07,1740.0,1740.0,1.0,6.752997820495817,5.510605328508858,51.275890128768864
fixed,68.0,C08,1740.0,1740.0,1.0,6.811934135287234,5.510550391012624,51.275911902337036
fixed,68.0,C09,1740.0,1740.0,1.0,6.8663933242271,5.5104990883943,51.27593223234939
fixed,68.0,S01,1240.0,1240.0,1.0,1.7801868542356862,1.1804624154751124,69.11139005759364
fixed,68.0,S02,1240.0,1240.0,1.0,1.7807389892963663,1.180455222464231,69.11142377074293
fixed,68.0,S03,1240.0,1240.0,1.0,1.781271806114026,1.1804481194441283,69.11145706045106
fixed,68.0,S04,1240.0,1240.0,1.0,1.781785594284523,1.1804411054606472,69.11148993122262
fixed,68.0,S05,1240.0,1240.0,1.0,1.782280648968229,1.1804341795087328,69.11152238780178
fixed,68.0,S06,1240.0,1240.0,1.0,1.7827572707454995,1.1804273405327008,69.11155443517113
fixed,68.0,S07,1240.0,1240.0,1.0,1.7832157654721774,1.1804205874264824,69.11158607855033
fixed,68.0,S08,1240.0,1240.0,1.0,1.7836564441354,1.180413919033877,69.11161732339504
fixed,68.0,S09,1240.0,1240.0,1.0,1.7840796227099638,1.1804073341487913,69.11164817539581
fixed,68.0,C10,1740.0,1740.0,1.0,7.474679259856348,5.510058815642167,51.276106633637006
fixed,68.0,C11,1740.0,1740.0,1.0,7.552138554614863,5.51002127635874,51.2761214966212
fixed,68.0,C12,1740.0,1740.0,1.0,7.62558793679496,5.509986361569597,51.27613531732867
fixed,68.0,C13,1740.0,1740.0,1.0,7.694469762738377,5.509953852505174,51.2761481826475
fixed,68.0,C14,1740.0,1740.0,1.0,7.758256671723386,5.5099235152051325,51.276160185502114
fixed,68.0,C15,1740.0,1740.0,1.0,7.816570017088113,5.509895098118245,51.276171425806055
fixed,68.0,C16,1740.0,1740.0,1.0,7.86958150568617,5.509868327970659,51.27618201210285
fixed,68.0,C17,1740.0,1740.0,1.0,7.9197298547587,5.509842902049236,51.27619206463004
fixed,68.0,C18,1740.0,1740.0,1.0,8.0,5.509819031315037,51.27620149396239
fixed,70.0,C01,1740.0,1740.0,1.0,6.335166590900118,5.510907602810593,51.2803930991762
fixed,70.0,C02,1740.0,1740.0,1.0,6.409915367443772,5.510828351314733,51.2804253051172
fixed,70.0,C03,1740.0,1740.0,1.0,6.4832460383816315,5.510753379328106,51.28045576990114
fixed,70.0,C04,1740.0,1740.0,1.0,6.5547166358267015,5.510682613669947,51.280484523236545
fixed,70.0,C05,1740.0,1740.0,1.0,6.623845982654081,5.5106159670253785,51.28051160059092
fixed,70.0,C06,1740.0,1740.0,1.0,6.690119272723018,5.510553338311006,51.280537043041804
fixed,70.0,C07,1740.0,1740.0,1.0,6.752997820495817,5.510494613041846,51.280560897127394
fixed,70.0,C08,1740.0,1740.0,1.0,6.811934135287234,5.510439663681616,51.28058321470362
fixed,70.0,C09,1740.0,1740.0,1.0,6.8663933242271,5.5103883499557345,51.28060405281684
fixed,70.0,S01,1240.0,1240.0,1.0,1.7801868542356862,1.1804392129317387,69.12576599603548
fixed,70.0,S02,1240.0,1240.0,1.0,1.7807389892963663,1.1804320183078876,69.12580074109384
fixed,70.0,S03,1240.0,1240.0,1.0,1.781271806114026,1.1804249136938343,69.12583504984273
fixed,70.0,S04,1240.0,1240.0,1.0,1.781785594284523,1.180417898135231,69.1258689269226
fixed,70.0,S05,1240.0,1240.0,1.0,1.782280648968229,1.1804109706268244,69.12590237722077
fixed,70.0,S06,1240.0,1240.0,1.0,1.7827572707454995,1.1804041301127177,69.12593540587017
fixed,70.0,S07,1240.0,1240.0,1.0,1.7832157654721774,1.1803973754866217,69.12596801824813
fixed,70.0,S08,1240.0,1240.0,1.0,1.7836564441354,1.1803907055921028,69.12600021997508
fixed,70.0,S09,1240.0,1240.0,1.0,1.7840796227099638,1.180384119222825,69.12603201691356
fixed,70.0,C10,1740.0,1740.0,1.0,7.474679259856348,5.509947981177474,51.280782816832186
fixed,70.0,C11,1740.0,1740.0,1.0,7.552138554614863,5.509910433635367,51.28079805202182
fixed,70.0,C12,1740.0,1740.0,1.0,7.62558793679496,5.509875511135654,51.28081221899636
fixed,70.0,C13,1740.0,1740.0,1.0,7.694469762738377,5.50984299486327,51.280825406804986
fixed,70.0,C14,1740.0,1740.0,1.0,7.758256671723386,5.509812650809191,51.28083771068359
fixed,70.0,C15,1740.0,1740.0,1.0,7.816570017088113,5.5097842273698205,51.28084923303131
fixed,70.0,C16,1740.0,1740.0,1.0,7.86958150568617,5.50975745121437,51.28086008509213
fixed,70.0,C17,1740.0,1740.0,1.0,7.9197298547587,5.509732019566588,51.28087039009533
fixed,70.0,C18,1740.0,1740.0,1.0,8.0,5.50970814339584,51.28088005666626
fixed,72.0,C01,1740.0,1740.0,1.0,6.335166590900118,5.510816823187997,51.28494865427861
fixed,72.0,C02,1740.0,1740.0,1.0,6.409915367443772,5.510737557810159,51.28498162619599
fixed,72.0,C03,1740.0,1740.0,1.0,6.4832460383816315,5.510662572671389,51.28501281567718
fixed,72.0,C04,1740.0,1740.0,1.0,6.5547166358267015,5.5105917945785885,51.2850422531334
fixed,72.0,C05,1740.0,1740.0,1.0,6.623845982654081,5.51052513620212,51.285069974871455
fixed,72.0,C06,1740.0,1740.0,1.0,6.690119272723018,5.510462496441475,51.2850960229414
fixed,72.0,C07,1740.0,1740.0,1.0,6.752997820495817,5.510403760792256,51.285120444983555
fixed,72.0,C08,1740.0,1740.0,1.0,6.811934135287234,5.510348801696524,51.28514329408223
fixed,72.0,C09,1740.0,1740.0,1.0,6.8663933242271,5.510297478855855,51.285164628635385
fixed,72.0,S01,1240.0,1240.0,1.0,1.7801868542356862,1.1804201730933757,69.13988582582274
fixed,72.0,S02,1240.0,1240.0,1.0,1.7807389892963663,1.1804129771459144,69.1399215854528
fixed,72.0,S03,1240.0,1240.0,1.0,1.781271806114026,1.1804058712238568,69.13995689612202
fixed,72.0,S04,1240.0,1240.0,1.0,1.781785594284523,1.1803988543727009,69.13999176260441
fixed,72.0,S05,1240.0,1240.0,1.0,1.782280648968229,1.1803919255870272,69.14002618992798
fixed,72.0,S06,1240.0,1240.0,1.0,1.7827572707454995,1.1803850838107683,69.1400601833735
fixed,72.0,S07,1240.0,1240.0,1.0,1.7832157654721774,1.1803783279374516,69.14009374847329
fixed,72.0,S08,1240.0,1240.0,1.0,1.7836564441354,1.1803716568104534,69.14012689100977
fixed,72.0,S09,1240.0,1240.0,1.0,1.7840796227099638,1.1803650692232377,69.14015961701453
fixed,72.0,C10,1740.0,1740.0,1.0,7.474679259856348,5.509857031278973,51.285347655269135
fixed,72.0,C11,1740.0,1740.0,1.0,7.552138554614863,5.509819476959806,51.285363254124896
fixed,72.0,C12,1740.0,1740.0,1.0,7.62558793679496,5.509784548132795,51.28537775942279
fixed,72.0,C13,1740.0,1740.0,1.0,7.694469762738377,5.509752025945551,51.285391262323465
fixed,72.0,C14,1740.0,1740.0,1.0,7.758256671723386,5.509721676349095,51.285403860321246
fixed,72.0,C15,1740.0,1740.0,1.0,7.816570017088113,5.509693247696852,51.28541565824374
fixed,72.0,C16,1740.0,1740.0,1.0,7.86958150568617,5.509666466611313,51.28542676997339
fixed,72.0,C17,1740.0,1740.0,1.0,7.9197298547587,5.509641030264448,51.2854373216625
fixed,72.0,C18,1740.0,1740.0,1.0,8.0,5.509617149632417,51.28544722003234
fixed,74.0,C01,1740.0,1740.0,1.0,6.335166590900118,5.510742330137453,51.28939538451278
fixed,74.0,C02,1740.0,1740.0,1.0,6.409915367443772,5.510663053368216,51.289429104761375
fixed,74.0,C03,1740.0,1740.0,1.0,6.4832460383816315,5.510588057436936,51.2894610022461
fixed,74.0,C04,1740.0,1740.0,1.0,6.5547166358267015,5.510517269140395,51.28949110806459
fixed,74.0,C05,1740.0,1740.0,1.0,6.623845982654081,5.510450601136843,51.28951945934363
fixed,74.0,C06,1740.0,1740.0,1.0,6.690119272723018,5.510387952311728,51.289546099083324
fixed,74.0,C07,1740.0,1740.0,1.0,6.752997820495817,5.51032920814472,51.28957107600068
fixed,74.0,C08,1740.0,1740.0,1.0,6.811934135287234,5.5102742410601095,51.2895944443801
fixed,74.0,C09,1740.0,1740.0,1.0,6.8663933242271,5.510222910739911,51.28961626393994
fixed,74.0,S01,1240.0,1240.0,1.0,1.7801868542356862,1.1804045491423734,69.15375184630653
fixed,74.0,S02,1240.0,1240.0,1.0,1.7807389892963663,1.180397352108754,69.15378860328249
fixed,74.0,S03,1240.0,1240.0,1.0,1.781271806114026,1.1803902451133448,69.15382489886166
fixed,74.0,S04,1240.0,1240.0,1.0,1.781785594284523,1.1803832272015156,69.1538607379493
fixed,74.0,S05,1240.0,1240.0,1.0,1.782280648968229,1.1803762973677137,69.15389612571177
fixed,74.0,S06,1240.0,1240.0,1.0,1.7827572707454995,1.180369454555728,69.15393106757512
fixed,74.0,S07,1240.0,1240.0,1.0,1.7832157654721774,1.1803626976589379,69.15396556922396
fixed,74.0,S08,1240.0,1240.0,1.0,1.7836564441354,1.180356025520562,69.15399963660002
fixed,74.0,S09,1240.0,1240.0,1.0,1.7840796227099638,1.180349436933902,69.15403327590103
fixed,74.0,C10,1740.0,1740.0,1.0,7.474679259856348,5.509782398501271,51.28980345503488
fixed,74.0,C11,1740.0,1740.0,1.0,7.552138554614863,5.509744838620862,51.28981940918372
fixed,74.0,C12,1740.0,1740.0,1.0,7.62558793679496,5.509709904601684,51.289834245015825
fixed,74.0,C13,1740.0,1740.0,1.0,7.694469762738377,5.509677377560706,51.28984805575469
fixed,74.0,C14,1740.0,1740.0,1.0,7.758256671723386,5.5096470234161705,51.28986094110098
fixed,74.0,C15,1740.0,1740.0,1.0,7.816570017088113,5.509618590486234,51.289873008254844
fixed,74.0,C16,1740.0,1740.0,1.0,7.86958150568617,5.509591805355052,51.28988437367641
fixed,74.0,C17,1740.0,1740.0,1.0,7.9197298547587,5.5095663651521,51.289895166373626
fixed,74.0,C18,1740.0,1740.0,1.0,8.0,5.509542480859114,51.28990529120798
fixed,76.0,C01,1740.0,1740.0,1.0,6.335166590900118,5.51068120172138,51.29373560687943
fixed,76.0,C02,1740.0,1740.0,1.0,6.409915367443772,5.5106019156044805,51.293770058170445
fixed,76.0,C03,1740.0,1740.0,1.0,6.4832460383816315,5.510526910816979,51.29380264730204
fixed,76.0,C04,1740.0,1740.0,1.0,6.5547166358267015,5.510456114147345,51.293833406042395
fixed,76.0,C05,1740.0,1740.0,1.0,6.623845982654081,5.510389438243897,51.293862372319275
fixed,76.0,C06,1740.0,1740.0,1.0,6.690119272723018,5.510326781980558,51.29388959006084
fixed,76.0,C07,1740.0,1740.0,1.0,6.752997820495817,5.510268030823921,51.29391510903593
fixed,76.0,C08,1740.0,1740.0,1.0,6.811934135287234,5.5102130571837,51.29393898470121
fixed,76.0,C09,1740.0,1740.0,1.0,6.8663933242271,5.510161720725852,51.29396127806495
fixed,76.0,S01,1240.0,1240.0,1.0,1.7801868542356862,1.1803917282446366,69.16736674498134
fixed,76.0,S02,1240.0,1240.0,1.0,1.7807389892963663,1.1803845303197156,69.16740448222042
fixed,76.0,S03,1240.0,1240.0,1.0,1.781271806114026,1.1803774224435128,69.1674417458403
fixed,76.0,S04,1240.0,1240.0,1.0,1.781785594284523,1.1803704036612948,69.16747854087525
fixed,76.0,S05,1240.0,1240.0,1.0,1.782280648968229,1.180363472967397,69.16751487262755
fixed,76.0,S06,1240.0,1240.0,1.0,1.7827572707454995,1.1803566293054928,69.16755074666604
fixed,76.0,S07,1240.0,1240.0,1.0,1.7832157654721774,1.1803498715688383,69.16758616882507
fixed,76.0,S08,1240.0,1240.0,1.0,1.7836564441354,1.1803431986005253,69.16762114520283
fixed,76.0,S09,1240.0,1240.0,1.0,1.7840796227099638,1.180336609193719,69.16765568216036
fixed,76.0,C10,1740.0,1740.0,1.0,7.474679259856348,5.509721155426126,51.294152537440404
fixed,76.0,C11,1740.0,1740.0,1.0,7.552138554614863,5.509683590982186,51.29416883867764
fixed,76.0,C12,1740.0,1740.0,1.0,7.62558793679496,5.509648652702327,51.2941839974114
fixed,76.0,C13,1740.0,1740.0,1.0,7.694469762738377,5.509616121678384,51.2941981088803
fixed,76.0,C14,1740.0,1740.0,1.0,7.758256671723386,5.5095857638017005,51.29421127494041
fixed,76.0,C15,1740.0,1740.0,1.0,7.816570017088113,5.509557327361487,51.29422360510956
fixed,76.0,C16,1740.0,1740.0,1.0,7.86958150568617,5.509530538910448,51.29423521836598
fixed,76.0,C17,1740.0,1740.0,1.0,7.9197298547587,5.509505095543182,51.29424624650734
fixed,76.0,C18,1740.0,1740.0,1.0,8.0,5.509481208246005,51.29425659257859
fixed,78.0,C01,1740.0,1740.0,1.0,6.335166590900118,5.510631040220371,51.29797164047097
fixed,78.0,C02,1740.0,1740.0,1.0,6.409915367443772,5.510551746432872,51.298006805873804
fixed,78.0,C03,1740.0,1740.0,1.0,6.4832460383816315,5.510476734378037,51.29804007063444
fixed,78.0,C04,1740.0,1740.0,1.0,6.5547166358267015,5.510405930837524,51.29807146717604
fixed,78.0,C05,1740.0,1740.0,1.0,6.623845982654081,5.510339248451493,51.29810103420873
fixed,78.0,C06,1740.0,1740.0,1.0,6.690119272723018,5.51027658608441,51.29812881656726
fixed,78.0,C07,1740.0,1740.0,1.0,6.752997820495817,5.510217829192141,51.298154865047856
fixed,78.0,C08,1740.0,1740.0,1.0,6.811934135287234,5.510162850172439,51.29817923625231
fixed,78.0,C09,1740.0,1740.0,1.0,6.8663933242271,5.51011150867808,51.29820199244891
fixed,78.0,S01,1240.0,1240.0,1.0,1.7801868542356862,1.1803812075123783,69.1807335175787
fixed,78.0,S02,1240.0,1240.0,1.0,1.7807389892963663,1.1803740088560555,69.18077221816658
fixed,78.0,S03,1240.0,1240.0,1.0,1.781271806114026,1.1803669002570747,69.18081043312422
fixed,78.0,S04,1240.0,1240.0,1.0,1.781785594284523,1.1803598807606155,69.18084816761261
fixed,78.0,S05,1240.0,1240.0,1.0,1.782280648968229,1.180352949360924,69.18088542706762
fixed,78.0,S06,1240.0,1240.0,1.0,1.7827572707454995,1.1803461050015769,69.18092221719843
fixed,78.0,S07,1240.0,1240.0,1.0,1.7832157654721774,1.1803393465757306,69.18095854398649
fixed,78.0,S08,1240.0,1240.0,1.0,1.7836564441354,1.1803326729263703,69.18099441368379
fixed,78.0,S09,1240.0,1240.0,1.0,1.7840796227099638,1.1803260828465523,69.1810298328118
fixed,78.0,C10,1740.0,1740.0,1.0,7.474679259856348,5.509670899836742,51.29839722591206
fixed,78.0,C11,1740.0,1740.0,1.0,7.552138554614863,5.5096333316479855,51.29841386620245
fixed,78.0,C12,1740.0,1740.0,1.0,7.62558793679496,5.5095983898718295,51.298429340362816
fixed,78.0,C13,1740.0,1740.0,1.0,7.694469762738377,5.509565855579478,51.29844374560026
fixed,78.0,C14,1740.0,1740.0,1.0,7.758256671723386,5.509535494640195,51.298457185876266
fixed,78.0,C15,1740.0,1740.0,1.0,7.816570017088113,5.509507055319457,51.29846977297272
fixed,78.0,C16,1740.0,1740.0,1.0,7.86958150568617,5.50948026414414,51.29848162832764
fixed,78.0,C17,1740.0,1740.0,1.0,7.9197298547587,5.509454818180242,51.29849288646374
fixed,78.0,C18,1740.0,1740.0,1.0,8.0,5.509430928417821,51.298503448651786
fixed,80.0,C01,0.0,0.0,0.0,6.335166590900118,0.0,51.10201920636231
fixed,80.0,C02,1740.0,1740.0,1.0,6.409915367443772,5.595178855383622,51.30128644656539
fixed,80.0,C03,1740.0,1740.0,1.0,6.4832460383816315,5.595116123436649,51.30132023454323
fixed,80.0,C04,1740.0,1740.0,1.0,6.5547166358267015,5.595056926736513,51.30135212486234
fixed,80.0,C05,1740.0,1740.0,1.0,6.623845982654081,5.595001191793995,51.301382156842756
fixed,80.0,C06,1740.0,1740.0,1.0,6.690119272723018,5.594948833556644,51.30141037602569
fixed,80.0,C07,1740.0,1740.0,1.0,6.752997820495817,5.594899755717911,51.30143683400779
fixed,80.0,C08,1740.0,1740.0,1.0,6.811934135287234,5.594853851012234,51.30146158828276
fixed,80.0,C09,1740.0,1740.0,1.0,6.8663933242271,5.594811001478764,51.301484702100126
fixed,80.0,S01,1240.0,1240.0,1.0,1.7801868542356862,1.1981232576135223,69.19290308049021
fixed,80.0,S02,1240.0,1240.0,1.0,1.7807389892963663,1.1981172849016977,69.19294265731557
fixed,80.0,S03,1240.0,1240.0,1.0,1.781271806114026,1.1981113876423921,69.19298173754927
fixed,80.0,S04,1240.0,1240.0,1.0,1.781785594284523,1.1981055650276902,69.19302032646839
fixed,80.0,S05,1240.0,1240.0,1.0,1.782280648968229,1.1980998162070884,69.19305842963107
fixed,80.0,S06,1240.0,1240.0,1.0,1.7827572707454995,1.1980941402877185,69.19309605287495
fixed,80.0,S07,1240.0,1240.0,1.0,1.7832157654721774,1.1980885363345628,69.19313320231612
fixed,80.0,S08,1240.0,1240.0,1.0,1.7836564441354,1.1980830033706598,69.19316988434728
fixed,80.0,S09,1240.0,1240.0,1.0,1.7840796227099638,1.1980775403773123,69.19320610563676
fixed,80.0,C10,1740.0,1740.0,1.0,7.474679259856348,5.59444371413762,51.30168300214871
fixed,80.0,C11,1740.0,1740.0,1.0,7.552138554614863,5.594412442624262,51.30169990365243
fixed,80.0,C12,1740.0,1740.0,1.0,7.62558793679496,5.5943833758144335,51.3017156206531
fixed,80.0,C13,1740.0,1740.0,1.0,7.694469762738377,5.594356329809639,51.30173025188975
fixed,80.0,C14,1740.0,1740.0,1.0,7.758256671723386,5.594331107960417,51.30174390296215
fixed,80.0,C15,1740.0,1740.0,1.0,7.816570017088113,5.594307498851265,51.30175668741375
fixed,80.0,C16,1740.0,1740.0,1.0,7.86958150568617,5.594285272831554,51.30176872859621
fixed,80.0,C17,1740.0,1740.0,1.0,7.9197298547587,5.594264175536424,51.30178016315202
fixed,80.0,C18,1740.0,1740.0,1.0,8.0,5.594244409270345,51.30179089074423
fixed,82.0,C01,0.0,0.0,0.0,6.335166590900118,0.0,50.967651822973515
fixed,82.0,C02,1740.0,1740.0,1.0,6.409915367443772,5.579950695055222,51.30422973235144
fixed,82.0,C03,1740.0,1740.0,1.0,6.4832460383816315,5.579885750209507,51.30426398868711
fixed,82.0,C04,1740.0,1740.0,1.0,6.5547166358267015,5.579824462424809,51.304296320950826
fixed,82.0,C05,1740.0,1740.0,1.0,6.623845982654081,5.579766755698876,51.304326769010316
fixed,82.0,C06,1740.0,1740.0,1.0,6.690119272723018,5.579712542066226,51.30435537904101
fixed,82.0,C07,1740.0,1740.0,1.0,6.752997820495817,5.579661721917741,51.3043822033581
fixed,82.0,C08,1740.0,1740.0,1.0,6.811934135287234,5.5796141843058225,51.304407300255846
fixed,82.0,C09,1740.0,1740.0,1.0,6.8663933242271,5.579569807217093,51.30443073386442
fixed,82.0,S01,1240.0,1240.0,1.0,1.7801868542356862,1.1949313682547065,69.2042873414494
fixed,82.0,S02,1240.0,1240.0,1.0,1.7807389892963663,1.1949251760827144,69.20432773726766
fixed,82.0,S03,1240.0,1240.0,1.0,1.781271806114026,1.1949190619998833,69.20436762622464
fixed,82.0,S04,1240.0,1240.0,1.0,1.781785594284523,1.1949130251715303,69.20440701370637
fixed,82.0,S05,1240.0,1240.0,1.0,1.782280648968229,1.1949070647188806,69.20444590538587
fixed,82.0,S06,1240.0,1240.0,1.0,1.7827572707454995,1.1949011797193014,69.20448430722138
fixed,82.0,S07,1240.0,1240.0,1.0,1.7832157654721774,1.1948953692065167,69.20452222545535
fixed,82.0,S08,1240.0,1240.0,1.0,1.7836564441354,1.1948896321708284,69.20455966661261
fixed,82.0,S09,1240.0,1240.0,1.0,1.7840796227099638,1.1948839675593277,69.20459663749928
fixed,82.0,C10,1740.0,1740.0,1.0,7.474679259856348,5.579189344265418,51.304631774407184
fixed,82.0,C11,1740.0,1740.0,1.0,7.552138554614863,5.5791569426363745,51.30464890917505
fixed,82.0,C12,1740.0,1740.0,1.0,7.62558793679496,5.579126821962333,51.304664842961856
fixed,82.0,C13,1740.0,1740.0,1.0,7.694469762738377,5.579098792006957,51.304679675881
fixed,82.0,C14,1740.0,1740.0,1.0,7.758256671723386,5.579072649340089,51.30469351500203
fixed,82.0,C15,1740.0,1740.0,1.0,7.816570017088113,5.579048175252791,51.304706475448626
fixed,82.0,C16,1740.0,1740.0,1.0,7.86958150568617,5.579025132167961,51.304718682289064
fixed,82.0,C17,1740.0,1740.0,1.0,7.9197298547587,5.579003256936511,51.30473027406723
fixed,82.0,C18,1740.0,1740.0,1.0,8.0,5.578982753773433,51.30474114891514
fixed,84.0,C01,0.0,0.0,0.0,6.335166590900118,0.0,50.875514188649774
fixed,84.0,C02,1740.0,1740.0,1.0,6.409915367443772,5.567455307007442,51.30710383005711
fixed,84.0,C03,1740.0,1740.0,1.0,6.4832460383816315,5.567388547420639,51.30713854284894
fixed,84.0,C04,1740.0,1740.0,1.0,6.5547166358267015,5.567325544632333,51.30717130582209
fixed,84.0,C05,1740.0,1740.0,1.0,6.623845982654081,5.567266220583789,51.30720215937823
fixed,84.0,C06,1740.0,1740.0,1.0,6.690119272723018,5.567210484925419,51.30723115031107
fixed,84.0,C07,1740.0,1740.0,1.0,6.752997820495817,5.567158235344998,51.307258331636255
fixed,84.0,C08,1740.0,1740.0,1.0,6.811934135287234,5.567109357881009,51.307283762428455
fixed,84.0,C09,1740.0,1740.0,1.0,6.8663933242271,5.567063727202708,51.307307507676306
fixed,84.0,S01,1240.0,1240.0,1.0,1.7801868542356862,1.1923120542327301,69.21516965552871
fixed,84.0,S02,1240.0,1240.0,1.0,1.7807389892963663,1.1923056816127298,69.21521083378627
fixed,84.0,S03,1240.0,1240.0,1.0,1.781271806114026,1.1922993892425853,69.21525149535715
fixed,84.0,S04,1240.0,1240.0,1.0,1.781785594284523,1.1922931762657596,69.21529164573182
fixed,84.0,S05,1240.0,1240.0,1.0,1.782280648968229,1.19228704178039,69.21533129069333
fixed,84.0,S06,1240.0,1240.0,1.0,1.7827572707454995,1.192280984839528,69.21537043631544
fixed,84.0,S07,1240.0,1240.0,1.0,1.7832157654721774,1.1922750044513606,69.21540908896166
fixed,84.0,S08,1240.0,1240.0,1.0,1.7836564441354,1.192269099579437,69.21544725528338
fixed,84.0,S09,1240.0,1240.0,1.0,1.7840796227099638,1.192263269142883,69.2154849422187
fixed,84.0,C10,1740.0,1740.0,1.0,7.474679259856348,5.56667244723143,51.30751121872338
fixed,84.0,C11,1740.0,1740.0,1.0,7.552138554614863,5.566639117342939,51.30752858078485
fixed,84.0,C12,1740.0,1740.0,1.0,7.62558793679496,5.566608130857318,51.307544725803666
fixed,84.0,C13,1740.0,1740.0,1.0,7.694469762738377,5.566579292348957,51.30755975523292
fixed,84.0,C14,1740.0,1740.0,1.0,7.758256671723386,5.566552392835636,51.307573777574845
fixed,84.0,C15,1740.0,1740.0,1.0,7.816570017088113,5.566527207636323,51.30758690949343
fixed,84.0,C16,1740.0,1740.0,1.0,7.86958150568617,5.56650349268321,51.30759927773019
fixed,84.0,C17,1740.0,1740.0,1.0,7.9197298547587,5.566480977633875,51.30761102268239
fixed,84.0,C18,1740.0,1740.0,1.0,8.0,5.566459868157152,51.30762204098718
fixed,86.0,C01,0.0,0.0,0.0,6.335166590900118,0.0,50.81233409654206
fixed,86.0,C02,1740.0,1740.0,1.0,6.409915367443772,5.557202292811781,51.31001230055562
fixed,86.0,C03,1740.0,1740.0,1.0,6.4832460383816315,5.557134044849591,51.31004747507385
fixed,86.0,C04,1740.0,1740.0,1.0,6.5547166358267015,5.557069635378654,51.310080673750626
fixed,86.0,C05,1740.0,1740.0,1.0,6.623845982654081,5.557008984656562,51.31011193752714
fixed,86.0,C06,1740.0,1740.0,1.0,6.690119272723018,5.556952000381655,51.3101413138219
fixed,86.0,C07,1740.0,1740.0,1.0,6.752997820495817,5.556898578028265,51.31016885635839
fixed,86.0,C08,1740.0,1740.0,1.0,6.811934135287234,5.556848601166805,51.31019462499994
fixed,86.0,C09,1740.0,1740.0,1.0,6.8663933242271,5.556801941749811,51.310218685602806
fixed,86.0,S01,1240.0,1240.0,1.0,1.7801868542356862,1.1901626399215857,69.22574083068695
fixed,86.0,S02,1240.0,1240.0,1.0,1.7807389892963663,1.1901561189848588,69.22578276887684
fixed,86.0,S03,1240.0,1240.0,1.0,1.781271806114026,1.1901496800690456,69.2258241808311
fixed,86.0,S04,1240.0,1240.0,1.0,1.781785594284523,1.190143322299748,69.22586507214177
fixed,86.0,S05,1240.0,1240.0,1.0,1.782280648968229,1.1901370447562325,69.2259054486989
fixed,86.0,S06,1240.0,1240.0,1.0,1.7827572707454995,1.1901308464716722,69.2259453166886
fixed,86.0,S07,1240.0,1240.0,1.0,1.7832157654721774,1.1901247264333747,69.2259846825921
fixed,86.0,S08,1240.0,1240.0,1.0,1.7836564441354,1.190118683583011,69.2260235531838
fixed,86.0,S09,1240.0,1240.0,1.0,1.7840796227099638,1.190112716816837,69.22606193553017
fixed,86.0,C10,1740.0,1740.0,1.0,7.474679259856348,5.556401781955518,51.3104250995976
fixed,86.0,C11,1740.0,1740.0,1.0,7.552138554614863,5.556367689744724,51.31044269177512
fixed,86.0,C12,1740.0,1740.0,1.0,7.62558793679496,5.556335992097068,51.31045905067414
fixed,86.0,C13,1740.0,1740.0,1.0,7.694469762738377,5.556306489336478,51.310474279101776
fixed,86.0,C14,1740.0,1740.0,1.0,7.758256671723386,5.556278967932995,51.310488487008335
fixed,86.0,C15,1740.0,1740.0,1.0,7.816570017088113,5.556253198313639,51.31050179261474
fixed,86.0,C16,1740.0,1740.0,1.0,7.86958150568617,5.556228931093713,51.31051432435376
fixed,86.0,C17,1740.0,1740.0,1.0,7.9197298547587,5.556205890038148,51.310526224496044
fixed,86.0,C18,1740.0,1740.0,1.0,8.0,5.556184281932033,51.3105373882035
fixed,88.0,C01,0.0,0.0,0.0,6.335166590900118,0.0,50.76901060481105
fixed,88.0,C02,1740.0,1740.0,1.0,6.409915367443772,5.548789252857608,51.31298487465494
fixed,88.0,C03,1740.0,1740.0,1.0,6.4832460383816315,5.54871978408905,51.31302052143408
fixed,88.0,C04,1740.0,1740.0,1.0,6.5547166358267015,5.548654220745469,51.313054165784635
fixed,88.0,C05,1740.0,1740.0,1.0,6.623845982654081,5.548592481705479,51.31308584919881
fixed,88.0,C06,1740.0,1740.0,1.0,6.690119272723018,5.548534473068481,51.31311561973327
fixed,88.0,C07,1740.0,1740.0,1.0,6.752997820495817,5.548480088495684,51.313143531834456
fixed,88.0,C08,1740.0,1740.0,1.0,6.811934135287234,5.548429209535694,51.31316964617139
fixed,88.0,C09,1740.0,1740.0,1.0,6.8663933242271,5.548381705915465,51.313194029486546
fixed,88.0,S01,1240.0,1240.0,1.0,1.7801868542356862,1.1883988502420086,69.23612560245026
fixed,88.0,S02,1240.0,1240.0,1.0,1.7807389892963663,1.1883922074351112,69.23616828733665
fixed,88.0,S03,1240.0,1240.0,1.0,1.781271806114026,1.1883856481010764,69.23621043660432
fixed,88.0,S04,1240.0,1240.0,1.0,1.781785594284523,1.1883791713509022,69.23625205594513
fixed,88.0,S05,1240.0,1240.0,1.0,1.782280648968229,1.1883727762484193,69.23629315135425
fixed,88.0,S06,1240.0,1240.0,1.0,1.7827572707454995,1.1883664618105407,69.2363337291282
fixed,88.0,S07,1240.0,1240.0,1.0,1.7832157654721774,1.1883602270074907,69.23637379586388
fixed,88.0,S08,1240.0,1240.0,1.0,1.7836564441354,1.1883540707630387,69.2364133584566
fixed,88.0,S09,1240.0,1240.0,1.0,1.7840796227099638,1.1883479919547257,69.23645242409896
fixed,88.0,C10,1740.0,1740.0,1.0,7.474679259856348,5.547974257132777,51.31340321032092
fixed,88.0,C11,1740.0,1740.0,1.0,7.552138554614863,5.547939538966356,51.3134210381382
fixed,88.0,C12,1740.0,1740.0,1.0,7.62558793679496,5.547907257287641,51.31343761608601
fixed,88.0,C13,1740.0,1740.0,1.0,7.694469762738377,5.54787720893798,51.31345304835494
fixed,88.0,C14,1740.0,1740.0,1.0,7.758256671723386,5.547849176661171,51.31346744637481
fixed,88.0,C15,1740.0,1740.0,1.0,7.816570017088113,5.547822926875875,51.31348092995728
fixed,88.0,C16,1740.0,1740.0,1.0,7.86958150568617,5.547798205840734,51.31349362926327
fixed,88.0,C17,1740.0,1740.0,1.0,7.9197298547587,5.54777473249213,51.31350568847763
fixed,88.0,C18,1740.0,1740.0,1.0,8.0,5.547752714479418,51.31351700130133
fixed,90.0,C01,0.0,0.0,0.0,6.335166590900118,0.0,50.73930306762408
fixed,90.0,C02,1740.0,1740.0,1.0,6.409915367443772,5.541885996620551,51.316019605670526
fixed,90.0,C03,1740.0,1740.0,1.0,6.4832460383816315,5.541815526444266,51.316055735255446
fixed,90.0,C04,1740.0,1740.0,1.0,6.5547166358267015,5.541749016548327,51.31608983526036
fixed,90.0,C05,1740.0,1740.0,1.0,6.623845982654081,5.5416863846815545,51.31612194773996
fixed,90.0,C06,1740.0,1740.0,1.0,6.690119272723018,5.541627535633259,51.31615212140239
fixed,90.0,C07,1740.0,1740.0,1.0,6.752997820495817,5.541572361578994,51.316180411432256
fixed,90.0,C08,1740.0,1740.0,1.0,6.811934135287234,5.54152074241065,51.316206879321165
fixed,90.0,C09,1740.0,1740.0,1.0,6.8663933242271,5.541472546031433,51.31623159271648
fixed,90.0,S01,1240.0,1240.0,1.0,1.7801868542356862,1.1869515168107476,69.24640203288543
fixed,90.0,S02,1240.0,1240.0,1.0,1.7807389892963663,1.1869447738893832,69.24644545710454
fixed,90.0,S03,1240.0,1240.0,1.0,1.781271806114026,1.1869381156314027,69.24648833641771
fixed,90.0,S04,1240.0,1240.0,1.0,1.781785594284523,1.1869315411358532,69.24653067661558
fixed,90.0,S05,1240.0,1240.0,1.0,1.782280648968229,1.186925049453934,69.2465724837973
fixed,90.0,S06,1240.0,1240.0,1.0,1.7827572707454995,1.186918639589249,69.24661376436866
fixed,90.0,S07,1240.0,1240.0,1.0,1.7832157654721774,1.1869123104980392,69.24665452504101
fixed,90.0,S08,1240.0,1240.0,1.0,1.7836564441354,1.1869060610894202,69.24669477282931
fixed,90.0,S09,1240.0,1240.0,1.0,1.7840796227099638,1.186899890225609,69.24673451505092
fixed,90.0,C10,1740.0,1740.0,1.0,7.474679259856348,5.541059114483235,51.316443604391004
fixed,90.0,C11,1740.0,1740.0,1.0,7.552138554614863,5.5410238823974005,51.316461673382825
fixed,90.0,C12,1740.0,1740.0,1.0,7.62558793679496,5.540991121163296,51.31647847555902
fixed,90.0,C13,1740.0,1740.0,1.0,7.694469762738377,5.540960624768113,51.31649411652306
fixed,90.0,C14,1740.0,1740.0,1.0,7.758256671723386,5.540932172901734,51.316508709215725
fixed,90.0,C15,1740.0,1740.0,1.0,7.816570017088113,5.54090552869763,51.3165223750733
fixed,90.0,C16,1740.0,1740.0,1.0,7.86958150568617,5.5408804348437215,51.31653524602166
fixed,90.0,C17,1740.0,1740.0,1.0,7.9197298547587,5.540856606318821,51.316547468200746
fixed,90.0,C18,1740.0,1740.0,1.0,8.0,5.540834251446662,51.31655893386449
fixed,92.0,C01,0.0,0.0,0.0,6.335166590900118,0.0,50.718932184981576
fixed,92.0,C02,1740.0,1740.0,1.0,6.409915367443772,5.536221585793076,51.319102404963644
fixed,92.0,C03,1740.0,1740.0,1.0,6.4832460383816315,5.536150294132034,51.319139025810316
fixed,92.0,C04,1740.0,1740.0,1.0,6.5547166358267015,5.536083007717558,51.3191735894764
fixed,92.0,C05,1740.0,1740.0,1.0,6.623845982654081,5.536019643372576,51.319206138588164
fixed,92.0,C06,1740.0,1740.0,1.0,6.690119272723018,5.535960104812704,51.319236722515804
fixed,92.0,C07,1740.0,1740.0,1.0,6.752997820495817,5.535904282995862,51.31926539719412
fixed,92.0,C08,1740.0,1740.0,1.0,6.811934135287234,5.535852056456067,51.319292224950736
fixed,92.0,C09,1740.0,1740.0,1.0,6.8663933242271,5.5358032916017015,51.31931727435279
fixed,92.0,S01,1240.0,1240.0,1.0,1.7801868542356862,1.1857638725137098,69.25661566114155
fixed,92.0,S02,1240.0,1240.0,1.0,1.7807389892963663,1.1857570473666883,69.25665982081252
fixed,92.0,S03,1240.0,1240.0,1.0,1.781271806114026,1.1857503078593388,69.25670342634474
fixed,92.0,S04,1240.0,1240.0,1.0,1.781785594284523,1.1857436530809242,69.25674648362697
fixed,92.0,S05,1240.0,1240.0,1.0,1.782280648968229,1.1857370820723032,69.25678899886171
fixed,92.0,S06,1240.0,1240.0,1.0,1.7827572707454995,1.1857305938261806,69.25683097856329
fixed,92.0,S07,1240.0,1240.0,1.0,1.7832157654721774,1.1857241872873465,69.2568724295568
fixed,92.0,S08,1240.0,1240.0,1.0,1.7836564441354,1.185717861352915,69.25691335897605
fixed,92.0,S09,1240.0,1240.0,1.0,1.7840796227099638,1.1857116148725528,69.2569537742624
fixed,92.0,C10,1740.0,1740.0,1.0,7.474679259856348,5.535384949695256,51.319532168439714
fixed,92.0,C11,1740.0,1740.0,1.0,7.552138554614863,5.535349295716543,51.319550483075126
fixed,92.0,C12,1740.0,1740.0,1.0,7.62558793679496,5.535316140761821,51.31956751366568
fixed,92.0,C13,1740.0,1740.0,1.0,7.694469762738377,5.535285276478644,51.31958336725103
fixed,92.0,C14,1740.0,1740.0,1.0,7.758256671723386,5.535256480053485,51.31959815830801
fixed,92.0,C15,1740.0,1740.0,1.0,7.816570017088113,5.535229511926763,51.319612009924526
fixed,92.0,C16,1740.0,1740.0,1.0,7.86958150568617,5.53520411185924,51.31962505582074
fixed,92.0,C17,1740.0,1740.0,1.0,7.9197298547587,5.535179991585388,51.31963744412421
fixed,92.0,C18,1740.0,1740.0,1.0,8.0,5.535157359958854,51.31964906565747
fixed,94.0,C01,0.0,0.0,0.0,6.335166590900118,0.0,50.70496357974101
fixed,94.0,C02,1740.0,1740.0,1.0,6.409915367443772,5.531573702104095,51.3222158682264
fixed,94.0,C03,1740.0,1740.0,1.0,6.4832460383816315,5.53150173652349,51.32225298606555
fixed,94.0,C04,1740.0,1740.0,1.0,6.5547166358267015,5.531433813055809,51.322288018824146
fixed,94.0,C05,1740.0,1740.0,1.0,6.623845982654081,5.531369847765036,51.322321009706016
fixed,94.0,C06,1740.0,1740.0,1.0,6.690119272723018,5.531309743486642,51.32235200875044
fixed,94.0,C07,1740.0,1740.0,1.0,6.752997820495817,5.5312533901803835,51.322381072650415
fixed,94.0,C08,1740.0,1740.0,1.0,6.811934135287234,5.531200665267109,51.322408264578485
fixed,94.0,C09,1740.0,1740.0,1.0,6.8663933242271,5.531151433929747,51.32243365403143
fixed,94.0,S01,1240.0,1240.0,1.0,1.7801868542356862,1.1847893297766843,69.26678976716927
fixed,94.0,S02,1240.0,1240.0,1.0,1.7807389892963663,1.1847824371077647,69.26683466024272
fixed,94.0,S03,1240.0,1240.0,1.0,1.781271806114026,1.1847756308792072,69.26687898997722
fixed,94.0,S04,1240.0,1240.0,1.0,1.781785594284523,1.184768910172262,69.2669227623592
fixed,94.0,S05,1240.0,1240.0,1.0,1.782280648968229,1.1847622740193169,69.26696598369413
fixed,94.0,S06,1240.0,1240.0,1.0,1.7827572707454995,1.1847557214041493,69.2670086606044
fixed,94.0,S07,1240.0,1240.0,1.0,1.7832157654721774,1.1847492512621698,69.26705080002833
fixed,94.0,S08,1240.0,1240.0,1.0,1.7836564441354,1.184742862480659,69.26709240921815
fixed,94.0,S09,1240.0,1240.0,1.0,1.7840796227099638,1.1847365538990033,69.26713349573869
fixed,94.0,C10,1740.0,1740.0,1.0,7.474679259856348,5.530729062025377,51.32265146586037
fixed,94.0,C11,1740.0,1740.0,1.0,7.552138554614863,5.53069306173054,51.322670029214656
fixed,94.0,C12,1740.0,1740.0,1.0,7.62558793679496,5.53065958355944,51.32268729110554
fixed,94.0,C13,1740.0,1740.0,1.0,7.694469762738377,5.530628417241434,51.32270336002449
fixed,94.0,C14,1740.0,1740.0,1.0,7.758256671723386,5.530599337910485,51.32271835200109
fixed,94.0,C15,1740.0,1740.0,1.0,7.816570017088113,5.530572103798997,51.32273239179286
fixed,94.0,C16,1740.0,1740.0,1.0,7.86958150568617,5.530546452267742,51.32274561493384
fixed,94.0,C17,1740.0,1740.0,1.0,7.9197298547587,5.530522092391113,51.32275817156095
fixed,94.0,C18,1740.0,1740.0,1.0,8.0,5.530499233441777,51.32276995108312
fixed,96.0,C01,0.0,0.0,0.0,6.335166590900118,0.0,50.69538510757605
fixed,96.0,C02,1740.0,1740.0,1.0,6.409915367443772,5.527759922805186,51.325343064665894
fixed,96.0,C03,1740.0,1740.0,1.0,6.4832460383816315,5.527687404341895,51.32538068251532
fixed,96.0,C04,1740.0,1740.0,1.0,6.5547166358267015,5.527618958221481,51.32541618723375
fixed,96.0,C05,1740.0,1740.0,1.0,6.623845982654081,5.527554499885703,51.325449622605504
fixed,96.0,C06,1740.0,1740.0,1.0,6.690119272723018,5.527493931448426,51.325481039342414
fixed,96.0,C07,1740.0,1740.0,1.0,6.752997820495817,5.527437142051009,51.32551049489961
fixed,96.0,C08,1740.0,1740.0,1.0,6.811934135287234,5.5273840082016,51.325538053299034
fixed,96.0,C09,1740.0,1740.0,1.0,6.8663933242271,5.527334394078334,51.325563784972
fixed,96.0,S01,1240.0,1240.0,1.0,1.7801868542356862,1.1839896563143384,69.27693276369588
fixed,96.0,S02,1240.0,1240.0,1.0,1.7807389892963663,1.1839827082056171,69.27697838883778
fixed,96.0,S03,1240.0,1240.0,1.0,1.781271806114026,1.1839758471939912,69.2770234414646
fixed,96.0,S04,1240.0,1240.0,1.0,1.781785594284523,1.1839690723541456,69.27706792766018
fixed,96.0,S05,1240.0,1240.0,1.0,1.782280648968229,1.183962382711527,69.27711185383252
fixed,96.0,S06,1240.0,1240.0,1.0,1.7827572707454995,1.1839557772426,69.27715522671176
fixed,96.0,S07,1240.0,1240.0,1.0,1.7832157654721774,1.1839492548750867,69.27719805334904
fixed,96.0,S08,1240.0,1240.0,1.0,1.7836564441354,1.1839428144882114,69.27724034111465
fixed,96.0,S09,1240.0,1240.0,1.0,1.7840796227099638,1.1839364549129332,69.27728209769646
fixed,96.0,C10,1740.0,1740.0,1.0,7.474679259856348,5.526908714823207,51.32578453368806
fixed,96.0,C11,1740.0,1740.0,1.0,7.552138554614863,5.5268724302702115,51.32580334744714
fixed,96.0,C12,1740.0,1740.0,1.0,7.62558793679496,5.526838686783944,51.32582084222828
fixed,96.0,C13,1740.0,1740.0,1.0,7.694469762738377,5.526807272520858,51.3258371279826
fixed,96.0,C14,1740.0,1740.0,1.0,7.758256671723386,5.526777960931859,51.32585232230086
fixed,96.0,C15,1740.0,1740.0,1.0,7.816570017088113,5.526750508438764,51.32586655161927
fixed,96.0,C16,1740.0,1740.0,1.0,7.86958150568617,5.526724650434311,51.32587995329565
fixed,96.0,C17,1740.0,1740.0,1.0,7.9197298547587,5.52670009381155,51.325892679487275
fixed,96.0,C18,1740.0,1740.0,1.0,8.0,5.526677048176355,51.325904618209314
fixed,98.0,C01,0.0,0.0,0.0,6.335166590900118,0.0,50.68881701237722
fixed,98.0,C02,1740.0,1740.0,1.0,6.409915367443772,5.524630561590214,51.32846898810033
fixed,98.0,C03,1740.0,1740.0,1.0,6.4832460383816315,5.52455758952873,51.32850710653876
fixed,98.0,C04,1740.0,1740.0,1.0,6.5547166358267015,5.524488714601267,51.328543083778946
fixed,98.0,C05,1740.0,1740.0,1.0,6.623845982654081,5.5244238517393915,51.328576964185935
fixed,98.0,C06,1740.0,1740.0,1.0,6.690119272723018,5.524362902465248,51.3286087991444
fixed,98.0,C07,1740.0,1740.0,1.0,6.752997820495817,5.524305755249101,51.32863864687191
fixed,98.0,C08,1740.0,1740.0,1.0,6.811934135287234,5.5242522858506575,51.32866657224025
fixed,98.0,C09,1740.0,1740.0,1.0,6.8663933242271,5.524202357624081,51.3286926466157
fixed,98.0,S01,1240.0,1240.0,1.0,1.7801868542356862,1.18333347742499,69.28704347301915
fixed,98.0,S02,1240.0,1240.0,1.0,1.7807389892963663,1.1833264838018376,69.2870898288801
fixed,98.0,S03,1240.0,1240.0,1.0,1.781271806114026,1.1833195778144772,69.28713560307416
fixed,98.0,S04,1240.0,1240.0,1.0,1.781785594284523,1.1833127585322134,69.2871808017821
fixed,98.0,S05,1240.0,1240.0,1.0,1.782280648968229,1.1833060249748049,69.28722543151417
fixed,98.0,S06,1240.0,1240.0,1.0,1.7827572707454995,1.183299376112722,69.28726949910785
fixed,98.0,S07,1240.0,1240.0,1.0,1.7832157654721774,1.183292810867386,69.28731301172685
fixed,98.0,S08,1240.0,1240.0,1.0,1.7836564441354,1.183286328111417,69.28735597685898
fixed,98.0,S09,1240.0,1240.0,1.0,1.7840796227099638,1.1832799266688663,69.28739840231485
fixed,98.0,C10,1740.0,1740.0,1.0,7.474679259856348,5.523773964166287,51.32891633680114
fixed,98.0,C11,1740.0,1740.0,1.0,7.552138554614863,5.5237374463060736,51.32893540140036
fixed,98.0,C12,1740.0,1740.0,1.0,7.62558793679496,5.523703485048471,51.328953129494884
fixed,98.0,C13,1740.0,1740.0,1.0,7.694469762738377,5.52367186726001,51.3289696324964
fixed,98.0,C14,1740.0,1740.0,1.0,7.758256671723386,5.523642365011329,51.32898502955782
fixed,98.0,C15,1740.0,1740.0,1.0,7.816570017088113,5.523614733239378,51.32899944879511
fixed,98.0,C16,1740.0,1740.0,1.0,7.86958150568617,5.523588705722891,51.32901302939103
fixed,98.0,C17,1740.0,1740.0,1.0,7.9197298547587,5.523563987565965,51.32902592552459
fixed,98.0,C18,1740.0,1740.0,1.0,8.0,5.5235407886407115,51.329038023838876
fixed,100.0,C01,0.0,0.0,0.0,6.335166590900118,0.0,50.68431317566945
fixed,100.0,C02,5800.0,5800.0,1.0,6.409915367443772,5.522062794099382,51.98647617663137
fixed,100.0,C03,5800.0,5800.0,1.0,6.4832460383816315,5.5219894498856625,51.98651481632699
fixed,100.0,C04,5800.0,5800.0,1.0,6.5547166358267015,5.521920223138837,51.98655128560984
fixed,100.0,C05,5800.0,5800.0,1.0,6.623845982654081,5.521855028372067,51.98658562944938
fixed,100.0,C06,5800.0,5800.0,1.0,6.690119272723018,5.521793766622238,51.98661789993052
fixed,100.0,C07,5800.0,5800.0,1.0,6.752997820495817,5.521736325809249,51.98664815606443
fixed,100.0,C08,5800.0,5800.0,1.0,6.811934135287234,5.52168258107899,51.98667646360742
fixed,100.0,C09,5800.0,5800.0,1.0,6.8663933242271,5.521632395109865,51.986702894898926
fixed,100.0,S01,1240.0,1240.0,1.0,1.7801868542356862,1.1827950464991077,69.29711485200781
fixed,100.0,S02,1240.0,1240.0,1.0,1.7807389892963663,1.1827880155134662,69.29716193676703
fixed,100.0,S03,1240.0,1240.0,1.0,1.781271806114026,1.1827810726055168,69.29720843073727
fixed,100.0,S04,1240.0,1240.0,1.0,1.781785594284523,1.1827742168401558,69.29725434019596
fixed,100.0,S05,1240.0,1240.0,1.0,1.782280648968229,1.1827674472324785,69.29729967175517
fixed,100.0,S06,1240.0,1240.0,1.0,1.7827572707454995,1.1827607627480405,69.29734443235927
fixed,100.0,S07,1240.0,1240.0,1.0,1.7832157654721774,1.1827541623030986,69.29738862928406
fixed,100.0,S08,1240.0,1240.0,1.0,1.7836564441354,1.1827476447648593,69.29743227013448
fixed,100.0,S09,1240.0,1240.0,1.0,1.7840796227099638,1.1827412089517104,69.2974753628434
fixed,100.0,C10,5800.0,5800.0,1.0,7.474679259856348,5.521201774277768,51.98692964887818
fixed,100.0,C11,5800.0,5800.0,1.0,7.552138554614863,5.521165064937821,51.98694897478219
fixed,100.0,C12,5800.0,5800.0,1.0,7.62558793679496,5.521130924943175,51.98696694593731
fixed,100.0,C13,5800.0,5800.0,1.0,7.694469762738377,5.5210991401024065,51.98698367527549
fixed,100.0,C14,5800.0,5800.0,1.0,7.758256671723386,5.521069481354094,51.986999283575635
fixed,100.0,C15,5800.0,5800.0,1.0,7.816570017088113,5.521041702417332,51.987013900702166
fixed,100.0,C16,5800.0,5800.0,1.0,7.86958150568617,5.521015535747062,51.987027667737436
fixed,100.0,C17,5800.0,5800.0,1.0,7.9197298547587,5.520990684980098,51.98704074096488
fixed,100.0,C18,5800.0,5800.0,1.0,8.0,5.52096736020219,51.98705300561509
fixed,102.0,C01,0.0,0.0,0.0,6.335166590900118,0.0,50.68122483049841
fixed,102.0,C02,5800.0,5800.0,1.0,6.409915367443772,5.892170076933496,52.62200528334793
fixed,102.0,C03,5800.0,5800.0,1.0,6.4832460383816315,5.892150787112542,52.62204385521599
fixed,102.0,C04,5800.0,5800.0,1.0,6.5547166358267015,5.892132600341672,52.622080260309716
fixed,102.0,C05,5800.0,5800.0,1.0,6.623845982654081,5.892115493586999,52.622114543524184
fixed,102.0,C06,5800.0,5800.0,1.0,6.690119272723018,5.8920994402154,52.62214675685794
fixed,102.0,C07,5800.0,5800.0,1.0,6.752997820495817,5.892084410091649,52.62217695922408
fixed,102.0,C08,5800.0,5800.0,1.0,6.811934135287234,5.892070369671207,52.6222052162694
fixed,102.0,C09,5800.0,5800.0,1.0,6.8663933242271,5.8920572820832255,52.622231600212764
fixed,102.0,S01,1240.0,1240.0,1.0,1.7801868542356862,1.2603142734205475,69.3029666492522
fixed,102.0,S02,1240.0,1240.0,1.0,1.7807389892963663,1.2603124858532646,69.30301415902802
fixed,102.0,S03,1240.0,1240.0,1.0,1.781271806114026,1.260310721612946,69.30306107265285
fixed,102.0,S04,1240.0,1240.0,1.0,1.781785594284523,1.2603089804415817,69.30310739646139
fixed,102.0,S05,1240.0,1240.0,1.0,1.782280648968229,1.2603072620680766,69.303153137126
fixed,102.0,S06,1240.0,1240.0,1.0,1.7827572707454995,1.2603055662083322,69.30319830165438
fixed,102.0,S07,1240.0,1240.0,1.0,1.7832157654721774,1.2603038925653054,69.30324289738864
fixed,102.0,S08,1240.0,1240.0,1.0,1.7836564441354,1.2603022408290827,69.30328693200306
fixed,102.0,S09,1240.0,1240.0,1.0,1.7840796227099638,1.260300610676943,69.30333041350276
fixed,102.0,C10,5800.0,5800.0,1.0,7.474679259856348,5.891945556132147,52.622457943110106
fixed,102.0,C11,5800.0,5800.0,1.0,7.552138554614863,5.8919360896880635,52.62247723348364
fixed,102.0,C12,5800.0,5800.0,1.0,7.62558793679496,5.891927309554214,52.62249517139591
fixed,102.0,C13,5800.0,5800.0,1.0,7.694469762738377,5.891919158358816,52.62251186958952
fixed,102.0,C14,5800.0,5800.0,1.0,7.758256671723386,5.891911574770786,52.62252744864065
fixed,102.0,C15,5800.0,5800.0,1.0,7.816570017088113,5.891904492873682,52.622542038195526
fixed,102.0,C16,5800.0,5800.0,1.0,7.86958150568617,5.891897841087639,52.62255577909927
fixed,102.0,C17,5800.0,5800.0,1.0,7.9197298547587,5.891891540155845,52.62256882737224
fixed,102.0,C18,5800.0,5800.0,1.0,8.0,5.891885724823291,52.62258106769888
fixed,104.0,C01,0.0,0.0,0.0,6.335166590900118,0.0,50.6791071080954
fixed,104.0,C02,5800.0,5800.0,1.0,6.409915367443772,6.195309166182952,53.23559562509918
fixed,104.0,C03,5800.0,5800.0,1.0,6.4832460383816315,6.195334792706343,53.23563337240535
fixed,104.0,C04,5800.0,5800.0,1.0,6.5547166358267015,6.195358934033922,53.23566899965521
fixed,104.0,C05,5800.0,5800.0,1.0,6.623845982654081,6.195381621302206,53.23570255077281
fixed,104.0,C06,5800.0,5800.0,1.0,6.690119272723018,6.195402890483651,53.23573407663272
fixed,104.0,C07,5800.0,5800.0,1.0,6.752997820495817,6.19542278225496,53.235763634875326
fixed,104.0,C08,5800.0,5800.0,1.0,6.811934135287234,6.195441341871307,53.23579128972984
fixed,104.0,C09,5800.0,5800.0,1.0,6.8663933242271,6.195458619053721,53.23581711185613
fixed,104.0,S01,1240.0,1240.0,1.0,1.7801868542356862,1.3236783634421085,69.30229920146263
fixed,104.0,S02,1240.0,1240.0,1.0,1.7807389892963663,1.3236806760454196,69.30234667925372
fixed,104.0,S03,1240.0,1240.0,1.0,1.781271806114026,1.323682957533175,69.30239356138233
fixed,104.0,S04,1240.0,1240.0,1.0,1.781785594284523,1.3236852082600246,69.30243985417704
fixed,104.0,S05,1240.0,1240.0,1.0,1.782280648968229,1.3236874285979636,69.30248556430367
fixed,104.0,S06,1240.0,1240.0,1.0,1.7827572707454995,1.3236896189362404,69.3025306987632
fixed,104.0,S07,1240.0,1240.0,1.0,1.7832157654721774,1.3236917796812533,69.30257526489078
fixed,104.0,S08,1240.0,1240.0,1.0,1.7836564441354,1.323693911256459,69.30261927035339
fixed,104.0,S09,1240.0,1240.0,1.0,1.7840796227099638,1.3236960141022869,69.30266272314866
fixed,104.0,C10,5800.0,5800.0,1.0,7.474679259856348,6.195605538407066,53.23603864637701
fixed,104.0,C11,5800.0,5800.0,1.0,7.552138554614863,6.1956179286024895,53.236057528097085
fixed,104.0,C12,5800.0,5800.0,1.0,7.62558793679496,6.195629396716638,53.236075086473626
fixed,104.0,C13,5800.0,5800.0,1.0,7.694469762738377,6.195640019987243,53.23609143181872
fixed,104.0,C14,5800.0,5800.0,1.0,7.758256671723386,6.195649880959661,53.23610668210964
fixed,104.0,C15,5800.0,5800.0,1.0,7.816570017088113,6.195659068326486,53.23612096419877
fixed,104.0,C16,5800.0,5800.0,1.0,7.86958150568617,6.195667678373628,53.236134415896636
fixed,104.0,C17,5800.0,5800.0,1.0,7.9197298547587,6.195675817681316,53.2361471898627
fixed,104.0,C18,5800.0,5800.0,1.0,8.0,6.195683222582089,53.23615917486697
fixed,106.0,C01,0.0,0.0,0.0,6.335166590900118,0.0,50.677654955590484
fixed,106.0,C02,5800.0,5800.0,1.0,6.409915367443772,6.443574438449573,53.82825722266227
fixed,106.0,C03,5800.0,5800.0,1.0,6.4832460383816315,6.443637295302309,53.82829341276148
fixed,106.0,C04,5800.0,5800.0,1.0,6.5547166358267015,6.443696472554962,53.82832757201736
fixed,106.0,C05,5800.0,5800.0,1.0,6.623845982654081,6.443752047565276,53.82835974249232
fixed,106.0,C06,5800.0,5800.0,1.0,6.690119272723018,6.44380410965386,53.82838997290802
fixed,106.0,C07,5800.0,5800.0,1.0,6.752997820495817,6.443852759776375,53.8284183184685
fixed,106.0,C08,5800.0,5800.0,1.0,6.811934135287234,6.443898110210347,53.828444840690736
fixed,106.0,C09,5800.0,5800.0,1.0,6.8663933242271,6.443940284274573,53.82846960725315
fixed,106.0,S01,1240.0,1240.0,1.0,1.7801868542356862,1.3754889773339234,69.29410460315073
fixed,106.0,S02,1240.0,1240.0,1.0,1.7807389892963663,1.3754945318845007,69.2941515365546
fixed,106.0,S03,1240.0,1240.0,1.0,1.781271806114026,1.3755000099331742,69.29419788153895
fixed,106.0,S04,1240.0,1240.0,1.0,1.781785594284523,1.3755054123718782,69.29424364435062
fixed,106.0,S05,1240.0,1240.0,1.0,1.782280648968229,1.3755107401350177,69.29428883156969
fixed,106.0,S06,1240.0,1240.0,1.0,1.7827572707454995,1.375515994199227,69.2943334501073
fixed,106.0,S07,1240.0,1240.0,1.0,1.7832157654721774,1.3755211755831183,69.29437750720479
fixed,106.0,S08,1240.0,1240.0,1.0,1.7836564441354,1.3755262853470496,69.29442101043134
fixed,106.0,S09,1240.0,1240.0,1.0,1.7840796227099638,1.3755313245929028,69.29446396768282
fixed,106.0,C10,5800.0,5800.0,1.0,7.474679259856348,6.444297842352429,53.82868213588534
fixed,106.0,C11,5800.0,5800.0,1.0,7.552138554614863,6.444327886739608,53.828700255078004
fixed,106.0,C12,5800.0,5800.0,1.0,7.62558793679496,6.444355650402251,53.82871710642486
fixed,106.0,C13,5800.0,5800.0,1.0,7.694469762738377,6.444381324677289,53.82873279559745
fixed,106.0,C14,5800.0,5800.0,1.0,7.758256671723386,6.444405114008786,53.82874743561231
fixed,106.0,C15,5800.0,5800.0,1.0,7.816570017088113,6.4444272380219,53.82876114799016
fixed,106.0,C16,5800.0,5800.0,1.0,7.86958150568617,6.444447935095308,53.82877406475194
fixed,106.0,C17,5800.0,5800.0,1.0,7.9197298547587,6.444467469033988,53.82878633214669
fixed,106.0,C18,5800.0,5800.0,1.0,8.0,6.444485136890227,53.828797849721525
fixed,108.0,C01,0.0,0.0,0.0,6.335166590900118,0.0,50.67665919387283
fixed,108.0,C02,5800.0,5800.0,1.0,6.409915367443772,6.64680684263851,54.40111554946682
fixed,108.0,C03,5800.0,5800.0,1.0,6.4832460383816315,6.6468996741197985,54.40114955030509
fixed,108.0,C04,5800.0,5800.0,1.0,6.5547166358267015,6.646987020275164,54.40118164689769
fixed,108.0,C05,5800.0,5800.0,1.0,6.623845982654081,6.647068998444116,54.401211878638144
fixed,108.0,C06,5800.0,5800.0,1.0,6.690119272723018,6.647145743828329,54.40124029116614
fixed,108.0,C07,5800.0,5800.0,1.0,6.752997820495817,6.647217409001049,54.40126693620182
fixed,108.0,C08,5800.0,5800.0,1.0,6.811934135287234,6.647284163439423,54.401291871387045
fixed,108.0,C09,5800.0,5800.0,1.0,6.8663933242271,6.647346193106689,54.4013151601435
fixed,108.0,S01,1240.0,1240.0,1.0,1.7801868542356862,1.418425964622826,69.27819415390071
fixed,108.0,S02,1240.0,1240.0,1.0,1.7807389892963663,1.4184347793571632,69.27824000150642
fixed,108.0,S03,1240.0,1240.0,1.0,1.781271806114026,1.4184434694570782,69.2782852753247
fixed,108.0,S04,1240.0,1240.0,1.0,1.781785594284523,1.418452036197296,69.27832998144595
fixed,108.0,S05,1240.0,1240.0,1.0,1.782280648968229,1.418460480919793,69.2783741262857
fixed,108.0,S06,1240.0,1240.0,1.0,1.7827572707454995,1.4184688050333938,69.27841771658255
fixed,108.0,S07,1240.0,1240.0,1.0,1.7832157654721774,1.4184770100133612,69.27846075939732
fixed,108.0,S08,1240.0,1240.0,1.0,1.7836564441354,1.4184850974010013,69.27850326211065
fixed,108.0,S09,1240.0,1240.0,1.0,1.7840796227099638,1.4184930688032824,69.27854523242203
fixed,108.0,C10,5800.0,5800.0,1.0,7.474679259856348,6.647873126542668,54.40151508740622
fixed,108.0,C11,5800.0,5800.0,1.0,7.552138554614863,6.647917484517664,54.401532140612204
fixed,108.0,C12,5800.0,5800.0,1.0,7.62558793679496,6.647958423297429,54.40154800485777
fixed,108.0,C13,5800.0,5800.0,1.0,7.694469762738377,6.647996230066151,54.40156277920934
fixed,108.0,C14,5800.0,5800.0,1.0,7.758256671723386,6.64803121163464,54.40157656962393
fixed,108.0,C15,5800.0,5800.0,1.0,7.816570017088113,6.648063697546361,54.40158949003645
fixed,108.0,C16,5800.0,5800.0,1.0,7.86958150568617,6.648094045428048,54.40160166423197
fixed,108.0,C17,5800.0,5800.0,1.0,7.9197298547587,6.648122650984023,54.401613229342445
fixed,108.0,C18,5800.0,5800.0,1.0,8.0,6.648148399741776,54.401624102938506
fixed,110.0,C01,0.0,0.0,0.0,6.335166590900118,0.0,50.67597638583787
fixed,110.0,C02,5800.0,5800.0,1.0,6.409915367443772,6.813224050055832,54.95526060264944
fixed,110.0,C03,5800.0,5800.0,1.0,6.4832460383816315,6.813341564079671,54.95529189002539
fixed,110.0,C04,5800.0,5800.0,1.0,6.5547166358267015,6.813452086817556,54.95532143128994
fixed,110.0,C05,5800.0,5800.0,1.0,6.623845982654081,6.8135557691669,54.95534926247353
fixed,110.0,C06,5800.0,5800.0,1.0,6.690119272723018,6.813652784802233,54.95537542533702
fixed,110.0,C07,5800.0,5800.0,1.0,6.752997820495817,6.813743329548078,54.95539996721997
fixed,110.0,C08,5800.0,5800.0,1.0,6.811934135287234,6.813827620781725,54.95542294089533
fixed,110.0,C09,5800.0,5800.0,1.0,6.8663933242271,6.813905896900387,54.955444404439504
fixed,110.0,S01,1240.0,1240.0,1.0,1.7801868542356862,1.4535978802478091,69.25491532378672
fixed,110.0,S02,1240.0,1240.0,1.0,1.7807389892963663,1.4536093072965781,69.25495956685607
fixed,110.0,S03,1240.0,1240.0,1.0,1.781271806114026,1.4536205698988451,69.25500325804836
fixed,110.0,S04,1240.0,1240.0,1.0,1.781785594284523,1.4536316696496587,69.25504640322801
fixed,110.0,S05,1240.0,1240.0,1.0,1.782280648968229,1.4536426082312095,69.25508900857268
fixed,110.0,S06,1240.0,1240.0,1.0,1.7827572707454995,1.4536533874122946,69.25513108057118
fixed,110.0,S07,1240.0,1240.0,1.0,1.7832157654721774,1.4536640090477715,69.25517262602266
fixed,110.0,S08,1240.0,1240.0,1.0,1.7836564441354,1.453674475078033,69.2552136520344
fixed,110.0,S09,1240.0,1240.0,1.0,1.7840796227099638,1.4536847875284877,69.25525416602088
fixed,110.0,C10,5800.0,5800.0,1.0,7.474679259856348,6.814571048752877,54.95562877370486
fixed,110.0,C11,5800.0,5800.0,1.0,7.552138554614863,6.814627047683113,54.95564451168174
fixed,110.0,C12,5800.0,5800.0,1.0,7.62558793679496,6.8146786782675814,54.95565915938431
fixed,110.0,C13,5800.0,5800.0,1.0,7.694469762738377,6.814726307746969,54.95567280760663
fixed,110.0,C14,5800.0,5800.0,1.0,7.758256671723386,6.814770328414595,54.95568555346567
fixed,110.0,C15,5800.0,5800.0,1.0,7.816570017088113,6.814811161581422,54.955697501398696
fixed,110.0,C16,5800.0,5800.0,1.0,7.86958150568617,6.814849264406957,54.95570876488096
fixed,110.0,C17,5800.0,5800.0,1.0,7.9197298547587,6.814885142658637,54.955719469633486
fixed,110.0,C18,5800.0,5800.0,1.0,8.0,6.814917310401256,54.955729558274605
fixed,112.0,C01,0.0,0.0,0.0,6.335166590900118,0.0,50.675508174613896
fixed,112.0,C02,5800.0,5800.0,1.0,6.409915367443772,6.949492519417973,55.4916948861353
fixed,112.0,C03,5800.0,5800.0,1.0,6.4832460383816315,6.949630354983426,55.49172303270542
fixed,112.0,C04,5800.0,5800.0,1.0,6.5547166358267015,6.949759947618287,55.49174961738748
fixed,112.0,C05,5800.0,5800.0,1.0,6.623845982654081,6.949881476205007,55.491774672267155
fixed,112.0,C06,5800.0,5800.0,1.0,6.690119272723018,6.949995146483998,55.49179823455992
fixed,112.0,C07,5800.0,5800.0,1.0,6.752997820495817,6.95010119031263,55.491820346475855
fixed,112.0,C08,5800.0,5800.0,1.0,6.811934135287234,6.950199864960365,55.4918410550898
fixed,112.0,C09,5800.0,5800.0,1.0,6.8663933242271,6.950291452479286,55.49186041222557
fixed,112.0,S01,1240.0,1240.0,1.0,1.7801868542356862,1.4823938577570261,69.2249231107888
fixed,112.0,S02,1240.0,1240.0,1.0,1.7807389892963663,1.4824074162666265,69.22496528004011
fixed,112.0,S03,1240.0,1240.0,1.0,1.781271806114026,1.4824207771985236,69.22500692606208
fixed,112.0,S04,1240.0,1240.0,1.0,1.781785594284523,1.482433942417129,69.22504805443117
fixed,112.0,S05,1240.0,1240.0,1.0,1.782280648968229,1.4824469138904175,69.22508867102167
fixed,112.0,S06,1240.0,1240.0,1.0,1.7827572707454995,1.482459693689355,69.22512878200348
fixed,112.0,S07,1240.0,1240.0,1.0,1.7832157654721774,1.4824722839871707,69.22516839384167
fixed,112.0,S08,1240.0,1240.0,1.0,1.7836564441354,1.482484687058844,69.22520751329414
fixed,112.0,S09,1240.0,1240.0,1.0,1.7840796227099638,1.4824969052802954,69.2252461474108
fixed,112.0,C10,5800.0,5800.0,1.0,7.474679259856348,6.951069570520591,55.49202683432473
fixed,112.0,C11,5800.0,5800.0,1.0,7.552138554614863,6.951135054145493,55.492041056140415
fixed,112.0,C12,5800.0,5800.0,1.0,7.62558793679496,6.951195381256795,55.49205430277118
fixed,112.0,C13,5800.0,5800.0,1.0,7.694469762738377,6.95125098566702,55.49206665535462
fixed,112.0,C14,5800.0,5800.0,1.0,7.758256671723386,6.9513023307415205,55.49207820068983
fixed,112.0,C15,5800.0,5800.0,1.0,7.816570017088113,6.9513499140756965,55.4920890321303
fixed,112.0,C16,5800.0,5800.0,1.0,7.86958150568617,6.951394275553734,55.492099251121246
fixed,112.0,C17,5800.0,5800.0,1.0,7.9197298547587,6.951436012401924,55.49210897007065
fixed,112.0,C18,5800.0,5800.0,1.0,8.0,6.951473311570269,55.49211816308569
fixed,114.0,C01,0.0,0.0,0.0,6.335166590900118,0.0,50.67518711548888
fixed,114.0,C02,5800.0,5800.0,1.0,6.409915367443772,7.061071172560648,56.011323427734055
fixed,114.0,C03,5800.0,5800.0,1.0,6.4832460383816315,7.061225721983339,56.01134808768799
fixed,114.0,C04,5800.0,5800.0,1.0,6.5547166358267015,7.061370991540888,56.011371391357564
fixed,114.0,C05,5800.0,5800.0,1.0,6.623845982654081,7.061507183358798,56.01139336640249
fixed,114.0,C06,5800.0,5800.0,1.0,6.690119272723018,7.061634529799356,56.011414044942306
fixed,114.0,C07,5800.0,5800.0,1.0,6.752997820495817,7.061753292625748,56.011433463439595
fixed,114.0,C08,5800.0,5800.0,1.0,6.811934135287234,7.061863762206961,56.01145166258761
fixed,114.0,C09,5800.0,5800.0,1.0,6.8663933242271,7.061966256809083,56.011468687210005
fixed,114.0,S01,1240.0,1240.0,1.0,1.7801868542356862,1.5059697835698245,69.18902327248875
fixed,114.0,S02,1240.0,1240.0,1.0,1.7807389892963663,1.5059850828560766,69.18906296067061
fixed,114.0,S03,1240.0,1240.0,1.0,1.781271806114026,1.506000157090446,69.1891021602377
fixed,114.0,S04,1240.0,1240.0,1.0,1.781785594284523,1.5060150083624142,69.18914087642506
fixed,114.0,S05,1240.0,1240.0,1.0,1.782280648968229,1.5060296388786392,69.18917911474698
fixed,114.0,S06,1240.0,1240.0,1.0,1.7827572707454995,1.5060440509622675,69.18921688099485
fixed,114.0,S07,1240.0,1240.0,1.0,1.7832157654721774,1.5060582470522066,69.18925418123696
fixed,114.0,S08,1240.0,1240.0,1.0,1.7836564441354,1.5060722297022933,69.1892910218161
fixed,114.0,S09,1240.0,1240.0,1.0,1.7840796227099638,1.506086001580668,69.18932740934899
fixed,114.0,C10,5800.0,5800.0,1.0,7.474679259856348,7.062836756554637,56.01161524503859
fixed,114.0,C11,5800.0,5800.0,1.0,7.552138554614863,7.062909977678859,56.011627789907074
fixed,114.0,C12,5800.0,5800.0,1.0,7.62558793679496,7.062977389765102,56.011639488127315
fixed,114.0,C13,5800.0,5800.0,1.0,7.694469762738377,7.063039481800548,56.01165041004358
fixed,114.0,C14,5800.0,5800.0,1.0,7.758256671723386,7.06309677604726,56.01166063092376
fixed,114.0,C15,5800.0,5800.0,1.0,7.816570017088113,7.063149833308954,56.01167023173544
fixed,114.0,C16,5800.0,5800.0,1.0,7.86958150568617,7.063199262005411,56.01167930048196
fixed,114.0,C17,5800.0,5800.0,1.0,7.9197298547587,7.063245735122106,56.011687934697775
fixed,114.0,C18,5800.0,5800.0,1.0,8.0,7.063287156470414,56.011696145701045
fixed,116.0,C01,0.0,0.0,0.0,6.335166590900118,0.0,50.674966960660306
fixed,116.0,C02,5800.0,5800.0,1.0,6.409915367443772,7.152431565304331,56.51495993787663
fixed,116.0,C03,5800.0,5800.0,1.0,6.4832460383816315,7.152599849813702,56.51498083233086
fixed,116.0,C04,5800.0,5800.0,1.0,6.5547166358267015,7.152757997504846,56.51500059353766
fixed,116.0,C05,5800.0,5800.0,1.0,6.623845982654081,7.152906229749521,56.51501924433558
fixed,116.0,C06,5800.0,5800.0,1.0,6.690119272723018,7.153044800946873,56.51503681129658
fixed,116.0,C07,5800.0,5800.0,1.0,6.752997820495817,7.153173997609352,56.51505332462925
fixed,116.0,C08,5800.0,5800.0,1.0,6.811934135287234,7.153294137493032,56.515068818085325
fixed,116.0,C09,5800.0,5800.0,1.0,6.8663933242271,7.153405568822751,56.51508332887644
fixed,116.0,S01,1240.0,1240.0,1.0,1.7801868542356862,1.525271971876403,69.14806950725348
fixed,116.0,S02,1240.0,1240.0,1.0,1.7807389892963663,1.5252886937952,69.14810637261999
fixed,116.0,S03,1240.0,1240.0,1.0,1.781271806114026,1.5253051679399303,69.14814278908912
fixed,116.0,S04,1240.0,1240.0,1.0,1.781785594284523,1.525321396587288,69.14817876150966
fixed,116.0,S05,1240.0,1240.0,1.0,1.782280648968229,1.5253373821424312,69.1482142949885
fixed,116.0,S06,1240.0,1240.0,1.0,1.7827572707454995,1.5253531271381167,69.14824939488858
fixed,116.0,S07,1240.0,1240.0,1.0,1.7832157654721774,1.5253686342339143,69.14828406682871
fixed,116.0,S08,1240.0,1240.0,1.0,1.7836564441354,1.5253839062153434,69.14831831668147
fixed,116.0,S09,1240.0,1240.0,1.0,1.7840796227099638,1.5253989459931092,69.14835215057269
fixed,116.0,C10,5800.0,5800.0,1.0,7.474679259856348,7.154351645094899,56.51520848839141
fixed,116.0,C11,5800.0,5800.0,1.0,7.552138554614863,7.154431183953091,56.51521922801588
fixed,116.0,C12,5800.0,5800.0,1.0,7.62558793679496,7.154504374788358,56.515229260491964
fixed,116.0,C13,5800.0,5800.0,1.0,7.694469762738377,7.1545717522005186,56.515238644442256
fixed,116.0,C14,5800.0,5800.0,1.0,7.758256671723386,7.154633887136909,56.51524744261278
fixed,116.0,C15,5800.0,5800.0,1.0,7.816570017088113,7.154691392645242,56.51525572252241
fixed,116.0,C16,5800.0,5800.0,1.0,7.86958150568617,7.154744933786446,56.51526355758052
fixed,116.0,C17,5800.0,5800.0,1.0,7.9197298547587,7.154795246150128,56.515271029174755
fixed,116.0,C18,5800.0,5800.0,1.0,8.0,7.154839991510734,56.51527819081769
fixed,118.0,C01,0.0,0.0,0.0,6.335166590900118,0.0,50.67481599734928
fixed,118.0,C02,5800.0,5800.0,1.0,6.409915367443772,7.2272360787208925,57.00333780892937
fixed,118.0,C03,5800.0,5800.0,1.0,6.4832460383816315,7.227415642689235,57.003354713548234
fixed,118.0,C04,5800.0,5800.0,1.0,6.5547166358267015,7.2275843629688215,57.003370722117445
fixed,118.0,C05,5800.0,5800.0,1.0,6.623845982654081,7.2277424768309055,57.00338585233148
fixed,118.0,C06,5800.0,5800.0,1.0,6.690119272723018,7.227890256875224,57.00340012484602
fixed,118.0,C07,5800.0,5800.0,1.0,6.752997820495817,7.228028010051,57.00341356320239
fixed,118.0,C08,5800.0,5800.0,1.0,6.811934135287234,7.2281560767258535,57.00342619375444
fixed,118.0,C09,5800.0,5800.0,1.0,6.8663933242271,7.228274829856221,57.003438045603154
fixed,118.0,S01,1240.0,1240.0,1.0,1.7801868542356862,1.5410751708328645,69.10289911474
fixed,118.0,S02,1240.0,1240.0,1.0,1.7807389892963663,1.5410930559180684,69.10293287903413
fixed,118.0,S03,1240.0,1240.0,1.0,1.781271806114026,1.541110674475735,69.10296623838117
fixed,118.0,S04,1240.0,1240.0,1.0,1.781785594284523,1.5411280289378184,69.10299919720718
fixed,118.0,S05,1240.0,1240.0,1.0,1.782280648968229,1.5411451218739662,69.10303176017293
fixed,118.0,S06,1240.0,1240.0,1.0,1.7827572707454995,1.5411619559906182,69.1030639321721
fixed,118.0,S07,1240.0,1240.0,1.0,1.7832157654721774,1.5411785341301139,69.10309571833119
fixed,118.0,S08,1240.0,1240.0,1.0,1.7836564441354,1.5411948592698002,69.10312712400754
fixed,118.0,S09,1240.0,1240.0,1.0,1.7840796227099638,1.5412109345211775,69.10315815478903
fixed,118.0,C10,5800.0,5800.0,1.0,7.474679259856348,7.229282749709305,57.003540581675054
fixed,118.0,C11,5800.0,5800.0,1.0,7.552138554614863,7.229367450342947,57.003549413873806
fixed,118.0,C12,5800.0,5800.0,1.0,7.62558793679496,7.22944535854423,57.0035576873263
fixed,118.0,C13,5800.0,5800.0,1.0,7.694469762738377,7.229517046547176,57.00356544817856
fixed,118.0,C14,5800.0,5800.0,1.0,7.758256671723386,7.229583125465264,57.003572745849354
fixed,118.0,C15,5800.0,5800.0,1.0,7.816570017088113,7.229644251445202,57.0035796335448
fixed,118.0,C16,5800.0,5800.0,1.0,7.86958150568617,7.229701136270419,57.00358616914399
fixed,118.0,C17,5800.0,5800.0,1.0,7.9197298547587,7.229754567167094,57.00359241685331
fixed,118.0,C18,5800.0,5800.0,1.0,8.0,7.229802000919683,57.003598476660066
fixed,120.0,C01,0.0,0.0,0.0,6.335166590900118,0.0,50.67471247965029
fixed,120.0,C02,5800.0,5800.0,1.0,6.409915367443772,7.311805998994275,57.476848510164146
fixed,120.0,C03,5800.0,5800.0,1.0,6.4832460383816315,7.312236133564129,57.47685843156512
fixed,120.0,C04,5800.0,5800.0,1.0,6.5547166358267015,7.312643262678403,57.47686784068565
fixed,120.0,C05,5800.0,5800.0,1.0,6.623845982654081,7.3130273522114555,57.47687675311635
fixed,120.0,C06,5800.0,5800.0,1.0,6.690119272723018,7.3133884283009,57.4768851863336
fixed,120.0,C07,5800.0,5800.0,1.0,6.752997820495817,7.313726575311929,57.476893159658054
fixed,120.0,C08,5800.0,5800.0,1.0,6.811934135287234,7.314041933575419,57.47690069421775
fixed,120.0,C09,5800.0,5800.0,1.0,6.8663933242271,7.314334696936679,57.476907812920246
fixed,120.0,S01,1240.0,1240.0,1.0,1.7801868542356862,1.5592714219575825,69.054052583043
fixed,120.0,S02,0.0,0.0,0.0,1.7807389892963663,0.0,68.53949180211433
fixed,120.0,S03,1240.0,1240.0,1.0,1.781271806114026,1.5593413051571339,69.05411161523712
fixed,120.0,S04,1240.0,1240.0,1.0,1.781785594284523,1.5593599562257605,69.05414133137273
fixed,120.0,S05,1240.0,1240.0,1.0,1.782280648968229,1.55937832434555,69.05417069834711
fixed,120.0,S06,1240.0,1240.0,1.0,1.7827572707454995,1.5593964124255157,69.05419972054986
fixed,120.0,S07,1240.0,1240.0,1.0,1.7832157654721774,1.559414223521126,69.05422840257843
fixed,120.0,S08,1240.0,1240.0,1.0,1.7836564441354,1.5594317608333461,69.05425674923653
fixed,120.0,S09,1240.0,1240.0,1.0,1.7840796227099638,1.559449027707703,69.05428476553374
fixed,120.0,C10,5800.0,5800.0,1.0,7.474679259856348,7.31571702037605,57.476983008204684
fixed,120.0,C11,5800.0,5800.0,1.0,7.552138554614863,7.31580766354843,57.476989835185286
fixed,120.0,C12,5800.0,5800.0,1.0,7.62558793679496,7.315890998245741,57.47699626049117
fixed,120.0,C13,5800.0,5800.0,1.0,7.694469762738377,7.315967640429595,57.477002317055664
fixed,120.0,C14,5800.0,5800.0,1.0,7.758256671723386,7.316038247879862,57.47700804018502
fixed,120.0,C15,5800.0,5800.0,1.0,7.816570017088113,7.316103526813466,57.47701346793049
fixed,120.0,C16,5800.0,5800.0,1.0,7.86958150568617,7.316164243289641,57.47701864172831
fixed,120.0,C17,5800.0,5800.0,1.0,7.9197298547587,7.316221244513609,57.477023607595484
fixed,120.0,C18,5800.0,5800.0,1.0,8.0,7.316271743217261,57.477028516357386
fixed,122.0,C01,0.0,0.0,0.0,6.335166590900118,0.0,50.674641496085265
fixed,122.0,C02,5800.0,5800.0,1.0,6.409915367443772,7.362115162024619,57.93625145674123
fixed,122.0,C03,5800.0,5800.0,1.0,6.4832460383816315,7.362554485315348,57.936253028931446
fixed,122.0,C04,5800.0,5800.0,1.0,6.5547166358267015,7.3629702453790085,57.93625454060213
fixed,122.0,C05,5800.0,5800.0,1.0,6.623845982654081,7.363362417096074,57.93625600645659
fixed,122.0,C06,5800.0,5800.0,1.0,6.690119272723018,7.363731037331725,57.936257441863546
fixed,122.0,C07,5800.0,5800.0,1.0,6.752997820495817,7.364076202849773,57.93625886285572
fixed,122.0,C08,5800.0,5800.0,1.0,6.811934135287234,7.3643980680009316,57.93626028613656
fixed,122.0,C09,5800.0,5800.0,1.0,6.8663933242271,7.3646968422246,57.93626172909861
fixed,122.0,S01,1240.0,1240.0,1.0,1.7801868542356862,1.5699005587569166,69.00230741957917
fixed,122.0,S02,0.0,0.0,0.0,1.7807389892963663,0.0,68.0622240663705
fixed,122.0,S03,1240.0,1240.0,1.0,1.781271806114026,1.5699721954850094,69.00235695080757
fixed,122.0,S04,1240.0,1240.0,1.0,1.781785594284523,1.5699916017448055,69.00238325060718
fixed,122.0,S05,1240.0,1240.0,1.0,1.782280648968229,1.5700107124849567,69.00240925074698
fixed,122.0,S06,1240.0,1240.0,1.0,1.7827572707454995,1.5700295307336907,69.00243495508589
fixed,122.0,S07,1240.0,1240.0,1.0,1.7832157654721774,1.5700480596718809,69.0024603676644
fixed,122.0,S08,1240.0,1240.0,1.0,1.7836564441354,1.5700663026320425,69.00248549270317
fixed,122.0,S09,1240.0,1240.0,1.0,1.7840796227099638,1.5700842630973448,69.00251033460286
fixed,122.0,C10,5800.0,5800.0,1.0,7.474679259856348,7.366122703688133,57.93630719368325
fixed,122.0,C11,5800.0,5800.0,1.0,7.552138554614863,7.3662168068919565,57.93631194497959
fixed,122.0,C12,5800.0,5800.0,1.0,7.62558793679496,7.366303299016799,57.936316458036714
fixed,122.0,C13,5800.0,5800.0,1.0,7.694469762738377,7.366382821679058,57.93632075203417
fixed,122.0,C14,5800.0,5800.0,1.0,7.758256671723386,7.366456060035946,57.9363248475886
fixed,122.0,C15,5800.0,5800.0,1.0,7.816570017088113,7.366523749676995,57.93632876697754
fixed,122.0,C16,5800.0,5800.0,1.0,7.86958150568617,7.3665866884991695,57.93633253452397
fixed,122.0,C17,5800.0,5800.0,1.0,7.9197298547587,7.36664575888839,57.93633617731508
fixed,122.0,C18,5800.0,5800.0,1.0,8.0,7.366698027508682,57.936339900383004
fixed,124.0,C01,0.0,0.0,0.0,6.335166590900118,0.0,50.67459282164067
fixed,124.0,C02,5800.0,5800.0,1.0,6.409915367443772,7.403306265108948,58.382169566954666
fixed,124.0,C03,5800.0,5800.0,1.0,6.4832460383816315,7.4037531215588945,58.382162152954784
fixed,124.0,C04,5800.0,5800.0,1.0,6.5547166358267015,7.404175956591967,58.38215516275843
fixed,124.0,C05,5800.0,5800.0,1.0,6.623845982654081,7.40457475250382,58.38214861062019
fixed,124.0,C06,5800.0,5800.0,1.0,6.690119272723018,7.404949554989002,58.38214251016683
fixed,124.0,C07,5800.0,5800.0,1.0,6.752997820495817,7.405300471013398,58.38213687443912
fixed,124.0,C08,5800.0,5800.0,1.0,6.811934135287234,7.40562766646154,58.382131715945555
fixed,124.0,C09,5800.0,5800.0,1.0,6.8663933242271,7.405931363599851,58.382127046730965
fixed,124.0,S01,1240.0,1240.0,1.0,1.7801868542356862,1.5786029325050144,68.94834258498202
fixed,124.0,S02,0.0,0.0,0.0,1.7807389892963663,0.0,67.65795021962279
fixed,124.0,S03,1240.0,1240.0,1.0,1.781271806114026,1.5786760040448842,68.9483816092214
fixed,124.0,S04,1240.0,1240.0,1.0,1.781785594284523,1.578696028130328,68.94840436641154
fixed,124.0,S05,1240.0,1240.0,1.0,1.782280648968229,1.5787157463615766,68.94842687553732
fixed,124.0,S06,1240.0,1240.0,1.0,1.7827572707454995,1.5787351618650567,68.94844913990752
fixed,124.0,S07,1240.0,1240.0,1.0,1.7832157654721774,1.5787542779249213,68.9484711629852
fixed,124.0,S08,1240.0,1240.0,1.0,1.7836564441354,1.5787730979820074,68.94849294838644
fixed,124.0,S09,1240.0,1240.0,1.0,1.7840796227099638,1.5787916256328136,68.9485144998805
fixed,124.0,C10,5800.0,5800.0,1.0,7.474679259856348,7.407392864539978,58.38214148709212
fixed,124.0,C11,5800.0,5800.0,1.0,7.552138554614863,7.407489797807481,58.382144110362105
fixed,124.0,C12,5800.0,5800.0,1.0,7.62558793679496,7.407578871333424,58.3821466636495
fixed,124.0,C13,5800.0,5800.0,1.0,7.694469762738377,7.40766074782299,58.38214915196954
fixed,124.0,C14,5800.0,5800.0,1.0,7.758256671723386,7.407736134937371,58.38215158081155
fixed,124.0,C15,5800.0,5800.0,1.0,7.816570017088113,7.407805792409213,58.38215395621007
fixed,124.0,C16,5800.0,5800.0,1.0,7.86958150568617,7.407870544303832,58.382156284866504
fixed,124.0,C17,5800.0,5800.0,1.0,7.9197298547587,7.407931301921807,58.38215857437698
fixed,124.0,C18,5800.0,5800.0,1.0,8.0,7.407985088261366,58.38216108571976
fixed,126.0,C01,0.0,0.0,0.0,6.335166590900118,0.0,50.67455944487867
fixed,126.0,C02,5800.0,5800.0,1.0,6.409915367443772,7.437031649206131,58.81514452607891
fixed,126.0,C03,5800.0,5800.0,1.0,6.4832460383816315,7.437484680037926,58.815127820482175
fixed,126.0,C04,5800.0,5800.0,1.0,6.5547166358267015,7.437913313303928,58.81511203927635
fixed,126.0,C05,5800.0,5800.0,1.0,6.623845982654081,7.43831753739845,58.81509719638292
fixed,126.0,C06,5800.0,5800.0,1.0,6.690119272723018,7.438697405275693,58.815083303763586
fixed,126.0,C07,5800.0,5800.0,1.0,6.752997820495817,7.439053032288144,58.815070371506685
fixed,126.0,C08,5800.0,5800.0,1.0,6.811934135287234,7.4393845938002485,58.81505840792977
fixed,126.0,C09,5800.0,5800.0,1.0,6.8663933242271,7.439692322619929,58.81504741970022
fixed,126.0,S01,1240.0,1240.0,1.0,1.7801868542356862,1.5857278154844936,68.8927422902598
fixed,126.0,S02,0.0,0.0,0.0,1.7807389892963663,0.0,67.31550649061296
fixed,126.0,S03,1240.0,1240.0,1.0,1.781271806114026,1.5858020612008772,68.89277011120926
fixed,126.0,S04,1240.0,1240.0,1.0,1.781785594284523,1.5858225908154284,68.89278923934472
fixed,126.0,S05,1240.0,1240.0,1.0,1.782280648968229,1.5858428060863372,68.89280817250071
fixed,126.0,S06,1240.0,1240.0,1.0,1.7827572707454995,1.5858627102208198,68.89282691342233
fixed,126.0,S07,1240.0,1240.0,1.0,1.7832157654721774,1.5858823065879903,68.89284546498106
fixed,126.0,S08,1240.0,1240.0,1.0,1.7836564441354,1.585901598717785,68.89286383017358
fixed,126.0,S09,1240.0,1240.0,1.0,1.7840796227099638,1.5859205902999083,68.89288201212213
fixed,126.0,C10,5800.0,5800.0,1.0,7.474679259856348,7.441182998908414,58.81503008608394
fixed,126.0,C11,5800.0,5800.0,1.0,7.552138554614863,7.441282247442191,58.815030542149564
fixed,126.0,C12,5800.0,5800.0,1.0,7.62558793679496,7.4413734320398355,58.81503110017806
fixed,126.0,C13,5800.0,5800.0,1.0,7.694469762738377,7.441457232728737,58.81503175070579
fixed,126.0,C14,5800.0,5800.0,1.0,7.758256671723386,7.44153437565418,58.815032483759346
fixed,126.0,C15,5800.0,5800.0,1.0,7.816570017088113,7.441605640378658,58.815033288770806
fixed,126.0,C16,5800.0,5800.0,1.0,7.86958150568617,7.4416718724600495,58.81503415443076
fixed,126.0,C17,5800.0,5800.0,1.0,7.9197298547587,7.441734006946213,58.815035068414495
fixed,126.0,C18,5800.0,5800.0,1.0,8.0,7.441789035542679,58.8150363485491
fixed,128.0,C01,0.0,0.0,0.0,6.335166590900118,0.0,50.67453655795615
fixed,128.0,C02,5800.0,5800.0,1.0,6.409915367443772,7.464644298667526,59.235663947802045
fixed,128.0,C03,5800.0,5800.0,1.0,6.4832460383816315,7.46510238917897,59.23563780075597
fixed,128.0,C04,5800.0,5800.0,1.0,6.5547166358267015,7.4655357734838885,59.23561308715891
fixed,128.0,C05,5800.0,5800.0,1.0,6.623845982654081,7.4659444449881365,59.2355898205881
fixed,128.0,C06,5800.0,5800.0,1.0,6.690119272723018,7.466328462610121,59.2355680113071
fixed,128.0,C07,5800.0,5800.0,1.0,6.752997820495817,7.466687948591231,59.23554766639773
fixed,128.0,C08,5800.0,5800.0,1.0,6.811934135287234,7.467023086081883,59.235528789912195
fixed,128.0,C09,5800.0,5800.0,1.0,6.8663933242271,7.467334116547079,59.23551138304677
fixed,128.0,S01,1240.0,1240.0,1.0,1.7801868542356862,1.5915611643218295,68.83600322477547
fixed,128.0,S02,0.0,0.0,0.0,1.7807389892963663,0.0,67.02543650839287
fixed,128.0,S03,1240.0,1240.0,1.0,1.781271806114026,1.5916363710181234,68.8360193830509
fixed,128.0,S04,1240.0,1240.0,1.0,1.781785594284523,1.5916573143278454,68.83603482873974
fixed,128.0,S05,1240.0,1240.0,1.0,1.782280648968229,1.591677936324551,68.83605013351453
fixed,128.0,S06,1240.0,1240.0,1.0,1.7827572707454995,1.5916982402818642,68.83606529954831
fixed,128.0,S07,1240.0,1240.0,1.0,1.7832157654721774,1.5917182296387256,68.83608032911206
fixed,128.0,S08,1240.0,1240.0,1.0,1.7836564441354,1.5917379079982934,68.83609522457371
fixed,128.0,S09,1240.0,1240.0,1.0,1.7840796227099638,1.5917572791268655,68.83610998839869
fixed,128.0,C10,5800.0,5800.0,1.0,7.474679259856348,7.468848677315528,59.23546181770079
fixed,128.0,C11,5800.0,5800.0,1.0,7.552138554614863,7.468949820258768,59.23546007757873
fixed,128.0,C12,5800.0,5800.0,1.0,7.62558793679496,7.46904273168111,59.23545861416827
fixed,128.0,C13,5800.0,5800.0,1.0,7.694469762738377,7.469128105829579,59.23545740328744
fixed,128.0,C14,5800.0,5800.0,1.0,7.758256671723386,7.469206684022534,59.235456419244784
fixed,128.0,C15,5800.0,5800.0,1.0,7.816570017088113,7.469279262099842,59.23545563459642
fixed,128.0,C16,5800.0,5800.0,1.0,7.86958150568617,7.469346703261124,59.23545501972594
fixed,128.0,C17,5800.0,5800.0,1.0,7.9197298547587,7.469409962046165,59.235454542060985
fixed,128.0,C18,5800.0,5800.0,1.0,8.0,7.46946600416071,59.235454576768596
fixed,130.0,C01,0.0,0.0,0.0,6.335166590900118,0.0,50.67452086406642
fixed,130.0,C02,5800.0,5800.0,1.0,6.409915367443772,7.487252050987135,59.64417561371477
fixed,130.0,C03,5800.0,5800.0,1.0,6.4832460383816315,7.487714287043853,59.64413995248626
fixed,130.0,C04,5800.0,5800.0,1.0,6.5547166358267015,7.488151563749526,59.644106238255944
fixed,130.0,C05,5800.0,5800.0,1.0,6.623845982654081,7.488563878625371,59.644074484201916
fixed,130.0,C06,5800.0,5800.0,1.0,6.690119272723018,7.488951295486528,59.64404469882211
fixed,130.0,C07,5800.0,5800.0,1.0,6.752997820495817,7.489313942229565,59.64401688611194
fixed,130.0,C08,5800.0,5800.0,1.0,6.811934135287234,7.48965200839585,59.643991045766626
fixed,130.0,C09,5800.0,5800.0,1.0,6.8663933242271,7.489965742555787,59.64396717340817
fixed,130.0,S01,1240.0,1240.0,1.0,1.7801868542356862,1.5963370984423098,68.77854341277589
fixed,130.0,S02,0.0,0.0,0.0,1.7807389892963663,0.0,66.77973017051234
fixed,130.0,S03,1240.0,1240.0,1.0,1.781271806114026,1.5964130916916028,68.77854762958546
fixed,130.0,S04,1240.0,1240.0,1.0,1.781785594284523,1.5964343735776827,68.77855936656474
fixed,130.0,S05,1240.0,1240.0,1.0,1.782280648968229,1.5964553284321708,68.77857101725289
fixed,130.0,S06,1240.0,1240.0,1.0,1.7827572707454995,1.596475959583234,68.77858258324655
fixed,130.0,S07,1240.0,1240.0,1.0,1.7832157654721774,1.596496270527161,68.77859406621165
fixed,130.0,S08,1240.0,1240.0,1.0,1.7836564441354,1.5965162649272417,68.77860546788263
fixed,130.0,S09,1240.0,1240.0,1.0,1.7840796227099638,1.5965359466126692,68.77861679006305
fixed,130.0,C10,5800.0,5800.0,1.0,7.474679259856348,7.491499856897514,59.64388509243003
fixed,130.0,C11,5800.0,5800.0,1.0,7.552138554614863,7.491602550084825,59.643881135355656
fixed,130.0,C12,5800.0,5800.0,1.0,7.62558793679496,7.491696874274691,59.64387763182503
fixed,130.0,C13,5800.0,5800.0,1.0,7.694469762738377,7.4917835353811455,59.64387454275928
fixed,130.0,C14,5800.0,5800.0,1.0,7.758256671723386,7.49186328717161,59.64387182655893
fixed,130.0,C15,5800.0,5800.0,1.0,7.816570017088113,7.491936938840787,59.64386943870041
fixed,130.0,C16,5800.0,5800.0,1.0,7.86958150568617,7.49200536806225,59.64386733103997
fixed,130.0,C17,5800.0,5800.0,1.0,7.9197298547587,7.492069545367296,59.64386545051444
fixed,130.0,C18,5800.0,5800.0,1.0,8.0,7.4921264149206905,59.64386422989951
fixed,132.0,C01,0.0,0.0,0.0,6.335166590900118,0.0,50.674510102542044
fixed,132.0,C02,5800.0,5800.0,1.0,6.409915367443772,7.505761998118104,60.04109564405751
fixed,132.0,C03,5800.0,5800.0,1.0,6.4832460383816315,7.506227630290009,60.04105043756616
fixed,132.0,C04,5800.0,5800.0,1.0,6.5547166358267015,7.506668095552715,60.041007693877674
fixed,132.0,C05,5800.0,5800.0,1.0,6.623845982654081,7.507083394804975,60.040967425706704
fixed,132.0,C06,5800.0,5800.0,1.0,6.690119272723018,7.5074735958801515,60.04092963971413
fixed,132.0,C07,5800.0,5800.0,1.0,6.752997820495817,7.507838831314898,60.04089433673058
fixed,132.0,C08,5800.0,5800.0,1.0,6.811934135287234,7.508179295893952,60.04086151200913
fixed,132.0,C09,5800.0,5800.0,1.0,6.8663933242271,7.508495244016875,60.04083115550577
fixed,132.0,S01,1240.0,1240.0,1.0,1.7801868542356862,1.600247297272919,68.72071155312265
fixed,132.0,S02,0.0,0.0,0.0,1.7807389892963663,0.0,66.57160244901353
fixed,132.0,S03,1240.0,1240.0,1.0,1.781271806114026,1.6003239343463163,68.72070368681662
fixed,132.0,S04,1240.0,1240.0,1.0,1.781785594284523,1.6003454933509529,68.72071171087092
fixed,132.0,S05,1240.0,1240.0,1.0,1.782280648968229,1.6003667206336596,68.72071970346632
fixed,132.0,S06,1240.0,1240.0,1.0,1.7827572707454995,1.600387619567374,68.72072766562215
fixed,132.0,S07,1240.0,1240.0,1.0,1.7832157654721774,1.600408193695457,68.72073559839833
fixed,132.0,S08,1240.0,1240.0,1.0,1.7836564441354,1.6004284467305512,68.72074350289473
fixed,132.0,S09,1240.0,1240.0,1.0,1.7840796227099638,1.6004483825534683,68.720751380252
fixed,132.0,C10,5800.0,5800.0,1.0,7.474679259856348,7.510045366617472,60.040716390468845
fixed,132.0,C11,5800.0,5800.0,1.0,7.552138554614863,7.510149328532301,60.040710202462634
fixed,132.0,C12,5800.0,5800.0,1.0,7.62558793679496,7.510244808713312,60.04070464631727
fixed,132.0,C13,5800.0,5800.0,1.0,7.694469762738377,7.510332522643342,60.04069966792944
fixed,132.0,C14,5800.0,5800.0,1.0,7.758256671723386,7.5104132342998575,60.04069520965564
fixed,132.0,C15,5800.0,5800.0,1.0,7.816570017088113,7.510487763830318,60.04069120974714
fixed,132.0,C16,5800.0,5800.0,1.0,7.86958150568617,7.51055700077866,60.04068760137538
fixed,132.0,C17,5800.0,5800.0,1.0,7.9197298547587,7.510621928790874,60.04068431081285
fixed,132.0,C18,5800.0,5800.0,1.0,8.0,7.510679474225226,60.040681828576375
fixed,134.0,C01,0.0,0.0,0.0,6.335166590900118,0.0,50.674502723211035
fixed,134.0,C02,5800.0,5800.0,1.0,6.409915367443772,7.520916851492423,60.42681370340035
fixed,134.0,C03,5800.0,5800.0,1.0,6.4832460383816315,7.5213852655281705,60.42675894571146
fixed,134.0,C04,5800.0,5800.0,1.0,6.5547166358267015,7.521828342519425,60.426707167477396
fixed,134.0,C05,5800.0,5800.0,1.0,6.623845982654081,7.522246086135686,60.42665838088899
fixed,134.0,C06,5800.0,5800.0,1.0,6.690119272723018,7.522638567506242,60.42661259070617
fixed,134.0,C07,5800.0,5800.0,1.0,6.752997820495817,7.523005922973421,60.426569794527616
fixed,134.0,C08,5800.0,5800.0,1.0,6.811934135287234,7.523348351622146,60.426529983093815
fixed,134.0,C09,5800.0,5800.0,1.0,6.8663933242271,7.523666112632338,60.426493140621005
fixed,134.0,S01,1240.0,1240.0,1.0,1.7801868542356862,1.6034486937648322,68.66279614616198
fixed,134.0,S02,0.0,0.0,0.0,1.7807389892963663,0.0,66.39530602609689
fixed,134.0,S03,1240.0,1240.0,1.0,1.781271806114026,1.6035258578575844,68.66277615879021
fixed,134.0,S04,1240.0,1240.0,1.0,1.781785594284523,1.6035476436922058,68.66278048345504
fixed,134.0,S05,1240.0,1240.0,1.0,1.782280648968229,1.6035690939591858,68.66278483141875
fixed,134.0,S06,1240.0,1240.0,1.0,1.7827572707454995,1.603590212068195,68.66278920312527
fixed,134.0,S07,1240.0,1240.0,1.0,1.7832157654721774,1.6036110016012113,68.66279359903032
fixed,134.0,S08,1240.0,1240.0,1.0,1.7836564441354,1.6036314663113675,68.66279801960125
fixed,134.0,S09,1240.0,1240.0,1.0,1.7840796227099638,1.6036516101218194,68.66280246531781
fixed,134.0,C10,5800.0,5800.0,1.0,7.474679259856348,7.5252293411558915,60.42634560739234
fixed,134.0,C11,5800.0,5800.0,1.0,7.552138554614863,7.525334341483501,60.42633718015518
fixed,134.0,C12,5800.0,5800.0,1.0,7.62558793679496,7.525430767656225,60.42632956407742
fixed,134.0,C13,5800.0,5800.0,1.0,7.694469762738377,7.52551934300231,60.4263226899464
fixed,134.0,C14,5800.0,5800.0,1.0,7.758256671723386,7.525600839870277,60.42631648398431
fixed,134.0,C15,5800.0,5800.0,1.0,7.816570017088113,7.525676087387451,60.426310867120606
fixed,134.0,C16,5800.0,5800.0,1.0,7.86958150568617,7.525745984829844,60.42630575373757
fixed,134.0,C17,5800.0,5800.0,1.0,7.9197298547587,7.525811526595503,60.42630104932828
fixed,134.0,C18,5800.0,5800.0,1.0,8.0,7.525869624349908,60.42629730218814
fixed,136.0,C01,0.0,0.0,0.0,6.335166590900118,0.0,50.67449766309834
fixed,136.0,C02,5800.0,5800.0,1.0,6.409915367443772,7.533324723294125,60.80169666223696
fixed,136.0,C03,5800.0,5800.0,1.0,6.4832460383816315,7.533795415838518,60.801632364478515
fixed,136.0,C04,5800.0,5800.0,1.0,6.5547166358267015,7.534240631909026,60.80157156268345
fixed,136.0,C05,5800.0,5800.0,1.0,6.623845982654081,7.534660377447288,60.8015142684667
fixed,136.0,C06,5800.0,5800.0,1.0,6.690119272723018,7.535054726285137,60.80146048463443
fixed,136.0,C07,5800.0,5800.0,1.0,6.752997820495817,7.535423817885195,60.80141020549997
fixed,136.0,C08,5800.0,5800.0,1.0,6.811934135287234,7.5357678548579425,60.801363417237134
fixed,136.0,C09,5800.0,5800.0,1.0,6.8663933242271,7.536087100302368,60.801320098267595
fixed,136.0,S01,1240.0,1240.0,1.0,1.7801868542356862,1.6060697731610005,68.60503401283994
fixed,136.0,S02,0.0,0.0,0.0,1.7807389892963663,0.0,66.24597258550868
fixed,136.0,S03,1240.0,1240.0,1.0,1.781271806114026,1.606147368675268,68.60500194445909
fixed,136.0,S04,1240.0,1240.0,1.0,1.781785594284523,1.6061693401859256,68.60500259742776
fixed,136.0,S05,1240.0,1240.0,1.0,1.782280648968229,1.6061909729766044,68.6050033281496
fixed,136.0,S06,1240.0,1240.0,1.0,1.7827572707454995,1.6062122704871025,68.60500413649713
fixed,136.0,S07,1240.0,1240.0,1.0,1.7832157654721774,1.6062332363310676,68.60500502232611
fixed,136.0,S08,1240.0,1240.0,1.0,1.7836564441354,1.606253874294836,68.60500598547577
fixed,136.0,S09,1240.0,1240.0,1.0,1.7840796227099638,1.6062741883362892,68.60500702576961
fixed,136.0,C10,5800.0,5800.0,1.0,7.474679259856348,7.537661058714384,60.801139778588514
fixed,136.0,C11,5800.0,5800.0,1.0,7.552138554614863,7.537766909001683,60.801129108617914
fixed,136.0,C12,5800.0,5800.0,1.0,7.62558793679496,7.537864109385684,60.80111942965985
fixed,136.0,C13,5800.0,5800.0,1.0,7.694469762738377,7.537953389625354,60.80111065734364
fixed,136.0,C14,5800.0,5800.0,1.0,7.758256671723386,7.538035528930718,60.801102701705574
fixed,136.0,C15,5800.0,5800.0,1.0,7.816570017088113,7.538111363789567,60.80109546629816
fixed,136.0,C16,5800.0,5800.0,1.0,7.86958150568617,7.538181801454833,60.80108884665504
fixed,136.0,C17,5800.0,5800.0,1.0,7.9197298547587,7.5382478451374215,60.80108272742455
fixed,136.0,C18,5800.0,5800.0,1.0,8.0,7.538306394396951,60.801077714644265
fixed,138.0,C01,0.0,0.0,0.0,6.335166590900118,0.0,50.67449419330678
fixed,138.0,C02,5800.0,5800.0,1.0,6.409915367443772,7.5434835146456525,61.16609138010467
fixed,138.0,C03,5800.0,5800.0,1.0,6.4832460383816315,7.543956073285697,61.166017566183655
fixed,138.0,C04,5800.0,5800.0,1.0,6.5547166358267015,7.544403041206835,61.16594776383104
fixed,138.0,C05,5800.0,5800.0,1.0,6.623845982654081,7.544824426213424,61.16588198404279
fixed,138.0,C06,5800.0,5800.0,1.0,6.690119272723018,7.545220304352671,61.165820227629915
fixed,138.0,C07,5800.0,5800.0,1.0,6.752997820495817,7.545590817644863,61.165762485580444
fixed,138.0,C08,5800.0,5800.0,1.0,6.811934135287234,7.54593617159022,61.16570873946296
fixed,138.0,C09,5800.0,5800.0,1.0,6.8663933242271,7.5462566324998965,61.1656589618673
fixed,138.0,S01,1240.0,1240.0,1.0,1.7801868542356862,1.6082157298889583,68.54761800847332
fixed,138.0,S02,0.0,0.0,0.0,1.7807389892963663,0.0,66.11947837701044
fixed,138.0,S03,1240.0,1240.0,1.0,1.781271806114026,1.6082936785780142,68.5475739574368
fixed,138.0,S04,1240.0,1240.0,1.0,1.781785594284523,1.6083158020830874,68.54757097758144
fixed,138.0,S05,1240.0,1240.0,1.0,1.782280648968229,1.6083375842847698,68.54756812944689
fixed,138.0,S06,1240.0,1240.0,1.0,1.7827572707454995,1.608359028647559,68.54756541233992
fixed,138.0,S07,1240.0,1240.0,1.0,1.7832157654721774,1.6083801388110681,68.54756282552252
fixed,138.0,S08,1240.0,1240.0,1.0,1.7836564441354,1.6084009185888546,68.54756036821209
fixed,138.0,S09,1240.0,1240.0,1.0,1.7840796227099638,1.6084213719672662,68.54755803958251
fixed,138.0,C10,5800.0,5800.0,1.0,7.474679259856348,7.547839375589917,61.165445891247835
fixed,138.0,C11,5800.0,5800.0,1.0,7.552138554614863,7.547945921618842,61.16543297911467
fixed,138.0,C12,5800.0,5800.0,1.0,7.62558793679496,7.548043755673114,61.16542123803812
fixed,138.0,C13,5800.0,5800.0,1.0,7.694469762738377,7.548133612781697,61.165410568471835
fixed,138.0,C14,5800.0,5800.0,1.0,7.758256671723386,7.548216277777607,61.16540086424747
fixed,138.0,C15,5800.0,5800.0,1.0,7.816570017088113,7.548292593180476,61.16539201152081
fixed,138.0,C16,5800.0,5800.0,1.0,7.86958150568617,7.548363472780182,61.16538388695567
fixed,138.0,C17,5800.0,5800.0,1.0,7.9197298547587,7.548429927009552,61.165376354332594
fixed,138.0,C18,5800.0,5800.0,1.0,8.0,7.548488845465563,61.16537007733346
fixed,140.0,C01,0.0,0.0,0.0,6.335166590900118,0.0,50.67449181402113
fixed,140.0,C02,1740.0,1740.0,1.0,6.409915367443772,7.551800886495106,60.86598161646324
fixed,140.0,C03,1740.0,1740.0,1.0,6.4832460383816315,7.552274973374183,60.86589843564574
fixed,140.0,C04,1740.0,1740.0,1.0,6.5547166358267015,7.55272337593831,60.86581977423908
fixed,140.0,C05,1740.0,1740.0,1.0,6.623845982654081,7.553146103518528,60.865745642588934
fixed,140.0,C06,1740.0,1740.0,1.0,6.690119272723018,7.553543233977655,60.86567603949983
fixed,140.0,C07,1740.0,1740.0,1.0,6.752997820495817,7.553914911432031,60.865610952642434
fixed,140.0,C08,1740.0,1740.0,1.0,6.811934135287234,7.5542613437499595,60.86555035900662
fixed,140.0,C09,1740.0,1740.0,1.0,6.8663933242271,7.554582799874849,60.865494225394556
fixed,140.0,S01,1240.0,1240.0,1.0,1.7801868542356862,1.6099726896006152,68.49070385920025
fixed,140.0,S02,0.0,0.0,0.0,1.7807389892963663,0.0,66.01233034157663
fixed,140.0,S03,1240.0,1240.0,1.0,1.781271806114026,1.6100509274160455,68.49064796705619
fixed,140.0,S04,1240.0,1240.0,1.0,1.781785594284523,1.6100731753475201,68.49064140197508
fixed,140.0,S05,1240.0,1240.0,1.0,1.782280648968229,1.6100950798588143,68.49063502195071
fixed,140.0,S06,1240.0,1240.0,1.0,1.7827572707454995,1.6101166444346713,68.4906288257314
fixed,140.0,S07,1240.0,1240.0,1.0,1.7832157654721774,1.610137872735987,68.49062281199282
fixed,140.0,S08,1240.0,1240.0,1.0,1.7836564441354,1.6101587685986278,68.4906169793384
fixed,140.0,S09,1240.0,1240.0,1.0,1.7840796227099638,1.6101793360322758,68.49061132630064
fixed,140.0,C10,1740.0,1740.0,1.0,7.474679259856348,7.556172735115585,60.86524887026377
fixed,140.0,C11,1740.0,1740.0,1.0,7.552138554614863,7.556279850672182,60.86523374600693
fixed,140.0,C12,1740.0,1740.0,1.0,7.62558793679496,7.556378203398395,60.86521997060436
fixed,140.0,C13,1740.0,1740.0,1.0,7.694469762738377,7.556468532641222,60.86520742952213
fixed,140.0,C14,1740.0,1740.0,1.0,7.758256671723386,7.556551627840931,60.86519600058837
fixed,140.0,C15,1740.0,1740.0,1.0,7.816570017088113,7.556628336459333,60.865185552778264
fixed,140.0,C16,1740.0,1740.0,1.0,7.86958150568617,7.556699577642344,60.86517594412042
fixed,140.0,C17,1740.0,1740.0,1.0,7.9197298547587,7.556766367739979,60.86516701778731
fixed,140.0,C18,1740.0,1740.0,1.0,8.0,7.556825588158183,60.86515949419731
fixed,142.0,C01,0.0,0.0,0.0,6.335166590900118,0.0,50.67449018251098
fixed,142.0,C02,1740.0,1740.0,1.0,6.409915367443772,7.183136147152305,60.580739225134934
fixed,142.0,C03,1740.0,1740.0,1.0,6.4832460383816315,7.1835428408851625,60.5806475264985
fixed,142.0,C04,1740.0,1740.0,1.0,6.5547166358267015,7.18392794635613,60.58056080288051
fixed,142.0,C05,1740.0,1740.0,1.0,6.623845982654081,7.184291406661981,60.58047906492056
fixed,142.0,C06,1740.0,1740.0,1.0,6.690119272723018,7.184633220789643,60.58040231052297
fixed,142.0,C07,1740.0,1740.0,1.0,6.752997820495817,7.184953441707192,60.580330525304625
fixed,142.0,C08,1740.0,1740.0,1.0,6.811934135287234,7.185252174229647,60.58026368309296
fixed,142.0,C09,1740.0,1740.0,1.0,6.8663933242271,7.185529572686089,60.58020174646722
fixed,142.0,S01,1240.0,1240.0,1.0,1.7801868542356862,1.5320844629850872,68.4378609425384
fixed,142.0,S02,0.0,0.0,0.0,1.7807389892963663,0.0,65.92156965273858
fixed,142.0,S03,1240.0,1240.0,1.0,1.781271806114026,1.5321498554732402,68.43779383238979
fixed,142.0,S04,1240.0,1240.0,1.0,1.781785594284523,1.5321665718628195,68.43778394912447
fixed,142.0,S05,1240.0,1240.0,1.0,1.782280648968229,1.532183037193404,68.43777429991702
fixed,142.0,S06,1240.0,1240.0,1.0,1.7827572707454995,1.532199254072666,68.4377648829995
fixed,142.0,S07,1240.0,1240.0,1.0,1.7832157654721774,1.532215225239154,68.4377556965056
fixed,142.0,S08,1240.0,1240.0,1.0,1.7836564441354,1.5322309535612157,68.4377467384713
fixed,142.0,S09,1240.0,1240.0,1.0,1.7840796227099638,1.5322464420362285,68.43773800683638
fixed,142.0,C10,1740.0,1740.0,1.0,7.474679259856348,7.186800489199292,60.57992827358846
fixed,142.0,C11,1740.0,1740.0,1.0,7.552138554614863,7.186882264549097,60.579911272564715
fixed,142.0,C12,1740.0,1740.0,1.0,7.62558793679496,7.186957499764617,60.57989576880135
fixed,142.0,C13,1740.0,1740.0,1.0,7.694469762738377,7.187026745711687,60.57988163527032
fixed,142.0,C14,1740.0,1740.0,1.0,7.758256671723386,7.187090590698186,60.579868736456525
fixed,142.0,C15,1740.0,1740.0,1.0,7.816570017088113,7.187149666400438,60.579856927008265
fixed,142.0,C16,1740.0,1740.0,1.0,7.86958150568617,7.18720465807453,60.57984604941166
fixed,142.0,C17,1740.0,1740.0,1.0,7.9197298547587,7.187256323630086,60.57983592964808
fixed,142.0,C18,1740.0,1740.0,1.0,8.0,7.187302236821099,60.57982733592702
fixed,144.0,C01,0.0,0.0,0.0,6.335166590900118,0.0,50.67448906376116
fixed,144.0,C02,1740.0,1740.0,1.0,6.409915367443772,6.881377444720911,60.31046714256146
fixed,144.0,C03,1740.0,1740.0,1.0,6.4832460383816315,6.881729503786731,60.31036794887739
fixed,144.0,C04,1740.0,1740.0,1.0,6.5547166358267015,6.882063243808307,60.31027412302353
fixed,144.0,C05,1740.0,1740.0,1.0,6.623845982654081,6.882378555964929,60.3101856771329
fixed,144.0,C06,1740.0,1740.0,1.0,6.690119272723018,6.882675377236682,60.3101026096057
fixed,144.0,C07,1740.0,1740.0,1.0,6.752997820495817,6.882953688790644,60.3100249055921
fixed,144.0,C08,1740.0,1740.0,1.0,6.811934135287234,6.883213514136075,60.30995253752955
fixed,144.0,C09,1740.0,1740.0,1.0,6.8663933242271,6.8834549170666826,60.309885465727206
fixed,144.0,S01,1240.0,1240.0,1.0,1.7801868542356862,1.4683131447049047,68.39109600948264
fixed,144.0,S02,0.0,0.0,0.0,1.7807389892963663,0.0,65.8446900104287
fixed,144.0,S03,1240.0,1240.0,1.0,1.781271806114026,1.4683679667386669,68.39101856743127
fixed,144.0,S04,1240.0,1240.0,1.0,1.781785594284523,1.468380125010282,68.39100575562087
fixed,144.0,S05,1240.0,1240.0,1.0,1.782280648968229,1.4683921054895026,68.39099322058178
fixed,144.0,S06,1240.0,1240.0,1.0,1.7827572707454995,1.4684039100990154,68.39098096008992
fixed,144.0,S07,1240.0,1240.0,1.0,1.7832157654721774,1.4684155408558983,68.3909689718003
fixed,144.0,S08,1240.0,1240.0,1.0,1.7836564441354,1.4684269998709816,68.39095725324785
fixed,144.0,S09,1240.0,1240.0,1.0,1.7840796227099638,1.468438289348292,68.39094580184897
fixed,144.0,C10,1740.0,1740.0,1.0,7.474679259856348,6.884464139207223,60.309589058199236
fixed,144.0,C11,1740.0,1740.0,1.0,7.552138554614863,6.884524999736351,60.309570602749
fixed,144.0,C12,1740.0,1740.0,1.0,7.62558793679496,6.884581089559025,60.309553756741614
fixed,144.0,C13,1740.0,1740.0,1.0,7.694469762738377,6.884632809890731,60.309538383723115
fixed,144.0,C14,1740.0,1740.0,1.0,7.758256671723386,6.884680589297543,60.309524338109384
fixed,144.0,C15,1740.0,1740.0,1.0,7.816570017088113,6.88472488802487,60.30951146373455
fixed,144.0,C16,1740.0,1740.0,1.0,7.86958150568617,6.884766205455284,60.309499591349955
fixed,144.0,C17,1740.0,1740.0,1.0,7.9197298547587,6.884805094039068,60.309488533953626
fixed,144.0,C18,1740.0,1740.0,1.0,8.0,6.884839902916665,60.30947909336665
fixed,146.0,C01,0.0,0.0,0.0,6.335166590900118,0.0,50.67448829661843
fixed,146.0,C02,1740.0,1740.0,1.0,6.409915367443772,6.634374891588931,60.05429536606688
fixed,146.0,C03,1740.0,1740.0,1.0,6.4832460383816315,6.634682583153437,60.05418968720858
fixed,146.0,C04,1740.0,1740.0,1.0,6.5547166358267015,6.634974572299462,60.05408970765729
fixed,146.0,C05,1740.0,1740.0,1.0,6.623845982654081,6.635250709357892,60.053995442213804
fixed,146.0,C06,1740.0,1740.0,1.0,6.690119272723018,6.635510882385052,60.05390689114115
fixed,146.0,C07,1740.0,1740.0,1.0,6.752997820495817,6.635755015782528,60.05382404067666
fixed,146.0,C08,1740.0,1740.0,1.0,6.811934135287234,6.6359830686841015,60.05374686360328
fixed,146.0,C09,1740.0,1740.0,1.0,6.8663933242271,6.636195033116514,60.0536753198723
fixed,146.0,S01,1240.0,1240.0,1.0,1.7801868542356862,1.416100440150034,68.35138803231797
fixed,146.0,S02,0.0,0.0,0.0,1.7807389892963663,0.0,65.77956843106034
fixed,146.0,S03,1240.0,1240.0,1.0,1.781271806114026,1.416146560423646,68.35130127101927
fixed,146.0,S04,1240.0,1240.0,1.0,1.781785594284523,1.4161549613443565,68.35128598145214
fixed,146.0,S05,1240.0,1240.0,1.0,1.782280648968229,1.4161632427788344,68.3512710042046
fixed,146.0,S06,1240.0,1240.0,1.0,1.7827572707454995,1.4161714061127526,68.35125633666414
fixed,146.0,S07,1240.0,1240.0,1.0,1.7832157654721774,1.41617945279696,68.35124197607831
fixed,146.0,S08,1240.0,1240.0,1.0,1.7836564441354,1.4161873843470691,68.35122791955581
fixed,146.0,S09,1240.0,1240.0,1.0,1.7840796227099638,1.4161952023431186,68.35121416406803
fixed,146.0,C10,1740.0,1740.0,1.0,7.474679259856348,6.636989420950474,60.05336116740066
fixed,146.0,C11,1740.0,1740.0,1.0,7.552138554614863,6.637033016504868,60.05334168295592
fixed,146.0,C12,1740.0,1740.0,1.0,7.62558793679496,6.637073254311284,60.053323884607465
fixed,146.0,C13,1740.0,1740.0,1.0,7.694469762738377,6.637110416375607,60.05330762947891
fixed,146.0,C14,1740.0,1740.0,1.0,7.758256671723386,6.637144803978779,60.05329276512282
fixed,146.0,C15,1740.0,1740.0,1.0,7.816570017088113,6.637176740727195,60.053279127999424
fixed,146.0,C16,1740.0,1740.0,1.0,7.86958150568617,6.63720657780738,60.05326654085524
fixed,146.0,C17,1740.0,1740.0,1.0,7.9197298547587,6.637234703801269,60.05325480782814
fixed,146.0,C18,1740.0,1740.0,1.0,8.0,6.637260027412521,60.05324475041843
fixed,148.0,C01,0.0,0.0,0.0,6.335166590900118,0.0,50.67448777057769
fixed,148.0,C02,1740.0,1740.0,1.0,6.409915367443772,6.4321807800659405,59.81104318889711
fixed,148.0,C03,1740.0,1740.0,1.0,6.4832460383816315,6.432452324966907,59.810931957114796
fixed,148.0,C04,1740.0,1740.0,1.0,6.5547166358267015,6.432710270548659,59.81082670030997
fixed,148.0,C05,1740.0,1740.0,1.0,6.623845982654081,6.432954434952876,59.81072743699404
fixed,148.0,C06,1740.0,1740.0,1.0,6.690119272723018,6.433184667558053,59.810634170510674
fixed,148.0,C07,1740.0,1740.0,1.0,6.752997820495817,6.43340084778608,59.810546889572045
fixed,148.0,C08,1740.0,1740.0,1.0,6.811934135287234,6.433602883674651,59.81046556885937
fixed,148.0,C09,1740.0,1740.0,1.0,6.8663933242271,6.4337907102131675,59.8103901696795
fixed,148.0,S01,1240.0,1240.0,1.0,1.7801868542356862,1.3734023601243115,68.319043015914
fixed,148.0,S02,0.0,0.0,0.0,1.7807389892963663,0.0,65.72440662265419
fixed,148.0,S03,1240.0,1240.0,1.0,1.781271806114026,1.3734408876458535,68.31894800818345
fixed,148.0,S04,1240.0,1240.0,1.0,1.781785594284523,1.3734461666490219,68.31893071444576
fixed,148.0,S05,1240.0,1240.0,1.0,1.782280648968229,1.3734513727489754,68.31891376119347
fixed,148.0,S06,1240.0,1240.0,1.0,1.7827572707454995,1.3734565068984042,68.31889714549509
fixed,148.0,S07,1240.0,1240.0,1.0,1.7832157654721774,1.373461570090986,68.318880864264
fixed,148.0,S08,1240.0,1240.0,1.0,1.7836564441354,1.373466563361161,68.31886491425952
fixed,148.0,S09,1240.0,1240.0,1.0,1.7840796227099638,1.3734714877839134,68.31884929208861
fixed,148.0,C10,1740.0,1740.0,1.0,7.474679259856348,6.43440844564975,59.81006308396943
fixed,148.0,C11,1740.0,1740.0,1.0,7.552138554614863,6.434437791720882,59.810042965846044
fixed,148.0,C12,1740.0,1740.0,1.0,7.62558793679496,6.434464911779449,59.810024578358345
fixed,148.0,C13,1740.0,1740.0,1.0,7.694469762738377,6.434489992561429,59.810007774916556
fixed,148.0,C14,1740.0,1740.0,1.0,7.758256671723386,6.434513233596291,59.809992399102306
fixed,148.0,C15,1740.0,1740.0,1.0,7.816570017088113,6.4345348492312855,59.80997828310661
fixed,148.0,C16,1740.0,1740.0,1.0,7.86958150568617,6.434555072118358,59.809965245038306
fixed,148.0,C17,1740.0,1740.0,1.0,7.9197298547587,6.43457415972714,59.809953083898286
fixed,148.0,C18,1740.0,1740.0,1.0,8.0,6.434591427914862,59.80994262890586
fixed,150.0,C01,0.0,0.0,0.0,6.335166590900118,0.0,50.67448740986404
fixed,150.0,C02,1740.0,1740.0,1.0,6.409915367443772,6.2665799825161015,59.579493146134986
fixed,150.0,C03,1740.0,1740.0,1.0,6.4832460383816315,6.266821567028356,59.579377202988354
fixed,150.0,C04,1740.0,1740.0,1.0,6.5547166358267015,6.267051269898669,59.5792674609905
fixed,150.0,C05,1740.0,1740.0,1.0,6.623845982654081,6.267268884357518,59.57916394323379
fixed,150.0,C06,1740.0,1740.0,1.0,6.690119272723018,6.267474229599095,59.579066657166905
fixed,150.0,C07,1740.0,1740.0,1.0,6.752997820495817,6.267667149739611,59.57897559515112
fixed,150.0,C08,1740.0,1740.0,1.0,6.811934135287234,6.267847512541084,59.57889073508547
fixed,150.0,C09,1740.0,1740.0,1.0,6.8663933242271,6.2680152078913745,59.57881204109333
fixed,150.0,S01,1240.0,1240.0,1.0,1.7801868542356862,1.3388423035427124,68.29392032991395
fixed,150.0,S02,0.0,0.0,0.0,1.7807389892963663,0.0,65.67768132612193
fixed,150.0,S03,1240.0,1240.0,1.0,1.781271806114026,1.3388759142175122,68.29381808506581
fixed,150.0,S04,1240.0,1240.0,1.0,1.781785594284523,1.3388790990447952,68.29379923552942
fixed,150.0,S05,1240.0,1240.0,1.0,1.782280648968229,1.338882240567828,68.29378074780445
fixed,150.0,S06,1240.0,1240.0,1.0,1.7827572707454995,1.338885339344765,68.29376261871022
fixed,150.0,S07,1240.0,1240.0,1.0,1.7832157654721774,1.3388883959581703,68.29374484489924
fixed,150.0,S08,1240.0,1240.0,1.0,1.7836564441354,1.3388914110148873,68.29372742285827
fixed,150.0,S09,1240.0,1240.0,1.0,1.7840796227099638,1.3388943851459107,68.29371034891008
fixed,150.0,C10,1740.0,1740.0,1.0,7.474679259856348,6.268486060124677,59.57847633981594
fixed,150.0,C11,1740.0,1740.0,1.0,7.552138554614863,6.268503644916834,59.578455940606595
fixed,150.0,C12,1740.0,1740.0,1.0,7.62558793679496,6.268519913228748,59.57843728868943
fixed,150.0,C13,1740.0,1740.0,1.0,7.694469762738377,6.26853497538563,59.57842023610855
fixed,150.0,C14,1740.0,1740.0,1.0,7.758256671723386,6.268548949286822,59.57840462498139
fixed,150.0,C15,1740.0,1740.0,1.0,7.816570017088113,6.268561961604058,59.578390285921216
fixed,150.0,C16,1740.0,1740.0,1.0,7.86958150568617,6.268574149845306,59.5783770353191
fixed,150.0,C17,1740.0,1740.0,1.0,7.9197298547587,6.268585666209671,59.578364670268456
fixed,150.0,C18,1740.0,1740.0,1.0,8.0,6.268596125568303,59.578354018034794
fixed,152.0,C01,0.0,0.0,0.0,6.335166590900118,0.0,50.67448716251754
fixed,152.0,C02,1740.0,1740.0,1.0,6.409915367443772,6.130681282676396,59.358504309811444
fixed,152.0,C03,1740.0,1740.0,1.0,6.4832460383816315,6.130898407661024,59.35838439788615
fixed,152.0,C04,1740.0,1740.0,1.0,6.5547166358267015,6.131105038974803,59.358270870332255
fixed,152.0,C05,1740.0,1740.0,1.0,6.623845982654081,6.131300949956623,59.358163755528
fixed,152.0,C06,1740.0,1740.0,1.0,6.690119272723018,6.131485935645732,59.35806306586487
fixed,152.0,C07,1740.0,1740.0,1.0,6.752997820495817,6.131659811862034,59.357968798319874
fixed,152.0,C08,1740.0,1740.0,1.0,6.811934135287234,6.131822414051714,59.357880935101775
fixed,152.0,C09,1740.0,1740.0,1.0,6.8663933242271,6.1319735958833625,59.357799444364105
fixed,152.0,S01,1240.0,1240.0,1.0,1.7801868542356862,1.3104562105651494,68.27562741295868
fixed,152.0,S02,0.0,0.0,0.0,1.7807389892963663,0.0,65.63810225141223
fixed,152.0,S03,1240.0,1240.0,1.0,1.781271806114026,1.3104857174579971,68.27551886550046
fixed,152.0,S04,1240.0,1240.0,1.0,1.781785594284523,1.3104871497999764,68.27549887714326
fixed,152.0,S05,1240.0,1240.0,1.0,1.782280648968229,1.3104885629223901,68.27547926569675
fixed,152.0,S06,1240.0,1240.0,1.0,1.7827572707454995,1.3104899570700632,68.2754600277979
fixed,152.0,S07,1240.0,1240.0,1.0,1.7832157654721774,1.3104913324986787,68.2754411599084
fixed,152.0,S08,1240.0,1240.0,1.0,1.7836564441354,1.3104926894747198,68.27542265831572
fixed,152.0,S09,1240.0,1240.0,1.0,1.7840796227099638,1.3104940282754174,68.27540451913502
fixed,152.0,C10,1740.0,1740.0,1.0,7.474679259856348,6.132323589400314,59.35745889823096
fixed,152.0,C11,1740.0,1740.0,1.0,7.552138554614863,6.132331453988369,59.35743852444549
fixed,152.0,C12,1740.0,1740.0,1.0,7.62558793679496,6.132338736367095,59.3574198909774
fixed,152.0,C13,1740.0,1740.0,1.0,7.694469762738377,6.1323454852850965,59.357402850490054
fixed,152.0,C14,1740.0,1740.0,1.0,7.758256671723386,6.132351752843715,59.35738724575749
fixed,152.0,C15,1740.0,1740.0,1.0,7.816570017088113,6.132357595027374,59.35737290809307
fixed,152.0,C16,1740.0,1740.0,1.0,7.86958150568617,6.132363072616927,59.35735965464176
fixed,152.0,C17,1740.0,1740.0,1.0,7.9197298547587,6.132368252895641,59.35734728332428
fixed,152.0,C18,1740.0,1740.0,1.0,8.0,6.132372972745439,59.35733661187735
fixed,154.0,C01,0.0,0.0,0.0,6.335166590900118,0.0,50.67448699290851
fixed,154.0,C02,1740.0,1740.0,1.0,6.409915367443772,6.019156706348845,59.147048420067996
fixed,154.0,C03,1740.0,1740.0,1.0,6.4832460383816315,6.019353843488112,59.14692518548058
fixed,154.0,C04,1740.0,1740.0,1.0,6.5547166358267015,6.0195416109856845,59.146808481723816
fixed,154.0,C05,1740.0,1740.0,1.0,6.623845982654081,6.019719766241946,59.146698343016425
fixed,154.0,C06,1740.0,1740.0,1.0,6.690119272723018,6.019888084903079,59.14659478735997
fixed,154.0,C07,1740.0,1740.0,1.0,6.752997820495817,6.020046360039759,59.14649781712386
fixed,154.0,C08,1740.0,1740.0,1.0,6.811934135287234,6.0201944010910715,59.14640741970947
fixed,154.0,C09,1740.0,1740.0,1.0,6.8663933242271,6.020332032554382,59.14632356828642
fixed,154.0,S01,1240.0,1240.0,1.0,1.7801868542356862,1.2871444209376528,68.26362690884312
fixed,154.0,S02,0.0,0.0,0.0,1.7807389892963663,0.0,65.60457644695227
fixed,154.0,S03,1240.0,1240.0,1.0,1.781271806114026,1.2871705114311498,68.2635129130003
fixed,154.0,S04,1240.0,1240.0,1.0,1.781785594284523,1.2871704816018432,68.2634921679294
fixed,154.0,S05,1240.0,1240.0,1.0,1.782280648968229,1.287170452168333,68.26347180927826
fixed,154.0,S06,1240.0,1240.0,1.0,1.7827572707454995,1.2871704231256305,68.2634518335635
fixed,154.0,S07,1240.0,1240.0,1.0,1.7832157654721774,1.28717039446852,68.26343223712085
fixed,154.0,S08,1240.0,1240.0,1.0,1.7836564441354,1.2871703661915603,68.26341301610644
fixed,154.0,S09,1240.0,1240.0,1.0,1.7840796227099638,1.2871703382890929,68.26339416649857
fixed,154.0,C10,1740.0,1740.0,1.0,7.474679259856348,6.020582587827443,59.1459814067746
fixed,154.0,C11,1740.0,1740.0,1.0,7.552138554614863,6.020582424791919,59.14596131954477
fixed,154.0,C12,1740.0,1740.0,1.0,7.62558793679496,6.020582273711294,59.145942945993234
fixed,154.0,C13,1740.0,1740.0,1.0,7.694469762738377,6.02058213358532,59.14592614105158
fixed,154.0,C14,1740.0,1740.0,1.0,7.758256671723386,6.020582003344851,59.14591074991245
fixed,154.0,C15,1740.0,1740.0,1.0,7.816570017088113,6.0205818818409425,59.1458966064821
fixed,154.0,C16,1740.0,1740.0,1.0,7.86958150568617,6.020581767826091,59.14588353071395
fixed,154.0,C17,1740.0,1740.0,1.0,7.9197298547587,6.020581659919177,59.14587132362978
fixed,154.0,C18,1740.0,1740.0,1.0,8.0,6.020581561346259,59.14586078763293
fixed,156.0,C01,0.0,0.0,0.0,6.335166590900118,0.0,50.67448687660518
fixed,156.0,C02,1740.0,1740.0,1.0,6.409915367443772,5.927634318740794,58.94421780958573
fixed,156.0,C03,1740.0,1740.0,1.0,6.4832460383816315,5.927815109334677,58.944091809133575
fixed,156.0,C04,1740.0,1740.0,1.0,6.5547166358267015,5.92798744236012,58.94397245479412
fixed,156.0,C05,1740.0,1740.0,1.0,6.623845982654081,5.928151062405299,58.94385978704874
fixed,156.0,C06,1740.0,1740.0,1.0,6.690119272723018,5.928305729499675,58.94375383002568
fixed,156.0,C07,1740.0,1740.0,1.0,6.752997820495817,5.928451218371993,58.9436545920951
fixed,156.0,C08,1740.0,1740.0,1.0,6.811934135287234,5.9285873174740065,58.9435620665483
fixed,156.0,C09,1740.0,1740.0,1.0,6.8663933242271,5.92871382774584,58.94347623235463
fixed,156.0,S01,1240.0,1240.0,1.0,1.7801868542356862,1.2680021421319596,68.25730968238375
fixed,156.0,S02,0.0,0.0,0.0,1.7807389892963663,0.0,65.57617811846853
fixed,156.0,S03,1240.0,1240.0,1.0,1.781271806114026,1.2680253948167521,68.2571910106497
fixed,156.0,S04,1240.0,1240.0,1.0,1.781785594284523,1.2680241481987682,68.25716985458124
fixed,156.0,S05,1240.0,1240.0,1.0,1.782280648968229,1.2680229179664912,68.25714908948126
fixed,156.0,S06,1240.0,1240.0,1.0,1.7827572707454995,1.2680217039150086,68.25712871180221
fixed,156.0,S07,1240.0,1240.0,1.0,1.7832157654721774,1.2680205058301242,68.25710871781276
fixed,156.0,S08,1240.0,1240.0,1.0,1.7836564441354,1.2680193234883979,68.25708910359911
fixed,156.0,S09,1240.0,1240.0,1.0,1.7840796227099638,1.2680181566571846,68.25706986506688
fixed,156.0,C10,1740.0,1740.0,1.0,7.474679259856348,5.928882582201734,58.943135177429845
fixed,156.0,C11,1740.0,1740.0,1.0,7.552138554614863,5.9288757942675305,58.94311559528715
fixed,156.0,C12,1740.0,1740.0,1.0,7.62558793679496,5.9288695000814675,58.94309768408179
fixed,156.0,C13,1740.0,1740.0,1.0,7.694469762738377,5.928863658358279,58.94308130236143
fixed,156.0,C14,1740.0,1740.0,1.0,7.758256671723386,5.928858224965137,58.94306629917787
fixed,156.0,C15,1740.0,1740.0,1.0,7.816570017088113,5.928853152471299,58.94305251257824
fixed,156.0,C16,1740.0,1740.0,1.0,7.86958150568617,5.928848389372701,58.94303976700502
fixed,156.0,C17,1740.0,1740.0,1.0,7.9197298547587,5.928843878643672,58.94302786844154
fixed,156.0,C18,1740.0,1740.0,1.0,8.0,5.928839742642353,58.94301759969431
fixed,158.0,C01,0.0,0.0,0.0,6.335166590900118,0.0,50.67448679685432
fixed,158.0,C02,1740.0,1740.0,1.0,6.409915367443772,5.852526537729384,58.74922078327285
fixed,158.0,C03,1740.0,1740.0,1.0,6.4832460383816315,5.852693951136809,58.74909249343191
fixed,158.0,C04,1740.0,1740.0,1.0,6.5547166358267015,5.852853648344289,58.74897093872787
fixed,158.0,C05,1740.0,1740.0,1.0,6.623845982654081,5.853005363610716,58.74885616621257
fixed,158.0,C06,1740.0,1740.0,1.0,6.690119272723018,5.853148844355419,58.748748206527225
fixed,158.0,C07,1740.0,1740.0,1.0,6.752997820495817,5.853283850480789,58.74864707450522
fixed,158.0,C08,1740.0,1740.0,1.0,6.811934135287234,5.853410153460118,58.74855276986398
fixed,158.0,C09,1740.0,1740.0,1.0,6.8663933242271,5.85352753516494,58.74846527798031
fixed,158.0,S01,1240.0,1240.0,1.0,1.7801868542356862,1.2522852120555088,68.2560439625686
fixed,158.0,S02,0.0,0.0,0.0,1.7807389892963663,0.0,65.5521230637529
fixed,158.0,S03,1240.0,1240.0,1.0,1.781271806114026,1.2523061120795689,68.25592130705454
fixed,158.0,S04,1240.0,1240.0,1.0,1.781785594284523,1.2523038551382395,68.25590004922178
fixed,158.0,S05,1240.0,1240.0,1.0,1.782280648968229,1.2523016276284924,68.25587918254988
fixed,158.0,S06,1240.0,1240.0,1.0,1.7827572707454995,1.252299429184899,68.25585870347714
fixed,158.0,S07,1240.0,1240.0,1.0,1.7832157654721774,1.252297259425309,68.25583860825753
fixed,158.0,S08,1240.0,1240.0,1.0,1.7836564441354,1.2522951179509307,68.25581889296225
fixed,158.0,S09,1240.0,1240.0,1.0,1.7840796227099638,1.2522930043464404,68.25579955348124
fixed,158.0,C10,1740.0,1740.0,1.0,7.474679259856348,5.853629012497731,58.74812759083098
fixed,158.0,C11,1740.0,1740.0,1.0,7.552138554614863,5.853616761205333,58.74810869352324
fixed,158.0,C12,1740.0,1740.0,1.0,7.62558793679496,5.853605395052092,58.748091411434004
fixed,158.0,C13,1740.0,1740.0,1.0,7.694469762738377,5.85359484006515,58.74807560781159
fixed,158.0,C14,1740.0,1740.0,1.0,7.758256671723386,5.853585017163823,58.74806113672639
fixed,158.0,C15,1740.0,1740.0,1.0,7.816570017088113,5.853575841351868,58.74804784161255
fixed,158.0,C16,1740.0,1740.0,1.0,7.86958150568617,5.853567220326842,58.74803555275484
fixed,158.0,C17,1740.0,1740.0,1.0,7.9197298547587,5.853559051882732,58.74802408259666
fixed,158.0,C18,1740.0,1740.0,1.0,8.0,5.853551482684713,58.74801419230746
fixed,160.0,C01,0.0,0.0,0.0,6.335166590900118,0.0,50.674486742168014
fixed,160.0,C02,1740.0,1740.0,1.0,6.409915367443772,5.790889333505707,58.56137165730153
fixed,160.0,C03,1740.0,1740.0,1.0,6.4832460383816315,5.791045793967716,58.56124148369429
fixed,160.0,C04,1740.0,1740.0,1.0,6.5547166358267015,5.791195141752402,58.56111811225178
fixed,160.0,C05,1740.0,1740.0,1.0,6.623845982654081,5.791337102769252,58.5610015968071
fixed,160.0,C06,1740.0,1740.0,1.0,6.690119272723018,5.791471414230688,58.56089197478978
fixed,160.0,C07,1740.0,1740.0,1.0,6.752997820495817,5.7915978240269546,58.5607892678344
fixed,160.0,C08,1740.0,1740.0,1.0,6.811934135287234,5.7917160898663855,58.56069348248309
fixed,160.0,C09,1740.0,1740.0,1.0,6.8663933242271,5.791825978152593,58.56060461097745
fixed,160.0,S01,1240.0,1240.0,1.0,1.7801868542356862,1.2393817920498662,68.259207668449
fixed,160.0,S02,0.0,0.0,0.0,1.7807389892963663,0.0,65.53174701740555
fixed,160.0,S03,1240.0,1240.0,1.0,1.781271806114026,1.239400744842371,68.25908164415952
fixed,160.0,S04,1240.0,1240.0,1.0,1.781785594284523,1.2393976506123536,68.25906055825428
fixed,160.0,S05,1240.0,1240.0,1.0,1.782280648968229,1.2393945964664799,68.25903985991225
fixed,160.0,S06,1240.0,1240.0,1.0,1.7827572707454995,1.2393915819100112,68.2590195456016
fixed,160.0,S07,1240.0,1240.0,1.0,1.7832157654721774,1.2393886064254096,68.25899961160768
fixed,160.0,S08,1240.0,1240.0,1.0,1.7836564441354,1.2393856694724534,68.25898005403475
fixed,160.0,S09,1240.0,1240.0,1.0,1.7840796227099638,1.2393827704883624,68.25896086880729
fixed,160.0,C10,1740.0,1740.0,1.0,7.474679259856348,5.791872136564905,58.560272143708026
fixed,160.0,C11,1740.0,1740.0,1.0,7.552138554614863,5.791855382826651,58.56025407645591
fixed,160.0,C12,1740.0,1740.0,1.0,7.62558793679496,5.791839832687769,58.560237558419985
fixed,160.0,C13,1740.0,1740.0,1.0,7.694469762738377,5.791825385605578,58.560222458407196
fixed,160.0,C14,1740.0,1740.0,1.0,7.758256671723386,5.7918119340882575,58.56020863642394
fixed,160.0,C15,1740.0,1740.0,1.0,7.816570017088113,5.791799362596214,58.56019594227766
fixed,160.0,C16,1740.0,1740.0,1.0,7.86958150568617,5.791787545650417,58.56018421316682
fixed,160.0,C17,1740.0,1740.0,1.0,7.9197298547587,5.791776344299265,58.5601732691814
fixed,160.0,C18,1740.0,1740.0,1.0,8.0,5.791765922423844,58.56016384895665
fixed,162.0,C01,0.0,0.0,0.0,6.335166590900118,0.0,50.67448670466884
fixed,162.0,C02,1740.0,1740.0,1.0,6.409915367443772,5.740306744561936,58.38007890565999
fixed,162.0,C03,1740.0,1740.0,1.0,6.4832460383816315,5.7404542331867905,58.37994719227394
fixed,162.0,C04,1740.0,1740.0,1.0,6.5547166358267015,5.740595101079931,58.37982232973283
fixed,162.0,C05,1740.0,1740.0,1.0,6.623845982654081,5.7407290673861935,58.37970437878044
fixed,162.0,C06,1740.0,1740.0,1.0,6.690119272723018,5.740855861038693,58.37959338381669
fixed,162.0,C07,1740.0,1740.0,1.0,6.752997820495817,5.740975220176217,58.3794893735105
fixed,162.0,C08,1740.0,1740.0,1.0,6.811934135287234,5.741086891326055,58.37939236151128
fixed,162.0,C09,1740.0,1740.0,1.0,6.8663933242271,5.741190628321875,58.37930234725563
fixed,162.0,S01,1240.0,1240.0,1.0,1.7801868542356862,1.228788987874106,68.26620886290047
fixed,162.0,S02,0.0,0.0,0.0,1.7807389892963663,0.0,65.51448730755837
fixed,162.0,S03,1240.0,1240.0,1.0,1.781271806114026,1.2288063312661766,68.26608001228566
fixed,162.0,S04,1240.0,1240.0,1.0,1.781785594284523,1.2288025442748671,68.26605933812635
fixed,162.0,S05,1240.0,1240.0,1.0,1.782280648968229,1.2287988060723771,68.26603904466485
fixed,162.0,S06,1240.0,1240.0,1.0,1.7827572707454995,1.2287951160595256,68.26601912843735
fixed,162.0,S07,1240.0,1240.0,1.0,1.7832157654721774,1.2287914736093506,68.2659995858006
fixed,162.0,S08,1240.0,1240.0,1.0,1.7836564441354,1.2287878780672536,68.26598041293364
fixed,162.0,S09,1240.0,1240.0,1.0,1.7840796227099638,1.2287843287511395,68.26596160583914
fixed,162.0,C10,1740.0,1740.0,1.0,7.474679259856348,5.741191311484982,58.37897659491443
fixed,162.0,C11,1740.0,1740.0,1.0,7.552138554614863,5.741170849477666,58.37895947273853
fixed,162.0,C12,1740.0,1740.0,1.0,7.62558793679496,5.741151850545954,58.37894382578708
fixed,162.0,C13,1740.0,1740.0,1.0,7.694469762738377,5.741134192516981,58.378929529091145
fixed,162.0,C14,1740.0,1740.0,1.0,7.758256671723386,5.741117744767033,58.37891644930491
fixed,162.0,C15,1740.0,1740.0,1.0,7.816570017088113,5.741102366885641,58.378904443374495
fixed,162.0,C16,1740.0,1740.0,1.0,7.86958150568617,5.74108790637543,58.37889335624364
fixed,162.0,C17,1740.0,1740.0,1.0,7.9197298547587,5.741074194356091,58.37888301657012
fixed,162.0,C18,1740.0,1740.0,1.0,8.0,5.741061406991421,58.37887414016637
fixed,164.0,C01,0.0,0.0,0.0,6.335166590900118,0.0,50.67448667895511
fixed,164.0,C02,1740.0,1740.0,1.0,6.409915367443772,5.6987999628909165,58.204833050708665
fixed,164.0,C03,1740.0,1740.0,1.0,6.4832460383816315,5.698940100601274,58.20470008847776
fixed,164.0,C04,1740.0,1740.0,1.0,6.5547166358267015,5.699074018984823,58.20457401052137
fixed,164.0,C05,1740.0,1740.0,1.0,6.623845982654081,5.699201431695175,58.20445488455596
fixed,164.0,C06,1740.0,1740.0,1.0,6.690119272723018,5.6993220609379005,58.20434276205641
fixed,164.0,C07,1740.0,1740.0,1.0,6.752997820495817,5.69943563692258,58.204237678871856
fixed,164.0,C08,1740.0,1740.0,1.0,6.811934135287234,5.699541897080261,58.204139655944644
fixed,164.0,C09,1740.0,1740.0,1.0,6.8663933242271,5.6996405850145235,58.20404870013041
fixed,164.0,S01,1240.0,1240.0,1.0,1.7801868542356862,1.220094358423205,68.27649780965315
fixed,164.0,S02,0.0,0.0,0.0,1.7807389892963663,0.0,65.49986731804076
fixed,164.0,S03,1240.0,1240.0,1.0,1.781271806114026,1.2201103733428644,68.27636660793988
fixed,164.0,S04,1240.0,1240.0,1.0,1.781785594284523,1.2201060140108595,68.27634655362199
fixed,164.0,S05,1240.0,1240.0,1.0,1.782280648968229,1.2201017105846308,68.27632687034385
fixed,164.0,S06,1240.0,1240.0,1.0,1.7827572707454995,1.2200974623804377,68.27630755474249
fixed,164.0,S07,1240.0,1240.0,1.0,1.7832157654721774,1.2200932686826769,68.2762886032804
fixed,164.0,S08,1240.0,1240.0,1.0,1.7836564441354,1.22008912874405,68.27627001224732
fixed,164.0,S09,1240.0,1240.0,1.0,1.7840796227099638,1.2200850417857192,68.27625177776143
fixed,164.0,C10,1740.0,1740.0,1.0,7.474679259856348,5.699603897058216,58.203730850315054
fixed,164.0,C11,1740.0,1740.0,1.0,7.552138554614863,5.699580382825796,58.20371476219818
fixed,164.0,C12,1740.0,1740.0,1.0,7.62558793679496,5.699558543315536,58.2037000692578
fixed,164.0,C13,1740.0,1740.0,1.0,7.694469762738377,5.699538238724255,58.20368665325263
fixed,164.0,C14,1740.0,1740.0,1.0,7.758256671723386,5.6995193195719915,58.2036743880234
fixed,164.0,C15,1740.0,1740.0,1.0,7.816570017088113,5.6995016251724255,58.20366313823438
fixed,164.0,C16,1740.0,1740.0,1.0,7.86958150568617,5.699484980999367,58.203652757204274
fixed,164.0,C17,1740.0,1740.0,1.0,7.9197298547587,5.699469193768093,58.2036430828566
fixed,164.0,C18,1740.0,1740.0,1.0,8.0,5.699454448475334,58.20363480822798
fixed,166.0,C01,0.0,0.0,0.0,6.335166590900118,0.0,50.67448666132285
fixed,166.0,C02,1740.0,1740.0,1.0,6.409915367443772,5.664741308181001,58.03519529932064
fixed,166.0,C03,1740.0,1740.0,1.0,6.4832460383816315,5.664875421497387,58.035061333899584
fixed,166.0,C04,1740.0,1740.0,1.0,6.5547166358267015,5.665003643316503,58.03493427354229
fixed,166.0,C05,1740.0,1740.0,1.0,6.623845982654081,5.665125682826769,58.03481419294466
fixed,166.0,C06,1740.0,1740.0,1.0,6.690119272723018,5.665241256758585,58.03470115069737
fixed,166.0,C07,1740.0,1740.0,1.0,6.752997820495817,5.665350088864594,58.0345951899036
fixed,166.0,C08,1740.0,1740.0,1.0,6.811934135287234,5.665451909165433,58.03449633890431
fixed,166.0,C09,1740.0,1740.0,1.0,6.8663933242271,5.66554645292781,58.034404612110315
fixed,166.0,S01,1240.0,1240.0,1.0,1.7801868542356862,1.2129582705290203,68.28957325410589
fixed,166.0,S02,0.0,0.0,0.0,1.7807389892963663,0.0,65.48748332691996
fixed,166.0,S03,1240.0,1240.0,1.0,1.781271806114026,1.2129731899922414,68.28944011504166
fixed,166.0,S04,1240.0,1240.0,1.0,1.781785594284523,1.2129683583649746,68.2894208593831
fixed,166.0,S05,1240.0,1240.0,1.0,1.782280648968229,1.2129635884655101,68.28940196274122
fixed,166.0,S06,1240.0,1240.0,1.0,1.7827572707454995,1.2129588795415005,68.28938342188162
fixed,166.0,S07,1240.0,1240.0,1.0,1.7832157654721774,1.2129542308053933,68.28936523340181
fixed,166.0,S08,1240.0,1240.0,1.0,1.7836564441354,1.2129496414346128,68.28934739373263
fixed,166.0,S09,1240.0,1240.0,1.0,1.7840796227099638,1.2129451105717302,68.28932989913962
fixed,166.0,C10,1740.0,1740.0,1.0,7.474679259856348,5.665479060953525,58.03409559072349
fixed,166.0,C11,1740.0,1740.0,1.0,7.552138554614863,5.6654530357355775,58.034080603478465
fixed,166.0,C12,1740.0,1740.0,1.0,7.62558793679496,5.66542885804214,58.03406692692006
fixed,166.0,C13,1740.0,1740.0,1.0,7.694469762738377,5.665406373684202,58.03405444990325
fixed,166.0,C14,1740.0,1740.0,1.0,7.758256671723386,5.665385417794317,58.03404305384973
fixed,166.0,C15,1740.0,1740.0,1.0,7.816570017088113,5.6653658131388225,58.0340326115663
fixed,166.0,C16,1740.0,1740.0,1.0,7.86958150568617,5.665347367212003,58.034022985207976
fixed,166.0,C17,1740.0,1740.0,1.0,7.9197298547587,5.665329866808863,58.03401402247537
fixed,166.0,C18,1740.0,1740.0,1.0,8.0,5.665313503333332,58.034006393867884
fixed,168.0,C01,0.0,0.0,0.0,6.335166590900118,0.0,50.67448664923216
fixed,168.0,C02,1740.0,1740.0,1.0,6.409915367443772,5.636794333241144,57.870787193968376
fixed,168.0,C03,1740.0,1740.0,1.0,6.4832460383816315,5.636923508194102,57.870652432628866
fixed,168.0,C04,1740.0,1740.0,1.0,6.5547166358267015,5.637047059602318,57.870524586689946
fixed,168.0,C05,1740.0,1740.0,1.0,6.623845982654081,5.637164693017942,57.87040373778882
fixed,168.0,C06,1740.0,1740.0,1.0,6.690119272723018,5.637276120709398,57.87028995162092
fixed,168.0,C07,1740.0,1740.0,1.0,6.752997820495817,5.637381061164671,57.8701832785585
fixed,168.0,C08,1740.0,1740.0,1.0,6.811934135287234,5.637479238360141,57.870083754381284
fixed,168.0,C09,1740.0,1740.0,1.0,6.8663933242271,5.637570380760752,57.8699914011194
fixed,168.0,S01,1240.0,1240.0,1.0,1.7801868542356862,1.2071016047135497,68.30498469809673
fixed,168.0,S02,0.0,0.0,0.0,1.7807389892963663,0.0,65.47699335797057
fixed,168.0,S03,1240.0,1240.0,1.0,1.781271806114026,1.2071156216277594,68.30484997982377
fixed,168.0,S04,1240.0,1240.0,1.0,1.781785594284523,1.2071104006411848,68.3048316749567
fixed,168.0,S05,1240.0,1240.0,1.0,1.782280648968229,1.2071052461474545,68.30481371509919
fixed,168.0,S06,1240.0,1240.0,1.0,1.7827572707454995,1.207100157338459,68.30479609716895
fixed,168.0,S07,1240.0,1240.0,1.0,1.7832157654721774,1.2070951333681403,68.30477881792291
fixed,168.0,S08,1240.0,1240.0,1.0,1.7836564441354,1.2070901733526918,68.30476187395874
fixed,168.0,S09,1240.0,1240.0,1.0,1.7840796227099638,1.2070852763707367,68.30474526171612
fixed,168.0,C10,1740.0,1740.0,1.0,7.474679259856348,5.637477767319581,57.86969191351795
fixed,168.0,C11,1740.0,1740.0,1.0,7.552138554614863,5.637449677241451,57.86967807528675
fixed,168.0,C12,1740.0,1740.0,1.0,7.62558793679496,5.637423575894002,57.869665460147615
fixed,168.0,C13,1740.0,1740.0,1.0,7.694469762738377,5.637399297338749,57.86965396430863
fixed,168.0,C14,1740.0,1740.0,1.0,7.758256671723386,5.637376664139767,57.86964347704752
fixed,168.0,C15,1740.0,1740.0,1.0,7.816570017088113,5.6373554855465775,57.86963387960964
fixed,168.0,C16,1740.0,1740.0,1.0,7.86958150568617,5.637335554365702,57.869625043308304
fixed,168.0,C17,1740.0,1740.0,1.0,7.9197298547587,5.637316641117692,57.86961682597826
fixed,168.0,C18,1740.0,1740.0,1.0,8.0,5.637298941896846,57.86960987593213
fixed,170.0,C01,0.0,0.0,0.0,6.335166590900118,0.0,50.674486640941396
fixed,170.0,C02,1740.0,1740.0,1.0,6.409915367443772,5.613862375253361,57.711281417858864
fixed,170.0,C03,1740.0,1740.0,1.0,6.4832460383816315,5.613987501352561,57.711146035508214
fixed,170.0,C04,1740.0,1740.0,1.0,6.5547166358267015,5.614107223064729,57.71101757026823
fixed,170.0,C05,1740.0,1740.0,1.0,6.623845982654081,5.614221242977054,57.71089611064338
fixed,170.0,C06,1740.0,1740.0,1.0,6.690119272723018,5.614329269717509,57.71078172938097
fixed,170.0,C07,1740.0,1740.0,1.0,6.752997820495817,5.61443101747696,57.71067448408979
fixed,170.0,C08,1740.0,1740.0,1.0,6.811934135287234,5.614526205296857,57.71057441797537
fixed,170.0,C09,1740.0,1740.0,1.0,6.8663933242271,5.614614556087442,57.710481560692685
fixed,170.0,S01,1240.0,1240.0,1.0,1.7801868542356862,1.2022951478544202,68.32233197832072
fixed,170.0,S02,0.0,0.0,0.0,1.7807389892963663,0.0,65.46810773721344
fixed,170.0,S03,1240.0,1240.0,1.0,1.781271806114026,1.2023084216811322,68.32219598917096
fixed,170.0,S04,1240.0,1240.0,1.0,1.781785594284523,1.2023028799677424,68.3221787631653
fixed,170.0,S05,1240.0,1240.0,1.0,1.782280648968229,1.2022974086487894,68.32216186651497
fixed,170.0,S06,1240.0,1240.0,1.0,1.7827572707454995,1.202292006870766,68.32214529630932
fixed,170.0,S07,1240.0,1240.0,1.0,1.7832157654721774,1.202286673739974,68.3221290494851
fixed,170.0,S08,1240.0,1240.0,1.0,1.7836564441354,1.2022814083227247,68.32211312282816
fixed,170.0,S09,1240.0,1240.0,1.0,1.7840796227099638,1.2022762096455377,68.32209751297455
fixed,170.0,C10,1740.0,1740.0,1.0,7.474679259856348,5.614501228285669,57.710192127976796
fixed,170.0,C11,1740.0,1740.0,1.0,7.552138554614863,5.614471440816808,57.71017947133109
fixed,170.0,C12,1740.0,1740.0,1.0,7.62558793679496,5.614443757547442,57.71016794817755
fixed,170.0,C13,1740.0,1740.0,1.0,7.694469762738377,5.614418002935235,57.71015746224259
fixed,170.0,C14,1740.0,1740.0,1.0,7.758256671723386,5.614393989270344,57.710147910836895
fixed,170.0,C15,1740.0,1740.0,1.0,7.816570017088113,5.614371514752508,57.71013918383505
fixed,170.0,C16,1740.0,1740.0,1.0,7.86958150568617,5.614350360180496,57.71013116191604
fixed,170.0,C17,1740.0,1740.0,1.0,7.9197298547587,5.614330282769067,57.710123713278996
fixed,170.0,C18,1740.0,1740.0,1.0,8.0,5.614311482078857,57.71011746446658
fixed,172.0,C01,0.0,0.0,0.0,6.335166590900118,0.0,50.67448663525631
fixed,172.0,C02,1740.0,1740.0,1.0,6.409915367443772,5.5950455386714255,57.55639377852055
fixed,172.0,C03,1740.0,1740.0,1.0,6.4832460383816315,5.595167344712627,57.556257922887994
fixed,172.0,C04,1740.0,1740.0,1.0,6.5547166358267015,5.595283925715166,57.55612897896762
fixed,172.0,C05,1740.0,1740.0,1.0,6.623845982654081,5.595394981846066,57.556007042028625
fixed,172.0,C06,1740.0,1740.0,1.0,6.690119272723018,5.595500218760248,57.55589219178395
fixed,172.0,C07,1740.0,1740.0,1.0,6.752997820495817,5.5955993471380285,57.55578449300835
fixed,172.0,C08,1740.0,1740.0,1.0,6.811934135287234,5.595692081988236,57.555683996277494
fixed,172.0,C09,1740.0,1740.0,1.0,6.8663933242271,5.595778141681151,57.55559073882961
fixed,172.0,S01,1240.0,1240.0,1.0,1.7801868542356862,1.1983506956827306,68.34126310361455
fixed,172.0,S02,0.0,0.0,0.0,1.7807389892963663,0.0,65.46058109374859
fixed,172.0,S03,1240.0,1240.0,1.0,1.781271806114026,1.198363358069483,68.34112610767623
fixed,172.0,S04,1240.0,1240.0,1.0,1.781785594284523,1.1983575523421994,68.3411100671105
fixed,172.0,S05,1240.0,1240.0,1.0,1.782280648968229,1.1983518202050936,68.34109433889458
fixed,172.0,S06,1240.0,1240.0,1.0,1.7827572707454995,1.1983461607676535,68.3410789203053
fixed,172.0,S07,1240.0,1240.0,1.0,1.7832157654721774,1.1983405730973333,68.34106380847614
fixed,172.0,S08,1240.0,1240.0,1.0,1.7836564441354,1.1983350562197648,68.34104900039861
fixed,172.0,S09,1240.0,1240.0,1.0,1.7840796227099638,1.1983296091189604,68.34103449292348
fixed,172.0,C10,1740.0,1740.0,1.0,7.474679259856348,5.595647803713369,57.55531172935877
fixed,172.0,C11,1740.0,1740.0,1.0,7.552138554614863,5.595616621350986,57.55530027400252
fixed,172.0,C12,1740.0,1740.0,1.0,7.62558793679496,5.5955876376665055,57.5552898614306
fixed,172.0,C13,1740.0,1740.0,1.0,7.694469762738377,5.595560669262337,57.555280402978134
fixed,172.0,C14,1740.0,1740.0,1.0,7.758256671723386,5.595535520024885,57.555271804085805
fixed,172.0,C15,1740.0,1740.0,1.0,7.816570017088113,5.595511979115056,57.555263963362016
fixed,172.0,C16,1740.0,1740.0,1.0,7.86958150568617,5.595489817508661,57.55525677096548
fixed,172.0,C17,1740.0,1740.0,1.0,7.9197298547587,5.595468781535055,57.55525010558639
fixed,172.0,C18,1740.0,1740.0,1.0,8.0,5.59544907334141,57.5552445724533
fixed,174.0,C01,0.0,0.0,0.0,6.335166590900118,0.0,50.67448663135795
fixed,174.0,C02,1740.0,1740.0,1.0,6.409915367443772,5.5796053944494775,57.405876314527895
fixed,174.0,C03,1740.0,1740.0,1.0,6.4832460383816315,5.579724477715463,57.4057401105888
fixed,174.0,C04,1740.0,1740.0,1.0,6.5547166358267015,5.579838482781184,57.405610807113895
fixed,174.0,C05,1740.0,1740.0,1.0,6.623845982654081,5.579947107836413,57.40548850601235
fixed,174.0,C06,1740.0,1740.0,1.0,6.690119272723018,5.580050056106103,57.405373293850225
fixed,174.0,C07,1740.0,1740.0,1.0,6.752997820495817,5.5801470354004605,57.4052652424676
fixed,174.0,C08,1740.0,1740.0,1.0,6.811934135287234,5.580237757430662,57.40516440972067
fixed,174.0,C09,1740.0,1740.0,1.0,6.8663933242271,5.580321936853889,57.40507084035171
fixed,174.0,S01,1240.0,1240.0,1.0,1.7801868542356862,1.1951137335048523,68.36147103622228
fixed,174.0,S02,0.0,0.0,0.0,1.7807389892963663,0.0,65.45420558399012
fixed,174.0,S03,1240.0,1240.0,1.0,1.781271806114026,1.1951258930217568,68.3613332585774
fixed,174.0,S04,1240.0,1240.0,1.0,1.781785594284523,1.1951198700869512,68.36131849099677
fixed,174.0,S05,1240.0,1240.0,1.0,1.782280648968229,1.1951139233606984,68.36130401766681
fixed,174.0,S06,1240.0,1240.0,1.0,1.7827572707454995,1.195108051922289,68.36128983606498
fixed,174.0,S07,1240.0,1240.0,1.0,1.7832157654721774,1.1951022548074677,68.36127594353498
fixed,174.0,S08,1240.0,1240.0,1.0,1.7836564441354,1.195096531008653,68.3612623372883
fixed,174.0,S09,1240.0,1240.0,1.0,1.7840796227099638,1.1950908794751482,68.3612490144052
fixed,174.0,C10,1740.0,1740.0,1.0,7.474679259856348,5.580177632292456,57.40480249678
fixed,174.0,C11,1740.0,1740.0,1.0,7.552138554614863,5.5801453039188065,57.40479225187437
fixed,174.0,C12,1740.0,1740.0,1.0,7.62558793679496,5.580115251564896,57.40478295866454
fixed,174.0,C13,1740.0,1740.0,1.0,7.694469762738377,5.5800872854045505,57.40477453612425
fixed,174.0,C14,1740.0,1740.0,1.0,7.758256671723386,5.580061202446429,57.404766897856405
fixed,174.0,C15,1740.0,1740.0,1.0,7.816570017088113,5.580036784453611,57.404759951238205
fixed,174.0,C16,1740.0,1740.0,1.0,7.86958150568617,5.58001379436199,57.4047535959464
fixed,174.0,C17,1740.0,1740.0,1.0,7.9197298547587,5.579991969590993,57.404747721205155
fixed,174.0,C18,1740.0,1740.0,1.0,8.0,5.579971514236452,57.40474291140689
fixed,176.0,C01,0.0,0.0,0.0,6.335166590900118,0.0,50.6744866286848
fixed,176.0,C02,1740.0,1740.0,1.0,6.409915367443772,5.566936011467161,57.25951142970833
fixed,176.0,C03,1740.0,1740.0,1.0,6.4832460383816315,5.567052861568623,57.2593749834278
fixed,176.0,C04,1740.0,1740.0,1.0,6.5547166358267015,5.567164753737602,57.25924542155601
fixed,176.0,C05,1740.0,1740.0,1.0,6.623845982654081,5.5672713845472845,57.25912285250029
fixed,176.0,C06,1740.0,1740.0,1.0,6.690119272723018,5.567372455235182,57.25900736954702
fixed,176.0,C07,1740.0,1740.0,1.0,6.752997820495817,5.567467671263508,57.25889905147736
fixed,176.0,C08,1740.0,1740.0,1.0,6.811934135287234,5.567556741645224,57.258797963311864
fixed,176.0,C09,1740.0,1740.0,1.0,6.8663933242271,5.567639377998948,57.25870415718806
fixed,176.0,S01,1240.0,1240.0,1.0,1.7801868542356862,1.192457417693982,68.38268990286548
fixed,176.0,S02,0.0,0.0,0.0,1.7807389892963663,0.0,65.44880515219471
fixed,176.0,S03,1240.0,1240.0,1.0,1.781271806114026,1.1924691638003246,68.38255153443632
fixed,176.0,S04,1240.0,1240.0,1.0,1.781785594284523,1.192462962249158,68.38253811065734
fixed,176.0,S05,1240.0,1240.0,1.0,1.782280648968229,1.1924568390524062,68.38252496215989
fixed,176.0,S06,1240.0,1240.0,1.0,1.7827572707454995,1.192450793264694,68.38251208663236
fixed,176.0,S07,1240.0,1240.0,1.0,1.7832157654721774,1.1924448238958594,68.38249948163957
fixed,176.0,S08,1240.0,1240.0,1.0,1.7836564441354,1.1924389299111828,68.38248714462433
fixed,176.0,S09,1240.0,1240.0,1.0,1.7840796227099638,1.1924331102315997,68.38247507290828
fixed,176.0,C10,1740.0,1740.0,1.0,7.474679259856348,5.567483607077111,57.25844661942358
fixed,176.0,C11,1740.0,1740.0,1.0,7.552138554614863,5.567450337370727,57.2584375855653
fixed,176.0,C12,1740.0,1740.0,1.0,7.62558793679496,5.567419407023548,57.258429412518666
fixed,176.0,C13,1740.0,1740.0,1.0,7.694469762738377,5.567390620945949,57.258422026877206
fixed,176.0,C14,1740.0,1740.0,1.0,7.758256671723386,5.567363770515194,57.25841535038627
fixed,176.0,C15,1740.0,1740.0,1.0,7.816570017088113,5.567338631436926,57.258409299170786
fixed,176.0,C16,1740.0,1740.0,1.0,7.86958150568617,5.567314960063604,57.258403782403086
fixed,176.0,C17,1740.0,1740.0,1.0,7.9197298547587,5.567292486518578,57.25839869981668
fixed,176.0,C18,1740.0,1740.0,1.0,8.0,5.567271416379575,57.2583946154572
fixed,178.0,C01,0.0,0.0,0.0,6.335166590900118,0.0,50.67448662685178
fixed,178.0,C02,1740.0,1740.0,1.0,6.409915367443772,5.556540184415508,57.117106942104826
fixed,178.0,C03,1740.0,1740.0,1.0,6.4832460383816315,5.556655202773827,57.11697034358479
fixed,178.0,C04,1740.0,1740.0,1.0,6.5547166358267015,5.556765361736334,57.11684060947184
fixed,178.0,C05,1740.0,1740.0,1.0,6.623845982654081,5.556870356553671,57.116717854516885
fixed,178.0,C06,1740.0,1740.0,1.0,6.690119272723018,5.556969886836934,57.116602178578304
fixed,178.0,C07,1740.0,1740.0,1.0,6.752997820495817,5.557063656126476,57.11649366723606
fixed,178.0,C08,1740.0,1740.0,1.0,6.811934135287234,5.557151371226424,57.116392392538344
fixed,178.0,C09,1740.0,1740.0,1.0,6.8663933242271,5.5572327412676605,57.11629841388606
fixed,178.0,S01,1240.0,1240.0,1.0,1.7801868542356862,1.190277628520487,68.4046909742626
fixed,178.0,S02,0.0,0.0,0.0,1.7807389892963663,0.0,65.44423066879155
fixed,178.0,S03,1240.0,1240.0,1.0,1.781271806114026,1.190289034874797,68.40455217623473
fixed,178.0,S04,1240.0,1240.0,1.0,1.781785594284523,1.1902826864983715,68.40454015247292
fixed,178.0,S05,1240.0,1240.0,1.0,1.782280648968229,1.1902764182353511,68.40452838434618
fixed,178.0,S06,1240.0,1240.0,1.0,1.7827572707454995,1.1902702291201965,68.40451686976186
fixed,178.0,S07,1240.0,1240.0,1.0,1.7832157654721774,1.1902641181415665,68.40450560651446
fixed,178.0,S08,1240.0,1240.0,1.0,1.7836564441354,1.1902580842425474,68.40449459228692
fixed,178.0,S09,1240.0,1240.0,1.0,1.7840796227099638,1.1902521263208767,68.40448382465154
fixed,178.0,C10,1740.0,1740.0,1.0,7.474679259856348,5.557067557496834,57.116051738427686
fixed,178.0,C11,1740.0,1740.0,1.0,7.552138554614863,5.557033514719777,57.116043909317604
fixed,178.0,C12,1740.0,1740.0,1.0,7.62558793679496,5.557001863191713,57.11603685080617
fixed,178.0,C13,1740.0,1740.0,1.0,7.694469762738377,5.556972403511888,57.116030497049074
fixed,178.0,C14,1740.0,1740.0,1.0,7.758256671723386,5.556944922444921,57.11602477787278
fixed,178.0,C15,1740.0,1740.0,1.0,7.816570017088113,5.5569191907347175,57.116019618084295
fixed,178.0,C16,1740.0,1740.0,1.0,7.86958150568617,5.556894959340988,57.11601493628047
fixed,178.0,C17,1740.0,1740.0,1.0,7.9197298547587,5.556871952410375,57.11601064262586
fixed,178.0,C18,1740.0,1740.0,1.0,8.0,5.556850376657701,57.11600728131272
fixed,180.0,C01,0.0,0.0,0.0,6.335166590900118,0.0,50.67448662559485
fixed,180.0,C02,1740.0,1740.0,1.0,6.409915367443772,5.548009926142079,56.97849193168789
fixed,180.0,C03,1740.0,1740.0,1.0,6.4832460383816315,5.548123441922694,56.978355257798974
fixed,180.0,C04,1740.0,1740.0,1.0,6.5547166358267015,5.548232179061014,56.97822542508045
fixed,180.0,C05,1740.0,1740.0,1.0,6.623845982654081,5.548335831725134,56.978102554462886
fixed,180.0,C06,1740.0,1740.0,1.0,6.690119272723018,5.548434098194551,56.977986752217014
fixed,180.0,C07,1740.0,1740.0,1.0,6.752997820495817,5.548526680435875,56.97787811056572
fixed,180.0,C08,1740.0,1740.0,1.0,6.811934135287234,5.54861328344427,56.97777670843246
fixed,180.0,C09,1740.0,1740.0,1.0,6.8663933242271,5.5486936143130725,56.977682612332
fixed,180.0,S01,1240.0,1240.0,1.0,1.7801868542356862,1.188488904823376,68.42727864332268
fixed,180.0,S02,0.0,0.0,0.0,1.7807389892963663,0.0,65.4403558122618
fixed,180.0,S03,1240.0,1240.0,1.0,1.781271806114026,1.1885000320375012,68.42713955113497
fixed,180.0,S04,1240.0,1240.0,1.0,1.781785594284523,1.1884935630068583,68.42712897094322
fixed,180.0,S05,1240.0,1240.0,1.0,1.782280648968229,1.1884871755317414,68.42711862622791
fixed,180.0,S06,1240.0,1240.0,1.0,1.7827572707454995,1.1884808686301167,68.42710851512159
fixed,180.0,S07,1240.0,1240.0,1.0,1.7832157654721774,1.1884746412733147,68.42709863565481
fixed,180.0,S08,1240.0,1240.0,1.0,1.7836564441354,1.1884684923862638,68.42708898575746
fixed,180.0,S09,1240.0,1240.0,1.0,1.7840796227099638,1.1884624208477172,68.42707956325951
fixed,180.0,C10,1740.0,1740.0,1.0,7.474679259856348,5.548520704032935,56.97744678844238
fixed,180.0,C11,1740.0,1740.0,1.0,7.552138554614863,5.548486026465938,56.97744015228211
fixed,180.0,C12,1740.0,1740.0,1.0,7.62558793679496,5.548453782669723,56.977434197547545
fixed,180.0,C13,1740.0,1740.0,1.0,7.694469762738377,5.548423769711311,56.97742886586833
fixed,180.0,C14,1740.0,1740.0,1.0,7.758256671723386,5.548395770575964,56.97742409505792
fixed,180.0,C15,1740.0,1740.0,1.0,7.816570017088113,5.548369551942095,56.977419818504444
fixed,180.0,C16,1740.0,1740.0,1.0,7.86958150568617,5.548344860350666,56.9774159641199
fixed,180.0,C17,1740.0,1740.0,1.0,7.9197298547587,5.548321415050966,56.97741245237904
fixed,180.0,C18,1740.0,1740.0,1.0,8.0,5.548299423637724,56.977409808113656
fixed,182.0,C01,174.0,174.0,0.1,6.335166590900118,2.321459087504709,50.633359271013525
fixed,182.0,C02,1740.0,1740.0,1.0,6.409915367443772,5.505885918045928,56.84404671834662
fixed,182.0,C03,1740.0,1740.0,1.0,6.4832460383816315,5.505992019767264,56.84391011456908
fixed,182.0,C04,1740.0,1740.0,1.0,6.5547166358267015,5.506093740288741,56.84378032167299
fixed,182.0,C05,1740.0,1740.0,1.0,6.623845982654081,5.506190768468061,56.843657466697415
fixed,182.0,C06,1740.0,1740.0,1.0,6.690119272723018,5.506282796048276,56.84354166227136
fixed,182.0,C07,1740.0,1740.0,1.0,6.752997820495817,5.506369517267503,56.84343300722309
fixed,182.0,C08,1740.0,1740.0,1.0,6.811934135287234,5.506450628234354,56.84333158732949
fixed,182.0,C09,1740.0,1740.0,1.0,6.8663933242271,5.506525826030197,56.84323747621236
fixed,182.0,S01,1240.0,1240.0,1.0,1.7801868542356862,1.179654454347516,68.45066874090061
fixed,182.0,S02,0.0,0.0,0.0,1.7807389892963663,0.0,65.43707358084838
fixed,182.0,S03,1240.0,1240.0,1.0,1.781271806114026,1.1796641983435179,68.45052952344675
fixed,182.0,S04,1240.0,1240.0,1.0,1.781785594284523,1.1796571311357316,68.45052044631355
fixed,182.0,S05,1240.0,1240.0,1.0,1.782280648968229,1.1796501525887193,68.45051158380927
fixed,182.0,S06,1240.0,1240.0,1.0,1.7827572707454995,1.179643261639677,68.45050293429979
fixed,182.0,S07,1240.0,1240.0,1.0,1.7832157654721774,1.17963645717506,68.45049449606022
fixed,182.0,S08,1240.0,1240.0,1.0,1.7836564441354,1.1796297380308065,68.45048626727633
fixed,182.0,S09,1240.0,1240.0,1.0,1.7840796227099638,1.179623102992616,68.45047824604512
fixed,182.0,C10,1740.0,1740.0,1.0,7.474679259856348,5.5063147226206635,56.8430129321891
fixed,182.0,C11,1740.0,1740.0,1.0,7.552138554614863,5.50627690431215,56.84300751560857
fixed,182.0,C12,1740.0,1740.0,1.0,7.62558793679496,5.506241729008735,56.843002689759125
fixed,182.0,C13,1740.0,1740.0,1.0,7.694469762738377,5.506208976404398,56.8429984038688
fixed,182.0,C14,1740.0,1740.0,1.0,7.758256671723386,5.50617841089466,56.84299460387149
fixed,182.0,C15,1740.0,1740.0,1.0,7.816570017088113,5.506149779159485,56.84299123188038
fixed,182.0,C16,1740.0,1740.0,1.0,7.86958150568617,5.506122806002277,56.84298822527941
fixed,182.0,C17,1740.0,1740.0,1.0,7.9197298547587,5.506097186578642,56.84298551502768
fixed,182.0,C18,1740.0,1740.0,1.0,8.0,5.506073132125441,56.842983607038455
fixed,184.0,C01,348.0,348.0,0.2,6.335166590900118,3.881972267646478,50.54920379159093
fixed,184.0,C02,1740.0,1740.0,1.0,6.409915367443772,5.482525120557078,56.713606884573565
fixed,184.0,C03,1740.0,1740.0,1.0,6.4832460383816315,5.482627114886709,56.71347048187122
fixed,184.0,C04,1740.0,1740.0,1.0,6.5547166358267015,5.4827249474650825,56.713340853473575
fixed,184.0,C05,1740.0,1740.0,1.0,6.623845982654081,5.4828183042304826,56.71321813245309
fixed,184.0,C06,1740.0,1740.0,1.0,6.690119272723018,5.4829068733294015,56.713102437736865
fixed,184.0,C07,1740.0,1740.0,1.0,6.752997820495817,5.482990344744913,56.71299387471273
fixed,184.0,C08,1740.0,1740.0,1.0,6.811934135287234,5.48306840969094,56.71289253597897
fixed,184.0,C09,1740.0,1740.0,1.0,6.8663933242271,5.483140759732451,56.71279850224543
fixed,184.0,S01,1240.0,1240.0,1.0,1.7801868542356862,1.1747541090796407,68.47481870840217
fixed,184.0,S02,0.0,0.0,0.0,1.7807389892963663,0.0,65.43429333776876
fixed,184.0,S03,1240.0,1240.0,1.0,1.781271806114026,1.1747630825235948,68.47467952990587
fixed,184.0,S04,1240.0,1240.0,1.0,1.781785594284523,1.1747556818700335,68.47467201325091
fixed,184.0,S05,1240.0,1240.0,1.0,1.782280648968229,1.174748373805832,68.47466468972347
fixed,184.0,S06,1240.0,1240.0,1.0,1.7827572707454995,1.1747411572238875,68.47465755793033
fixed,184.0,S07,1240.0,1240.0,1.0,1.7832157654721774,1.1747340309640708,68.47465061639926
fixed,184.0,S08,1240.0,1240.0,1.0,1.7836564441354,1.1747269938134908,68.47464386358035
fixed,184.0,S09,1240.0,1240.0,1.0,1.7840796227099638,1.1747200445067418,68.4746372978465
fixed,184.0,C10,1740.0,1740.0,1.0,7.474679259856348,5.482908447416664,56.71258560545488
fixed,184.0,C11,1740.0,1740.0,1.0,7.552138554614863,5.482868882939559,56.712581430459664
fixed,184.0,C12,1740.0,1740.0,1.0,7.62558793679496,5.482832076964857,56.71257775429515
fixed,184.0,C13,1740.0,1740.0,1.0,7.694469762738377,5.482797799602253,56.71257453388591
fixed,184.0,C14,1740.0,1740.0,1.0,7.758256671723386,5.482765804990873,56.71257172339168
fixed,184.0,C15,1740.0,1740.0,1.0,7.816570017088113,5.482735828776141,56.712569273764366
fixed,184.0,C16,1740.0,1740.0,1.0,7.86958150568617,5.482707583766316,56.71256713198372
fixed,184.0,C17,1740.0,1740.0,1.0,7.9197298547587,5.482680751820509,56.71256523963101
fixed,184.0,C18,1740.0,1740.0,1.0,8.0,5.482655545690712,56.71256408414269
fixed,186.0,C01,522.0,522.0,0.3,6.335166590900118,4.6797239524100505,50.44488341420312
fixed,186.0,C02,1740.0,1740.0,1.0,6.409915367443772,5.475000746117351,56.5868022061128
fixed,186.0,C03,1740.0,1740.0,1.0,6.4832460383816315,5.475101418120081,56.58666609052781
fixed,186.0,C04,1740.0,1740.0,1.0,6.5547166358267015,5.4751979989076505,56.58653670882861
fixed,186.0,C05,1740.0,1740.0,1.0,6.623845982654081,5.47529017348193,56.586414200000775
fixed,186.0,C06,1740.0,1740.0,1.0,6.690119272723018,5.475377628835316,56.58629868915623
fixed,186.0,C07,1740.0,1740.0,1.0,6.752997820495817,5.475460053585102,56.58619028813592
fixed,186.0,C08,1740.0,1740.0,1.0,6.811934135287234,5.475537137373788,56.58608909625927
fixed,186.0,C09,1740.0,1740.0,1.0,6.8663933242271,5.475608569995043,56.5859952012296
fixed,186.0,S01,1240.0,1240.0,1.0,1.7801868542356862,1.1731755836278674,68.49952103961834
fixed,186.0,S02,0.0,0.0,0.0,1.7807389892963663,0.0,65.43193830833663
fixed,186.0,S03,1240.0,1240.0,1.0,1.781271806114026,1.1731843083506681,68.49938203496092
fixed,186.0,S04,1240.0,1240.0,1.0,1.781785594284523,1.1731768000330833,68.49937612228005
fixed,186.0,S05,1240.0,1240.0,1.0,1.782280648968229,1.173169385568418,68.49937038074317
fixed,186.0,S06,1240.0,1240.0,1.0,1.7827572707454995,1.173162063835376,68.49936480920363
fixed,186.0,S07,1240.0,1240.0,1.0,1.7832157654721774,1.1731548336589028,68.49935940644787
fixed,186.0,S08,1240.0,1240.0,1.0,1.7836564441354,1.1731476938104497,68.49935417119649
fixed,186.0,S09,1240.0,1240.0,1.0,1.7840796227099638,1.1731406430082294,68.49934910210482
fixed,186.0,C10,1740.0,1740.0,1.0,7.474679259856348,5.475369422047996,56.58579406174078
fixed,186.0,C11,1740.0,1740.0,1.0,7.552138554614863,5.475329294459904,56.585791128473126
fixed,186.0,C12,1740.0,1740.0,1.0,7.62558793679496,5.4752919624929675,56.585788602381356
fixed,186.0,C13,1740.0,1740.0,1.0,7.694469762738377,5.475257193177534,56.58578644806432
fixed,186.0,C14,1740.0,1740.0,1.0,7.758256671723386,5.475224737357297,56.58578462788398
fixed,186.0,C15,1740.0,1740.0,1.0,7.816570017088113,5.475194327132086,56.585783101606005
fixed,186.0,C16,1740.0,1740.0,1.0,7.86958150568617,5.475165671455745,56.58578182577913
fixed,186.0,C17,1740.0,1740.0,1.0,7.9197298547587,5.475138447914619,56.58578075257748
fixed,186.0,C18,1740.0,1740.0,1.0,8.0,5.475112869671951,56.58578035141406
fixed,188.0,C01,696.0,696.0,0.4,6.335166590900118,5.0689860752244424,50.34083695836322
fixed,188.0,C02,1740.0,1740.0,1.0,6.409915367443772,5.475143627778453,56.46329655564057
fixed,188.0,C03,1740.0,1740.0,1.0,6.4832460383816315,5.475244324888187,56.46316077396587
fixed,188.0,C04,1740.0,1740.0,1.0,6.5547166358267015,5.475340929444005,56.46303168405822
fixed,188.0,C05,1740.0,1740.0,1.0,6.623845982654081,5.4754331264655445,56.46290943065332
fixed,188.0,C06,1740.0,1740.0,1.0,6.690119272723018,5.4755206029670935,56.462794144884974
fixed,188.0,C07,1740.0,1740.0,1.0,6.752997820495817,5.475603047591865,56.46268594488416
fixed,188.0,C08,1740.0,1740.0,1.0,6.811934135287234,5.475680150012173,56.46258493652808
fixed,188.0,C09,1740.0,1740.0,1.0,6.8663933242271,5.475751600055296,56.46249121434937
fixed,188.0,S01,1240.0,1240.0,1.0,1.7801868542356862,1.173205559220042,68.52453271732962
fixed,188.0,S02,0.0,0.0,0.0,1.7807389892963663,0.0,65.42994345987645
fixed,188.0,S03,1240.0,1240.0,1.0,1.781271806114026,1.1732142886682728,68.52439398642309
fixed,188.0,S04,1240.0,1240.0,1.0,1.781785594284523,1.1732067823963386,68.52438970445515
fixed,188.0,S05,1240.0,1240.0,1.0,1.782280648968229,1.1731993699533376,68.5243855713683
fixed,188.0,S06,1240.0,1240.0,1.0,1.7827572707454995,1.1731920502182442,68.52438158626586
fixed,188.0,S07,1240.0,1240.0,1.0,1.7832157654721774,1.1731848220162862,68.52437774819643
fixed,188.0,S08,1240.0,1240.0,1.0,1.7836564441354,1.1731776841192114,68.5243740561548
fixed,188.0,S09,1240.0,1240.0,1.0,1.7840796227099638,1.1731706352455438,68.52437050908257
fixed,188.0,C10,1740.0,1740.0,1.0,7.474679259856348,5.475512581931271,56.462301710328056
fixed,188.0,C11,1740.0,1740.0,1.0,7.552138554614863,5.475472465039303,56.46229999904583
fixed,188.0,C12,1740.0,1740.0,1.0,7.62558793679496,5.475435143064013,56.462298604844335
fixed,188.0,C13,1740.0,1740.0,1.0,7.694469762738377,5.475400383094181,56.46229749986539
fixed,188.0,C14,1740.0,1740.0,1.0,7.758256671723386,5.475367936036047,56.462296654533034
fixed,188.0,C15,1740.0,1740.0,1.0,7.816570017088113,5.475337534056726,56.46229603727609
fixed,188.0,C16,1740.0,1740.0,1.0,7.86958150568617,5.475308886183214,56.46229561404902
fixed,188.0,C17,1740.0,1740.0,1.0,7.9197298547587,5.475281670082949,56.46229534743814
fixed,188.0,C18,1740.0,1740.0,1.0,8.0,5.475256098911712,56.46229568929418
fixed,190.0,C01,870.0,870.0,0.5,6.335166590900118,5.267600628433693,50.25011554050616
fixed,190.0,C02,1740.0,1740.0,1.0,6.409915367443772,5.478219022381984,56.34284676267301
fixed,190.0,C03,1740.0,1740.0,1.0,6.4832460383816315,5.478320259923691,56.342711336473975
fixed,190.0,C04,1740.0,1740.0,1.0,6.5547166358267015,5.478417376089784,56.342582559598284
fixed,190.0,C05,1740.0,1740.0,1.0,6.623845982654081,5.478510056282417,56.34246058234131
fixed,190.0,C06,1740.0,1740.0,1.0,6.690119272723018,5.4785979879873485,56.342345541663796
fixed,190.0,C07,1740.0,1740.0,1.0,6.752997820495817,5.4786808604057535,56.34223756178737
fixed,190.0,C08,1740.0,1740.0,1.0,6.811934135287234,5.478758363851942,56.34213675494297
fixed,190.0,C09,1740.0,1740.0,1.0,6.8663933242271,5.478830188876866,56.34204322228362
fixed,190.0,S01,1240.0,1240.0,1.0,1.7801868542356862,1.1738507493696708,68.54963646894461
fixed,190.0,S02,0.0,0.0,0.0,1.7807389892963663,0.0,65.42825370588668
fixed,190.0,S03,1240.0,1240.0,1.0,1.781271806114026,1.1738595805056462,68.5494980802131
fixed,190.0,S04,1240.0,1240.0,1.0,1.781785594284523,1.1738521182531685,68.54949544049023
fixed,190.0,S05,1240.0,1240.0,1.0,1.782280648968229,1.173844749313278,68.54949292728922
fixed,190.0,S06,1240.0,1240.0,1.0,1.7827572707454995,1.1738374725707441,68.54949053996461
fixed,190.0,S07,1240.0,1240.0,1.0,1.7832157654721774,1.173830286856892,68.54948827782837
fixed,190.0,S08,1240.0,1240.0,1.0,1.7836564441354,1.1738231909498649,68.54948614015093
fixed,190.0,S09,1240.0,1240.0,1.0,1.7840796227099638,1.1738161835748775,68.54948412616157
fixed,190.0,C10,1740.0,1740.0,1.0,7.474679259856348,5.478593964884248,56.341865082508946
fixed,190.0,C11,1740.0,1740.0,1.0,7.552138554614863,5.4785540781871545,56.34186456065091
fixed,190.0,C12,1740.0,1740.0,1.0,7.62558793679496,5.4785169712399435,56.34186426818247
fixed,190.0,C13,1740.0,1740.0,1.0,7.694469762738377,5.478482412389577,56.3418641845871
fixed,190.0,C14,1740.0,1740.0,1.0,7.758256671723386,5.478450153888771,56.341864288135724
fixed,190.0,C15,1740.0,1740.0,1.0,7.816570017088113,5.478419929353335,56.34186455568919
fixed,190.0,C16,1740.0,1740.0,1.0,7.86958150568617,5.478391449385156,56.341864962356695
fixed,190.0,C17,1740.0,1740.0,1.0,7.9197298547587,5.478364393397504,56.341865480858935
fixed,190.0,C18,1740.0,1740.0,1.0,8.0,5.478338974382302,56.34186654594687
fixed,192.0,C01,1044.0,1044.0,0.6,6.335166590900118,5.374756252761825,50.18003028399847
fixed,192.0,C02,1740.0,1740.0,1.0,6.409915367443772,5.48215780097518,56.22528797178715
fixed,192.0,C03,1740.0,1740.0,1.0,6.4832460383816315,5.482259730745173,56.22515290884915
fixed,192.0,C04,1740.0,1740.0,1.0,6.5547166358267015,5.482357502208957,56.225024453210104
fixed,192.0,C05,1740.0,1740.0,1.0,6.623845982654081,5.4824508012590565,56.22490276052112
fixed,192.0,C06,1740.0,1740.0,1.0,6.690119272723018,5.482539315985575,56.224787973359156
fixed,192.0,C07,1740.0,1740.0,1.0,6.752997820495817,5.48262273630486,56.22468022181896
fixed,192.0,C08,1740.0,1740.0,1.0,6.811934135287234,5.482700753354064,56.22457962426078
fixed,192.0,C09,1740.0,1740.0,1.0,6.8663933242271,5.482773058611621,56.22448628822643
fixed,192.0,S01,1240.0,1240.0,1.0,1.7801868542356862,1.174677051477882,68.57465807064915
fixed,192.0,S02,0.0,0.0,0.0,1.7807389892963663,0.0,65.42682238486003
fixed,192.0,S03,1240.0,1240.0,1.0,1.781271806114026,1.1746860127859697,68.574520067127
fixed,192.0,S04,1240.0,1240.0,1.0,1.781785594284523,1.1746786068795296,68.57451906883337
fixed,192.0,S05,1240.0,1240.0,1.0,1.782280648968229,1.1746712936241526,68.57451817475425
fixed,192.0,S06,1240.0,1240.0,1.0,1.7827572707454995,1.1746640719120438,68.57451738449491
fixed,192.0,S07,1240.0,1240.0,1.0,1.7832157654721774,1.174656940582344,68.57451669763029
fixed,192.0,S08,1240.0,1240.0,1.0,1.7836564441354,1.1746498984213958,68.57451611370585
fixed,192.0,S09,1240.0,1240.0,1.0,1.7840796227099638,1.1746429441629946,68.57451563223816
fixed,192.0,C10,1740.0,1740.0,1.0,7.474679259856348,5.482540412648636,56.224319162787395
fixed,192.0,C11,1740.0,1740.0,1.0,7.552138554614863,5.482500820689719,56.224319791107014
fixed,192.0,C12,1740.0,1740.0,1.0,7.62558793679496,5.482463989046175,56.224320563966835
fixed,192.0,C13,1740.0,1740.0,1.0,7.694469762738377,5.482429687677283,56.22432146795443
fixed,192.0,C14,1740.0,1740.0,1.0,7.758256671723386,5.482397670561209,56.22432248893363
fixed,192.0,C15,1740.0,1740.0,1.0,7.816570017088113,5.482367673170189,56.22432361192431
fixed,192.0,C16,1740.0,1740.0,1.0,7.86958150568617,5.482339408124217,56.22432482089397
fixed,192.0,C17,1740.0,1740.0,1.0,7.9197298547587,5.482312557073707,56.22432609836952
fixed,192.0,C18,1740.0,1740.0,1.0,8.0,5.482287332791595,56.22432786246087
fixed,194.0,C01,1218.0,1218.0,0.7,6.335166590900118,5.434883040418964,50.13434420588103
fixed,194.0,C02,1740.0,1740.0,1.0,6.409915367443772,5.486112030221798,56.110506966677676
fixed,194.0,C03,1740.0,1740.0,1.0,6.4832460383816315,5.486214655021252,56.11037226829692
fixed,194.0,C04,1740.0,1740.0,1.0,6.5547166358267015,5.486313084419263,56.110244135950225
fixed,194.0,C05,1740.0,1740.0,1.0,6.623845982654081,5.486407004801177,56.11012273043685
fixed,194.0,C06,1740.0,1740.0,1.0,6.690119272723018,5.4864961048644005,56.110008199734544
fixed,194.0,C07,1740.0,1740.0,1.0,6.752997820495817,5.486580075243892,56.10990067958794
fixed,194.0,C08,1740.0,1740.0,1.0,6.811934135287234,5.486658607903563,56.10980029425551
fixed,194.0,C09,1740.0,1740.0,1.0,6.8663933242271,5.486731395253714,56.109707157428744
fixed,194.0,S01,1240.0,1240.0,1.0,1.7801868542356862,1.1755065743225148,68.59946592856294
fixed,194.0,S02,0.0,0.0,0.0,1.7807389892963663,0.0,65.42560997175511
fixed,194.0,S03,1240.0,1240.0,1.0,1.781271806114026,1.1755156662418633,68.59932833397507
fixed,194.0,S04,1240.0,1240.0,1.0,1.781785594284523,1.175508316867063,68.59932896684775
fixed,194.0,S05,1240.0,1240.0,1.0,1.782280648968229,1.1755010594789643,68.59932968179282
fixed,194.0,S06,1240.0,1240.0,1.0,1.7827572707454995,1.1754938929772434,68.59933047866447
fixed,194.0,S07,1240.0,1240.0,1.0,1.7832157654721774,1.1754868162089003,68.59933135729874
fixed,194.0,S08,1240.0,1240.0,1.0,1.7836564441354,1.1754798279685186,68.5993323175143
fixed,194.0,S09,1240.0,1240.0,1.0,1.7840796227099638,1.1754729269985176,68.59933335911282
fixed,194.0,C10,1740.0,1740.0,1.0,7.474679259856348,5.486502340765936,56.109550664357776
fixed,194.0,C11,1740.0,1740.0,1.0,7.552138554614863,5.486463044609607,56.10955240100581
fixed,194.0,C12,1740.0,1740.0,1.0,7.62558793679496,5.486426489246847,56.109554200353685
fixed,194.0,C13,1740.0,1740.0,1.0,7.694469762738377,5.486392446256612,56.10955605584162
fixed,194.0,C14,1740.0,1740.0,1.0,7.758256671723386,5.4863606713503685,56.109557960657554
fixed,194.0,C15,1740.0,1740.0,1.0,7.816570017088113,5.486330901865214,56.1095599076915
fixed,194.0,C16,1740.0,1740.0,1.0,7.86958150568617,5.486302852448402,56.109561889455485
fixed,194.0,C17,1740.0,1740.0,1.0,7.9197298547587,5.486276206997603,56.10956389793515
fixed,194.0,C18,1740.0,1740.0,1.0,8.0,5.486251178055594,56.10956633505081
fixed,196.0,C01,1392.0,1392.0,0.8,6.335166590900118,5.468933167033112,50.11480637740977
fixed,196.0,C02,1740.0,1740.0,1.0,6.409915367443772,5.489752479208305,55.998421028819415
fixed,196.0,C03,1740.0,1740.0,1.0,6.4832460383816315,5.489855743960552,55.99828669391127
fixed,196.0,C04,1740.0,1740.0,1.0,6.5547166358267015,5.489954779142249,55.99815888464286
fixed,196.0,C05,1740.0,1740.0,1.0,6.623845982654081,5.490049271592921,55.99803776675629
fixed,196.0,C06,1740.0,1740.0,1.0,6.690119272723018,5.490138910569599,55.9979234934167
fixed,196.0,C07,1740.0,1740.0,1.0,6.752997820495817,5.490223387369396,55.99781620579718
fixed,196.0,C08,1740.0,1740.0,1.0,6.811934135287234,5.490302394717988,55.99771603382496
fixed,196.0,C09,1740.0,1740.0,1.0,6.8663933242271,5.490375625884248,55.997623097103364
fixed,196.0,S01,1240.0,1240.0,1.0,1.7801868542356862,1.1762702537365295,68.62396489283543
fixed,196.0,S02,0.0,0.0,0.0,1.7807389892963663,0.0,65.42458298653682
fixed,196.0,S03,1240.0,1240.0,1.0,1.781271806114026,1.1762794658395215,68.62382771679705
fixed,196.0,S04,1240.0,1240.0,1.0,1.781785594284523,1.176272168479073,68.62382996364181
fixed,196.0,S05,1240.0,1240.0,1.0,1.782280648968229,1.1762649624934671,68.62383227066508
fixed,196.0,S06,1240.0,1240.0,1.0,1.7827572707454995,1.1762578467892688,68.62383463796729
fixed,196.0,S07,1240.0,1240.0,1.0,1.7832157654721774,1.1762508202207211,68.62383706564273
fixed,196.0,S08,1240.0,1240.0,1.0,1.7836564441354,1.176243881590005,68.62383955378027
fixed,196.0,S09,1240.0,1240.0,1.0,1.7840796227099638,1.1762370296474873,68.6238421024636
fixed,196.0,C10,1740.0,1740.0,1.0,7.474679259856348,5.4901498773564406,55.9974768495004
fixed,196.0,C11,1740.0,1740.0,1.0,7.552138554614863,5.490110853448798,55.99747965241804
fixed,196.0,C12,1740.0,1740.0,1.0,7.62558793679496,5.490074552352246,55.99748243921278
fixed,196.0,C13,1740.0,1740.0,1.0,7.694469762738377,5.490040747137806,55.99748520992538
fixed,196.0,C14,1740.0,1740.0,1.0,7.758256671723386,5.490009195113671,55.99748796479841
fixed,196.0,C15,1740.0,1740.0,1.0,7.816570017088113,5.489979635334832,55.99749070430224
fixed,196.0,C16,1740.0,1740.0,1.0,7.86958150568617,5.489951784316021,55.99749342917885
fixed,196.0,C17,1740.0,1740.0,1.0,7.9197298547587,5.489925328025024,55.9974961405242
fixed,196.0,C18,1740.0,1740.0,1.0,8.0,5.489900478783591,55.99749922451078
fixed,198.0,C01,1566.0,1566.0,0.9,6.335166590900118,5.487358302505842,50.12206770090865
fixed,198.0,C02,1740.0,1740.0,1.0,6.409915367443772,5.492973308745151,55.888964228326046
fixed,198.0,C03,1740.0,1740.0,1.0,6.4832460383816315,5.493077139746347,55.88883025552637
fixed,198.0,C04,1740.0,1740.0,1.0,6.5547166358267015,5.493176710932441,55.88870276883582
fixed,198.0,C05,1740.0,1740.0,1.0,6.623845982654081,5.493271709545161,55.88858193873953
fixed,198.0,C06,1740.0,1740.0,1.0,6.690119272723018,5.493361825337069,55.88846792338234
fixed,198.0,C07,1740.0,1740.0,1.0,6.752997820495817,5.493446750191562,55.88836086915024
fixed,198.0,C08,1740.0,1740.0,1.0,6.811934135287234,5.49352617750876,55.88826091141575
fixed,198.0,C09,1740.0,1740.0,1.0,6.8663933242271,5.493599801317665,55.8881681754625
fixed,198.0,S01,1240.0,1240.0,1.0,1.7801868542356862,1.1769458924205227,68.64808896209716
fixed,198.0,S02,0.0,0.0,0.0,1.7807389892963663,0.0,65.42371306964604
fixed,198.0,S03,1240.0,1240.0,1.0,1.781271806114026,1.1769552108036423,68.64795220426285
fixed,198.0,S04,1240.0,1240.0,1.0,1.781785594284523,1.1769479594370673,68.64795604298892
fixed,198.0,S05,1240.0,1240.0,1.0,1.782280648968229,1.1769407989038299,68.64795992030655
fixed,198.0,S06,1240.0,1240.0,1.0,1.7827572707454995,1.1769337281165966,68.64796383655903
fixed,198.0,S07,1240.0,1240.0,1.0,1.7832157654721774,1.176926745936026,68.64796779209527
fixed,198.0,S08,1240.0,1240.0,1.0,1.7836564441354,1.176919851171028,68.64797178727066
fixed,198.0,S09,1240.0,1240.0,1.0,1.7840796227099638,1.1769130425790097,68.647975822447
fixed,198.0,C10,1740.0,1740.0,1.0,7.474679259856348,5.4933769772709065,55.88803179579847
fixed,198.0,C11,1740.0,1740.0,1.0,7.552138554614863,5.493338194166357,55.88803562398833
fixed,198.0,C12,1740.0,1740.0,1.0,7.62558793679496,5.4933021179553645,55.88803936017443
fixed,198.0,C13,1740.0,1740.0,1.0,7.694469762738377,5.493268523029767,55.88804301075233
fixed,198.0,C14,1740.0,1740.0,1.0,7.758256671723386,5.493237168111202,55.88804658275639
fixed,198.0,C15,1740.0,1740.0,1.0,7.816570017088113,5.493207793775357,55.888050083954994
fixed,198.0,C16,1740.0,1740.0,1.0,7.86958150568617,5.4931801181900575,55.88805352301329
fixed,198.0,C17,1740.0,1740.0,1.0,7.9197298547587,5.493153829155537,55.88805690979786
fixed,198.0,C18,1740.0,1740.0,1.0,8.0,5.49312913879069,55.88806061516448
fixed,200.0,C01,1740.0,1740.0,1.0,6.335166590900118,5.495656880984142,50.15619357985436
fixed,200.0,C02,1740.0,1740.0,1.0,6.409915367443772,5.49576517372599,55.78207933573279
fixed,200.0,C03,1740.0,1740.0,1.0,6.4832460383816315,5.49586949560682,55.781945724348176
fixed,200.0,C04,1740.0,1740.0,1.0,6.5547166358267015,5.495969531445496,55.781818560345194
fixed,200.0,C05,1740.0,1740.0,1.0,6.623845982654081,5.496064968832668,55.781698018759336
fixed,200.0,C06,1740.0,1740.0,1.0,6.690119272723018,5.496155497950742,55.78158426251487
fixed,200.0,C07,1740.0,1740.0,1.0,6.752997820495817,5.4962408111916545,55.78147744300293
fixed,200.0,C08,1740.0,1740.0,1.0,6.811934135287234,5.496320602540513,55.781377700826084
fixed,200.0,C09,1740.0,1740.0,1.0,6.8663933242271,5.496394566685617,55.78128516672529
fixed,200.0,S01,1240.0,1240.0,1.0,1.7801868542356862,1.1775315354423455,68.67179457275631
fixed,200.0,S02,0.0,0.0,0.0,1.7807389892963663,0.0,65.42297619886797
fixed,200.0,S03,1240.0,1240.0,1.0,1.781271806114026,1.177540945912462,68.67165822600151
fixed,200.0,S04,1240.0,1240.0,1.0,1.781785594284523,1.177533734395126,68.67166363120408
fixed,200.0,S05,1240.0,1240.0,1.0,1.782280648968229,1.1775266132416122,68.67166905375778
fixed,200.0,S06,1240.0,1240.0,1.0,1.7827572707454995,1.1775195813698813,68.67167449424493
fixed,200.0,S07,1240.0,1240.0,1.0,1.7832157654721774,1.177512637646159,68.67167995326504
fixed,200.0,S08,1240.0,1240.0,1.0,1.7836564441354,1.177505780885192,68.6716854314357
fixed,200.0,S09,1240.0,1240.0,1.0,1.7840796227099638,1.1774990098504965,68.67169092939245
fixed,200.0,C10,1740.0,1740.0,1.0,7.474679259856348,5.4961742773104225,55.78115829351123
fixed,200.0,C11,1740.0,1740.0,1.0,7.552138554614863,5.496135702888756,55.78116310763407
fixed,200.0,C12,1740.0,1740.0,1.0,7.62558793679496,5.496099821557149,55.78116775669879
fixed,200.0,C13,1740.0,1740.0,1.0,7.694469762738377,5.496066408852897,55.78117225321955
fixed,200.0,C14,1740.0,1740.0,1.0,7.758256671723386,5.4960352247234185,55.78117661077008
fixed,200.0,C15,1740.0,1740.0,1.0,7.816570017088113,5.496006011063182,55.78118084414536
fixed,200.0,C16,1740.0,1740.0,1.0,7.86958150568617,5.495978487473596,55.78118496963898
fixed,200.0,C17,1740.0,1740.0,1.0,7.9197298547587,5.49595234334401,55.78118900556184
fixed,200.0,C18,1740.0,1740.0,1.0,8.0,5.49592779061194,55.78119330787265
fixed,202.0,C01,1740.0,1740.0,1.0,6.335166590900118,5.4980319388254175,50.18886454916689
fixed,202.0,C02,1740.0,1740.0,1.0,6.409915367443772,5.4981406718258015,55.67771359697863
fixed,202.0,C03,1740.0,1740.0,1.0,6.4832460383816315,5.498245411412422,55.6775803473574
fixed,202.0,C04,1740.0,1740.0,1.0,6.5547166358267015,5.498345842633481,55.67745350711175
fixed,202.0,C05,1740.0,1740.0,1.0,6.623845982654081,5.498441653376711,55.67733325564256
fixed,202.0,C06,1740.0,1740.0,1.0,6.690119272723018,5.498532534190492,55.67721976046148
fixed,202.0,C07,1740.0,1740.0,1.0,6.752997820495817,5.498618177899709,55.67711317776569
fixed,202.0,C08,1740.0,1740.0,1.0,6.811934135287234,5.498698278987488,55.67701365318153
fixed,202.0,C09,1740.0,1740.0,1.0,6.8663933242271,5.498772532703381,55.67692132269378
fixed,202.0,S01,1240.0,1240.0,1.0,1.7801868542356862,1.1780298300637697,68.69505518249537
fixed,202.0,S02,0.0,0.0,0.0,1.7807389892963663,0.0,65.42235202597361
fixed,202.0,S03,1240.0,1240.0,1.0,1.781271806114026,1.1780393188594733,68.69491923531915
fixed,202.0,S04,1240.0,1240.0,1.0,1.781785594284523,1.178032141234581,68.69492617949193
fixed,202.0,S05,1240.0,1240.0,1.0,1.782280648968229,1.1780250535739214,68.69493312014706
fixed,202.0,S06,1240.0,1240.0,1.0,1.7827572707454995,1.1780180547999637,68.6949400581016
fixed,202.0,S07,1240.0,1240.0,1.0,1.7832157654721774,1.1780111437836747,68.69494699420137
fixed,202.0,S08,1240.0,1240.0,1.0,1.7836564441354,1.178004319344772,68.69495392932164
fixed,202.0,S09,1240.0,1240.0,1.0,1.7840796227099638,1.1779975802519727,68.69496086436689
fixed,202.0,C10,1740.0,1740.0,1.0,7.474679259856348,5.498554399760675,55.676803613135164
fixed,202.0,C11,1740.0,1740.0,1.0,7.552138554614863,5.498516002864074,55.67680937574838
fixed,202.0,C12,1740.0,1740.0,1.0,7.62558793679496,5.498480287308296,55.676814902944294
fixed,202.0,C13,1740.0,1740.0,1.0,7.694469762738377,5.498447029605669,55.6768202131305
fixed,202.0,C14,1740.0,1740.0,1.0,7.758256671723386,5.498415990747012,55.676825326179284
fixed,202.0,C15,1740.0,1740.0,1.0,7.816570017088113,5.498386913749345,55.67683026365343
fixed,202.0,C16,1740.0,1740.0,1.0,7.86958150568617,5.498359519434348,55.67683504919392
fixed,202.0,C17,1740.0,1740.0,1.0,7.9197298547587,5.498333498544017,55.676839709244746
fixed,202.0,C18,1740.0,1740.0,1.0,8.0,5.4983090628574836,55.67684458527572
fixed,204.0,C01,1740.0,1740.0,1.0,6.335166590900118,5.499980898575171,50.22042277158462
fixed,204.0,C02,1740.0,1740.0,1.0,6.409915367443772,5.500089992875652,55.57581701801626
fixed,204.0,C03,1740.0,1740.0,1.0,6.4832460383816315,5.500195075252679,55.575684131702644
fixed,204.0,C04,1740.0,1740.0,1.0,6.5547166358267015,5.500295830940358,55.5755576173897
fixed,204.0,C05,1740.0,1740.0,1.0,6.623845982654081,5.500391948070349,55.575437658666715
fixed,204.0,C06,1740.0,1740.0,1.0,6.690119272723018,5.500483117491501,55.57532442744907
fixed,204.0,C07,1740.0,1740.0,1.0,6.752997820495817,5.500569032384146,55.57521808454973
fixed,204.0,C08,1740.0,1740.0,1.0,6.811934135287234,5.500649387640266,55.57511878042202
fixed,204.0,C09,1740.0,1740.0,1.0,6.8663933242271,5.500723878970176,55.57502665609078
fixed,204.0,S01,1240.0,1240.0,1.0,1.7801868542356862,1.1784387224145498,68.71785734791821
fixed,204.0,S02,0.0,0.0,0.0,1.7807389892963663,0.0,65.42182331481602
fixed,204.0,S03,1240.0,1240.0,1.0,1.781271806114026,1.178448275464638,68.71772178628557
fixed,204.0,S04,1240.0,1240.0,1.0,1.781785594284523,1.178441125642202,68.71773024076376
fixed,204.0,S05,1240.0,1240.0,1.0,1.782280648968229,1.178434065456032,68.71773867124072
fixed,204.0,S06,1240.0,1240.0,1.0,1.7827572707454995,1.1784270938323005,68.71774707876405
fixed,204.0,S07,1240.0,1240.0,1.0,1.7832157654721774,1.178420209645866,68.7177554644213
fixed,204.0,S08,1240.0,1240.0,1.0,1.7836564441354,1.17841341172053,68.71776382934065
fixed,204.0,S09,1240.0,1240.0,1.0,1.7840796227099638,1.1784066988292783,68.71777217469065
fixed,204.0,C10,1740.0,1740.0,1.0,7.474679259856348,5.500507515427593,55.57491778710303
fixed,204.0,C11,1740.0,1740.0,1.0,7.552138554614863,5.500469264182609,55.57492446275013
fixed,204.0,C12,1740.0,1740.0,1.0,7.62558793679496,5.500433684634113,55.57493083517876
fixed,204.0,C13,1740.0,1740.0,1.0,7.694469762738377,5.500400554094815,55.574936928476085
fixed,204.0,C14,1740.0,1740.0,1.0,7.758256671723386,5.500369634412034,55.57494276858442
fixed,204.0,C15,1740.0,1740.0,1.0,7.816570017088113,5.500340669524268,55.57494838358873
fixed,204.0,C16,1740.0,1740.0,1.0,7.86958150568617,5.500313381254869,55.57495380421059
fixed,204.0,C17,1740.0,1740.0,1.0,7.9197298547587,5.500287461456167,55.57495906473165
fixed,204.0,C18,1740.0,1740.0,1.0,8.0,5.500263121774547,55.57496449252953
fixed,206.0,C01,1740.0,1740.0,1.0,6.335166590900118,5.5015802048241955,50.25104625973668
fixed,206.0,C02,1740.0,1740.0,1.0,6.409915367443772,5.501689595625003,55.4763403180512
fixed,206.0,C03,1740.0,1740.0,1.0,6.4832460383816315,5.501794959309742,55.4762077976598
fixed,206.0,C04,1740.0,1740.0,1.0,6.5547166358267015,5.501895981265143,55.47608161244213
fixed,206.0,C05,1740.0,1740.0,1.0,6.623845982654081,5.5019923498231345,55.475961950006635
fixed,206.0,C06,1740.0,1740.0,1.0,6.690119272723018,5.502083756079232,55.475848986497006
fixed,206.0,C07,1740.0,1740.0,1.0,6.752997820495817,5.502169893505561,55.47574288716039
fixed,206.0,C08,1740.0,1740.0,1.0,6.811934135287234,5.502250457329733,55.475643807089234
fixed,206.0,C09,1740.0,1740.0,1.0,6.8663933242271,5.5023251436403,55.47555189215429
fixed,206.0,S01,1240.0,1240.0,1.0,1.7801868542356862,1.1787742536194816,68.74019674483174
fixed,206.0,S02,0.0,0.0,0.0,1.7807389892963663,0.0,65.42137546536489
fixed,206.0,S03,1240.0,1240.0,1.0,1.781271806114026,1.178783859383485,68.74006155344506
fixed,206.0,S04,1240.0,1240.0,1.0,1.781785594284523,1.1787767323692078,68.74007148906959
fixed,206.0,S05,1240.0,1240.0,1.0,1.782280648968229,1.1787696947220252,68.74008138060022
fixed,206.0,S06,1240.0,1240.0,1.0,1.7827572707454995,1.1787627453711496,68.7400912293107
fixed,206.0,S07,1240.0,1240.0,1.0,1.7832157654721774,1.178755883194636,68.74010103652576
fixed,206.0,S08,1240.0,1240.0,1.0,1.7836564441354,1.1787491070196368,68.74011080362163
fixed,206.0,S09,1240.0,1240.0,1.0,1.7840796227099638,1.1787424156226454,68.74012053202593
fixed,206.0,C10,1740.0,1740.0,1.0,7.474679259856348,5.502110231952872,55.475451559457156
fixed,206.0,C11,1740.0,1740.0,1.0,7.552138554614863,5.502072100212376,55.47545911458627
fixed,206.0,C12,1740.0,1740.0,1.0,7.62558793679496,5.5020366322522705,55.475466301121884
fixed,206.0,C13,1740.0,1740.0,1.0,7.694469762738377,5.502003606042247,55.47547314862797
fixed,206.0,C14,1740.0,1740.0,1.0,7.758256671723386,5.50197278413266,55.475479688900094
fixed,206.0,C15,1740.0,1740.0,1.0,7.816570017088113,5.501943911218372,55.475485956312276
fixed,206.0,C16,1740.0,1740.0,1.0,7.86958150568617,5.501916709944928,55.47549198841367
fixed,206.0,C17,1740.0,1740.0,1.0,7.9197298547587,5.50189087307604,55.475497827043434
fixed,206.0,C18,1740.0,1740.0,1.0,8.0,5.50186661214728,55.47550378587229
fixed,208.0,C01,1740.0,1740.0,1.0,6.335166590900118,5.502892587436923,50.28083303324841
fixed,208.0,C02,1740.0,1740.0,1.0,6.409915367443772,5.503002221557429,55.37923418530392
fixed,208.0,C03,1740.0,1740.0,1.0,6.4832460383816315,5.503107816092413,55.37910203430441
fixed,208.0,C04,1740.0,1740.0,1.0,6.5547166358267015,5.5032090565539145,55.37897618212882
fixed,208.0,C05,1740.0,1740.0,1.0,6.623845982654081,5.503305631438257,55.37885682024286
fixed,208.0,C06,1740.0,1740.0,1.0,6.690119272723018,5.503397232043446,55.37874412885079
fixed,208.0,C07,1740.0,1740.0,1.0,6.752997820495817,5.503483552081128,55.37863827746053
fixed,208.0,C08,1740.0,1740.0,1.0,6.811934135287234,5.503564287054412,55.37853942562434
fixed,208.0,C09,1740.0,1740.0,1.0,6.8663933242271,5.5036391333623165,55.378447723873585
fixed,208.0,S01,1240.0,1240.0,1.0,1.7801868542356862,1.1790495863136052,68.76207527027265
fixed,208.0,S02,0.0,0.0,0.0,1.7807389892963663,0.0,65.42099611053568
fixed,208.0,S03,1240.0,1240.0,1.0,1.781271806114026,1.1790592353257001,68.76194043343035
fixed,208.0,S04,1240.0,1240.0,1.0,1.781785594284523,1.1790521270233816,68.7619518210075
fixed,208.0,S05,1240.0,1240.0,1.0,1.782280648968229,1.1790451078672466,68.76196314478909
fixed,208.0,S06,1240.0,1240.0,1.0,1.7827572707454995,1.1790381767890041,68.76197440627068
fixed,208.0,S07,1240.0,1240.0,1.0,1.7832157654721774,1.1790313326693336,68.76198560700946
fixed,208.0,S08,1240.0,1240.0,1.0,1.7836564441354,1.1790245743381391,68.76199674862504
fixed,208.0,S09,1240.0,1240.0,1.0,1.7840796227099638,1.1790179005747912,68.76200783279896
fixed,208.0,C10,1740.0,1740.0,1.0,7.474679259856348,5.5034254129890225,55.37835564039458
fixed,208.0,C11,1740.0,1740.0,1.0,7.552138554614863,5.503387379302224,55.3783640432139
fixed,208.0,C12,1740.0,1740.0,1.0,7.62558793679496,5.503352002898559,55.37837201436869
fixed,208.0,C13,1740.0,1740.0,1.0,7.694469762738377,5.503319062286958,55.37837958870714
fixed,208.0,C14,1740.0,1740.0,1.0,7.758256671723386,5.5032883205948195,55.37838680367207
fixed,208.0,C15,1740.0,1740.0,1.0,7.816570017088113,5.503259523137812,55.378393699705306
fixed,208.0,C16,1740.0,1740.0,1.0,7.86958150568617,5.503232393236323,55.37840032094322
fixed,208.0,C17,1740.0,1740.0,1.0,7.9197298547587,5.503206624402094,55.37840671651632
fixed,208.0,C18,1740.0,1740.0,1.0,8.0,5.503182428078508,55.37841318676282
fixed,210.0,C01,1740.0,1740.0,1.0,6.335166590900118,5.503969522107345,50.30984180987433
fixed,210.0,C02,1740.0,1740.0,1.0,6.409915367443772,5.504079355903568,55.28444911203817
fixed,210.0,C03,1740.0,1740.0,1.0,6.4832460383816315,5.504185139880237,55.28431733453065
fixed,210.0,C04,1740.0,1740.0,1.0,6.5547166358267015,5.504286559652255,55.28419181991653
fixed,210.0,C05,1740.0,1740.0,1.0,6.623845982654081,5.5043833038508945,55.28407276336377
fixed,210.0,C06,1740.0,1740.0,1.0,6.690119272723018,5.504475063940366,55.28396034897675
fixed,210.0,C07,1740.0,1740.0,1.0,6.752997820495817,5.504561533828922,55.28385475035827
fixed,210.0,C08,1740.0,1740.0,1.0,6.811934135287234,5.504642409245802,55.28375613134908
fixed,210.0,C09,1740.0,1740.0,1.0,6.8663933242271,5.504717386844852,55.28366464696411
fixed,210.0,S01,1240.0,1240.0,1.0,1.7801868542356862,1.1792755212656187,68.78349894839877
fixed,210.0,S02,0.0,0.0,0.0,1.7807389892963663,0.0,65.42067477468036
fixed,210.0,S03,1240.0,1240.0,1.0,1.781271806114026,1.1792852057610423,68.78336445055815
fixed,210.0,S04,1240.0,1240.0,1.0,1.781785594284523,1.179278112810769,68.78337726116993
fixed,210.0,S05,1240.0,1240.0,1.0,1.782280648968229,1.1792711088253818,68.78338998867184
fixed,210.0,S06,1240.0,1240.0,1.0,1.7827572707454995,1.179264192738638,68.78340263477685
fixed,210.0,S07,1240.0,1240.0,1.0,1.7832157654721774,1.1792573634333712,68.78341520127012
fixed,210.0,S08,1240.0,1240.0,1.0,1.7836564441354,1.1792506197417447,68.78342769000979
fixed,210.0,S09,1240.0,1240.0,1.0,1.7840796227099638,1.1792439604454918,68.78344010292642
fixed,210.0,C10,1740.0,1740.0,1.0,7.474679259856348,5.504504644010385,55.28358054110598
fixed,210.0,C11,1740.0,1740.0,1.0,7.552138554614863,5.504466690778511,55.28358976142564
fixed,210.0,C12,1740.0,1740.0,1.0,7.62558793679496,5.5044313894972445,55.283598489202205
fixed,210.0,C13,1740.0,1740.0,1.0,7.694469762738377,5.5043985191181015,55.283606764384714
fixed,210.0,C14,1740.0,1740.0,1.0,7.758256671723386,5.504367843242086,55.28361462986729
fixed,210.0,C15,1740.0,1740.0,1.0,7.816570017088113,5.504339107694393,55.28362213194889
fixed,210.0,C16,1740.0,1740.0,1.0,7.86958150568617,5.50431203634928,55.28362932112441
fixed,210.0,C17,1740.0,1740.0,1.0,7.9197298547587,5.5042863233324315,55.283636253562456
fixed,210.0,C18,1740.0,1740.0,1.0,8.0,5.504262180010731,55.283643216632456
fixed,212.0,C01,1740.0,1740.0,1.0,6.335166590900118,5.504853249457642,50.33811171728864
fixed,212.0,C02,1740.0,1740.0,1.0,6.409915367443772,5.504963247112697,55.19193546935558
fixed,212.0,C03,1740.0,1740.0,1.0,6.4832460383816315,5.505069186549083,55.1918040698676
fixed,212.0,C04,1740.0,1740.0,1.0,6.5547166358267015,5.505170753466138,55.191678897715825
fixed,212.0,C05,1740.0,1740.0,1.0,6.623845982654081,5.505267636605905,55.19156015162189
fixed,212.0,C06,1740.0,1740.0,1.0,6.690119272723018,5.505359527569012,55.191448019436635
fixed,212.0,C07,1740.0,1740.0,1.0,6.752997820495817,5.505446120425076,55.19134267869889
fixed,212.0,C08,1740.0,1740.0,1.0,6.811934135287234,5.505527111088942,55.19124429737386
fixed,212.0,C09,1740.0,1740.0,1.0,6.8663933242271,5.505602196423602,55.19115303479075
fixed,212.0,S01,1240.0,1240.0,1.0,1.7801868542356862,1.1794609212481424,68.80447643121924
fixed,212.0,S02,0.0,0.0,0.0,1.7807389892963663,0.0,65.42040258430882
fixed,212.0,S03,1240.0,1240.0,1.0,1.781271806114026,1.1794706348570814,68.80434225734957
fixed,212.0,S04,1240.0,1240.0,1.0,1.781785594284523,1.1794635545026737,68.80435646255614
fixed,212.0,S05,1240.0,1240.0,1.0,1.782280648968229,1.1794565629643663,68.80437056571971
fixed,212.0,S06,1240.0,1240.0,1.0,1.7827572707454995,1.179449659177599,68.80438456876637
fixed,212.0,S07,1240.0,1240.0,1.0,1.7832157654721774,1.179442842026973,68.80439847370475
fixed,212.0,S08,1240.0,1240.0,1.0,1.7836564441354,1.1794361103465059,68.80441228262686
fixed,212.0,S09,1240.0,1240.0,1.0,1.7840796227099638,1.179429462919871,68.80442599770734
fixed,212.0,C10,1740.0,1740.0,1.0,7.474679259856348,5.505390255720692,55.191076648795914
fixed,212.0,C11,1740.0,1740.0,1.0,7.552138554614863,5.50535236850472,55.19108665787754
fixed,212.0,C12,1740.0,1740.0,1.0,7.62558793679496,5.505317128862905,55.19109611562848
fixed,212.0,C13,1740.0,1740.0,1.0,7.694469762738377,5.505284316109993,55.19110506692374
fixed,212.0,C14,1740.0,1740.0,1.0,7.758256671723386,5.505253694235693,55.19111355992178
fixed,212.0,C15,1740.0,1740.0,1.0,7.816570017088113,5.505225009483377,55.19112164657785
fixed,212.0,C16,1740.0,1740.0,1.0,7.86958150568617,5.505197986181875,55.19112938352713
fixed,212.0,C17,1740.0,1740.0,1.0,7.9197298547587,5.505172318960742,55.19113683373486
fixed,212.0,C18,1740.0,1740.0,1.0,8.0,5.505148219123519,55.19114427195505
fixed,214.0,C01,1740.0,1740.0,1.0,6.335166590900118,5.505578431884946,50.36567187447102
fixed,214.0,C02,1740.0,1740.0,1.0,6.409915367443772,5.505688564005752,55.10164366562032
fixed,214.0,C03,1740.0,1740.0,1.0,6.4832460383816315,5.505794631014866,55.10151264893486
fixed,214.0,C04,1740.0,1740.0,1.0,6.5547166358267015,5.505896318680928,55.101387824365986
fixed,214.0,C05,1740.0,1740.0,1.0,6.623845982654081,5.505993315836893,55.10126939404651
fixed,214.0,C06,1740.0,1740.0,1.0,6.690119272723018,5.506085314195362,55.10115754942627
fixed,214.0,C07,1740.0,1740.0,1.0,6.752997820495817,5.506172007958389,55.10105247182786
fixed,214.0,C08,1740.0,1740.0,1.0,6.811934135287234,5.506253093193146,55.100954333183836
fixed,214.0,C09,1740.0,1740.0,1.0,6.8663933242271,5.5063282669342835,55.10086329697534
fixed,214.0,S01,1240.0,1240.0,1.0,1.7801868542356862,1.1796130588176676,68.82501793737997
fixed,214.0,S02,0.0,0.0,0.0,1.7807389892963663,0.0,65.42017202305291
fixed,214.0,S03,1240.0,1240.0,1.0,1.781271806114026,1.1796227963143708,68.8248840731688
fixed,214.0,S04,1240.0,1240.0,1.0,1.781785594284523,1.1796157262947586,68.82489964513367
fixed,214.0,S05,1240.0,1240.0,1.0,1.782280648968229,1.1796087449691448,68.82491509649589
fixed,214.0,S06,1240.0,1240.0,1.0,1.7827572707454995,1.17960185127435,68.82493042939046
fixed,214.0,S07,1240.0,1240.0,1.0,1.7832157654721774,1.1795950440964271,68.82494564604514
fixed,214.0,S08,1240.0,1240.0,1.0,1.7836564441354,1.1795883222709145,68.82496074878108
fixed,214.0,S09,1240.0,1240.0,1.0,1.7840796227099638,1.179581684583078,68.82497574001229
fixed,214.0,C10,1740.0,1740.0,1.0,7.474679259856348,5.506116984435119,55.100794385470905
fixed,214.0,C11,1740.0,1740.0,1.0,7.552138554614863,5.506079151388107,55.10080515589256
fixed,214.0,C12,1740.0,1740.0,1.0,7.62558793679496,5.506043962323542,55.100815318194485
fixed,214.0,C13,1740.0,1740.0,1.0,7.694469762738377,5.5060111968542795,55.10082492201049
fixed,214.0,C14,1740.0,1740.0,1.0,7.758256671723386,5.505980619289037,55.10083402058473
fixed,214.0,C15,1740.0,1740.0,1.0,7.816570017088113,5.505951976214382,55.10084267133661
fixed,214.0,C16,1740.0,1740.0,1.0,7.86958150568617,5.505924992332211,55.10085093683314
fixed,214.0,C17,1740.0,1740.0,1.0,7.9197298547587,5.505899362685608,55.10085888660528
fixed,214.0,C18,1740.0,1740.0,1.0,8.0,5.505875298525737,55.10086678313512
fixed,216.0,C01,1740.0,1740.0,1.0,6.335166590900118,5.506173513151333,50.3925460766684
fixed,216.0,C02,1740.0,1740.0,1.0,6.409915367443772,5.5062837556167805,55.01352431936366
fixed,216.0,C03,1740.0,1740.0,1.0,6.4832460383816315,5.506389927313644,55.01339369037834
fixed,216.0,C04,1740.0,1740.0,1.0,6.5547166358267015,5.506491714067448,55.01326921860032
fixed,216.0,C05,1740.0,1740.0,1.0,6.623845982654081,5.506588804785766,55.013151109436706
fixed,216.0,C06,1740.0,1740.0,1.0,6.690119272723018,5.5066808912730885,55.0130395577948
fixed,216.0,C07,1740.0,1740.0,1.0,6.752997820495817,5.50676766784017,55.01293474863484
fixed,216.0,C08,1740.0,1740.0,1.0,6.811934135287234,5.506848830679199,55.012836857705835
fixed,216.0,C09,1740.0,1740.0,1.0,6.8663933242271,5.506924076965704,55.01274605248527
fixed,216.0,S01,1240.0,1240.0,1.0,1.7801868542356862,1.1797379016702207,68.84513451176646
fixed,216.0,S02,0.0,0.0,0.0,1.7807389892963663,0.0,65.41997672410673
fixed,216.0,S03,1240.0,1240.0,1.0,1.781271806114026,1.1797476587673288,68.8450009437247
fixed,216.0,S04,1240.0,1240.0,1.0,1.781785594284523,1.1797405972275186,68.84501785528542
fixed,216.0,S05,1240.0,1240.0,1.0,1.782280648968229,1.1797336242815037,68.84503462804871
fixed,216.0,S06,1240.0,1240.0,1.0,1.7827572707454995,1.1797267388672388,68.84505126435442
fixed,216.0,S07,1240.0,1240.0,1.0,1.7832157654721774,1.1797199398719682,68.8450677666451
fixed,216.0,S08,1240.0,1240.0,1.0,1.7836564441354,1.1797132261324796,68.84508413746663
fixed,216.0,S09,1240.0,1240.0,1.0,1.7840796227099638,1.1797065964353444,68.84510037946757
fixed,216.0,C10,1740.0,1740.0,1.0,7.474679259856348,5.5067133345709065,55.012684381224474
fixed,216.0,C11,1740.0,1740.0,1.0,7.552138554614863,5.506675545972414,55.01269588676268
fixed,216.0,C12,1740.0,1740.0,1.0,7.62558793679496,5.506640398408751,55.01270672930626
fixed,216.0,C13,1740.0,1740.0,1.0,7.694469762738377,5.506607671737431,55.01271696308767
fixed,216.0,C14,1740.0,1740.0,1.0,7.758256671723386,5.506577130528967,55.01272664626557
fixed,216.0,C15,1740.0,1740.0,1.0,7.816570017088113,5.5065485216515855,55.01273584153962
fixed,216.0,C16,1740.0,1740.0,1.0,7.86958150568617,5.506521570113348,55.01274461720894
fixed,216.0,C17,1740.0,1740.0,1.0,7.9197298547587,5.506495971296711,55.012753049149026
fixed,216.0,C18,1740.0,1740.0,1.0,8.0,5.506471936409602,55.012761387903936
fixed,218.0,C01,1740.0,1740.0,1.0,6.335166590900118,5.506661834049876,50.41875510945095
fixed,218.0,C02,1740.0,1740.0,1.0,6.409915367443772,5.506772167065425,54.92752841828793
fixed,218.0,C03,1740.0,1740.0,1.0,6.4832460383816315,5.506878424670031,54.92739818190229
fixed,218.0,C04,1740.0,1740.0,1.0,6.5547166358267015,5.506980292735902,54.92727406810467
fixed,218.0,C05,1740.0,1740.0,1.0,6.623845982654081,5.507077460231853,54.9271562854449
fixed,218.0,C06,1740.0,1740.0,1.0,6.690119272723018,5.507169619037793,54.927045032151746
fixed,218.0,C07,1740.0,1740.0,1.0,6.752997820495817,5.507256463553682,54.92694049668266
fixed,218.0,C08,1740.0,1740.0,1.0,6.811934135287234,5.5073376900743085,54.92684285845819
fixed,218.0,C09,1740.0,1740.0,1.0,6.8663933242271,5.507412995890816,54.926752288802625
fixed,218.0,S01,1240.0,1240.0,1.0,1.7801868542356862,1.1798403467820922,68.86483751854938
fixed,218.0,S02,0.0,0.0,0.0,1.7807389892963663,0.0,65.41981129441115
fixed,218.0,S03,1240.0,1240.0,1.0,1.781271806114026,1.1798501199620008,68.86470423404836
fixed,218.0,S04,1240.0,1240.0,1.0,1.781785594284523,1.1798430653800818,68.8647224587493
fixed,218.0,S05,1240.0,1240.0,1.0,1.782280648968229,1.1798360993097285,68.86474052681395
fixed,218.0,S06,1240.0,1240.0,1.0,1.7827572707454995,1.1798292206898255,68.86475844078295
fixed,218.0,S07,1240.0,1240.0,1.0,1.7832157654721774,1.179822428408595,68.86477620330948
fixed,218.0,S08,1240.0,1240.0,1.0,1.7836564441354,1.1798157213038498,68.86479381715972
fixed,218.0,S09,1240.0,1240.0,1.0,1.7840796227099638,1.179809098163234,68.86481128521226
fixed,218.0,C10,1740.0,1740.0,1.0,7.474679259856348,5.507202696693367,54.92669763359056
fixed,218.0,C11,1740.0,1740.0,1.0,7.552138554614863,5.507164944567594,54.926709849118645
fixed,218.0,C12,1740.0,1740.0,1.0,7.62558793679496,5.5071298310576635,54.92672134861375
fixed,218.0,C13,1740.0,1740.0,1.0,7.694469762738377,5.507097136221867,54.92673219075337
fixed,218.0,C14,1740.0,1740.0,1.0,7.758256671723386,5.507066624845568,54.926742438446375
fixed,218.0,C15,1740.0,1740.0,1.0,7.816570017088113,5.507038044028144,54.9267521594962
fixed,218.0,C16,1740.0,1740.0,1.0,7.86958150568617,5.5070111190289115,54.926761427742385
fixed,218.0,C17,1740.0,1740.0,1.0,7.9197298547587,5.506985545508834,54.92677032519283
fixed,218.0,C18,1740.0,1740.0,1.0,8.0,5.50696153464019,54.92677909077814
fixed,220.0,C01,1740.0,1740.0,1.0,6.335166590900118,5.507062547910252,50.44431791107387
fixed,220.0,C02,1740.0,1740.0,1.0,6.409915367443772,5.507172955232007,54.843607454696865
fixed,220.0,C03,1740.0,1740.0,1.0,6.4832460383816315,5.507279283333094,54.84347761572359
fixed,220.0,C04,1740.0,1740.0,1.0,6.5547166358267015,5.507381218124033,54.843353864994306
fixed,220.0,C05,1740.0,1740.0,1.0,6.623845982654081,5.507478448623897,54.84323641407503
fixed,220.0,C06,1740.0,1740.0,1.0,6.690119272723018,5.507570666774488,54.84312546438517
fixed,220.0,C07,1740.0,1740.0,1.0,6.752997820495817,5.50765756704898,54.84302120774434
fixed,220.0,C08,1740.0,1740.0,1.0,6.811934135287234,5.507738845826358,54.84292382710531
fixed,220.0,C09,1740.0,1740.0,1.0,6.8663933242271,5.507814200492654,54.84283349749537
fixed,220.0,S01,1240.0,1240.0,1.0,1.7801868542356862,1.179924412530633,68.88413830279757
fixed,220.0,S02,0.0,0.0,0.0,1.7807389892963663,0.0,65.41967116572782
fixed,220.0,S03,1240.0,1240.0,1.0,1.781271806114026,1.1799341989072065,68.88400529006157
fixed,220.0,S04,1240.0,1240.0,1.0,1.781785594284523,1.1799271500345,68.88402480216101
fixed,220.0,S05,1240.0,1240.0,1.0,1.782280648968229,1.17992018960588,68.88404414013206
fixed,220.0,S06,1240.0,1240.0,1.0,1.7827572707454995,1.1799133165609934,68.88406330671232
fixed,220.0,S07,1240.0,1240.0,1.0,1.7832157654721774,1.179906529788865,68.88408230476142
fixed,220.0,S08,1240.0,1240.0,1.0,1.7836564441354,1.1798998281281485,68.88410113726164
fixed,220.0,S09,1240.0,1240.0,1.0,1.7840796227099638,1.1798932103673696,68.88411980731708
fixed,220.0,C10,1740.0,1740.0,1.0,7.474679259856348,5.507604264974319,54.84278564327681
fixed,220.0,C11,1740.0,1740.0,1.0,7.552138554614863,5.5075665427768605,54.8427985446776
fixed,220.0,C12,1740.0,1740.0,1.0,7.62558793679496,5.507531457210108,54.84281067877198
fixed,220.0,C13,1740.0,1740.0,1.0,7.694469762738377,5.5074987884971245,54.84282210853478
fixed,220.0,C14,1740.0,1740.0,1.0,7.758256671723386,5.507468301599596,54.842832901467254
fixed,220.0,C15,1740.0,1740.0,1.0,7.816570017088113,5.507439743806583,54.842843130306974
fixed,220.0,C16,1740.0,1740.0,1.0,7.86958150568617,5.507412840583601,54.84285287424971
fixed,220.0,C17,1740.0,1740.0,1.0,7.9197298547587,5.507387287820172,54.84286222123185
fixed,220.0,C18,1740.0,1740.0,1.0,8.0,5.507363296659201,54.84287139888618
fixed,222.0,C01,1740.0,1740.0,1.0,6.335166590900118,5.493679358765293,50.46938101097946
fixed,222.0,C02,1740.0,1740.0,1.0,6.409915367443772,5.493640891579921,54.761898580994014
fixed,222.0,C03,1740.0,1740.0,1.0,6.4832460383816315,5.493604937980482,54.761771040884724
fixed,222.0,C04,1740.0,1740.0,1.0,6.5547166358267015,5.493571367623624,54.761649464508196
fixed,222.0,C05,1740.0,1740.0,1.0,6.623845982654081,5.493540039523762,54.761534064075725
fixed,222.0,C06,1740.0,1740.0,1.0,6.690119272723018,5.493510802306766,54.76142504200032
fixed,222.0,C07,1740.0,1740.0,1.0,6.752997820495817,5.493483494418163,54.761322591432325
fixed,222.0,C08,1740.0,1740.0,1.0,6.811934135287234,5.493457944265136,54.76122689698062
fixed,222.0,C09,1740.0,1740.0,1.0,6.8663933242271,5.493433970266946,54.76113813564184
fixed,222.0,S01,1240.0,1240.0,1.0,1.7801868542356862,1.176892266973691,68.90321294128431
fixed,222.0,S02,124.0,124.0,0.1,1.7807389892963663,0.908694280013556,65.3923275896459
fixed,222.0,S03,1240.0,1240.0,1.0,1.781271806114026,1.1768830086149675,68.90308120173167
fixed,222.0,S04,1240.0,1240.0,1.0,1.781785594284523,1.1768757523351003,68.90310198817059
fixed,222.0,S05,1240.0,1240.0,1.0,1.782280648968229,1.176868586946438,68.90312258318549
fixed,222.0,S06,1240.0,1240.0,1.0,1.7827572707454995,1.1768615113609946,68.90314298970867
fixed,222.0,S07,1240.0,1240.0,1.0,1.7832157654721774,1.176854524438743,68.90316321080395
fixed,222.0,S08,1240.0,1240.0,1.0,1.7836564441354,1.1768476249878739,68.90318324966731
fixed,222.0,S09,1240.0,1240.0,1.0,1.7840796227099638,1.176840811765041,68.90320310962586
fixed,222.0,C10,1740.0,1740.0,1.0,7.474679259856348,5.49303216407265,54.761099449477804
fixed,222.0,C11,1740.0,1740.0,1.0,7.552138554614863,5.492993355241361,54.76111302984828
fixed,222.0,C12,1740.0,1740.0,1.0,7.62558793679496,5.492957255004756,54.76112579225586
fixed,222.0,C13,1740.0,1740.0,1.0,7.694469762738377,5.492923637613511,54.761137803920356
fixed,222.0,C14,1740.0,1740.0,1.0,7.758256671723386,5.492892261638203,54.761149136879496
fixed,222.0,C15,1740.0,1740.0,1.0,7.816570017088113,5.492862867491999,54.76115986874512
fixed,222.0,C16,1740.0,1740.0,1.0,7.86958150568617,5.492835173166054,54.7611700840043
fixed,222.0,C17,1740.0,1740.0,1.0,7.9197298547587,5.492808866264765,54.76117987645023
fixed,222.0,C18,1740.0,1740.0,1.0,8.0,5.492784158929024,54.761189462707094
fixed,224.0,C01,1740.0,1740.0,1.0,6.335166590900118,5.493729060620145,50.4938936837495
fixed,224.0,C02,1740.0,1740.0,1.0,6.409915367443772,5.493659641488336,54.682256568010445
fixed,224.0,C03,1740.0,1740.0,1.0,6.4832460383816315,5.493594094003841,54.68213258300425
fixed,224.0,C04,1740.0,1740.0,1.0,6.5547166358267015,5.493532326926465,54.682014377972145
fixed,224.0,C05,1740.0,1740.0,1.0,6.623845982654081,5.493474235557475,54.68190216415543
fixed,224.0,C06,1740.0,1740.0,1.0,6.690119272723018,5.493419702081522,54.681796143458364
fixed,224.0,C07,1740.0,1740.0,1.0,6.752997820495817,5.493368595896519,54.681696508967434
fixed,224.0,C08,1740.0,1740.0,1.0,6.811934135287234,5.493320773912302,54.68160344565396
fixed,224.0,C09,1740.0,1740.0,1.0,6.8663933242271,5.49327608079562,54.6815171312827
fixed,224.0,S01,1240.0,1240.0,1.0,1.7801868542356862,1.176855173801774,68.92203621712808
fixed,224.0,S02,248.0,248.0,0.2,1.7807389892963663,1.099957379421187,65.34055104897386
fixed,224.0,S03,1240.0,1240.0,1.0,1.781271806114026,1.1768419669261059,68.92190671252044
fixed,224.0,S04,1240.0,1240.0,1.0,1.781785594284523,1.176834707853275,68.92192875842046
fixed,224.0,S05,1240.0,1240.0,1.0,1.782280648968229,1.1768275397045416,68.92195059581796
fixed,224.0,S06,1240.0,1240.0,1.0,1.7827572707454995,1.1768204613915485,68.92197222783747
fixed,224.0,S07,1240.0,1240.0,1.0,1.7832157654721774,1.1768134717738796,68.92199365774454
fixed,224.0,S08,1240.0,1240.0,1.0,1.7836564441354,1.1768065696593157,68.92201488894608
fixed,224.0,S09,1240.0,1240.0,1.0,1.7840796227099638,1.1767997538040837,68.92203592498953
fixed,224.0,C10,1740.0,1740.0,1.0,7.474679259856348,5.492836163199723,54.681489090469015
fixed,224.0,C11,1740.0,1740.0,1.0,7.552138554614863,5.49279733974437,54.68150333559439
fixed,224.0,C12,1740.0,1740.0,1.0,7.62558793679496,5.49276122585063,54.68151671319792
fixed,224.0,C13,1740.0,1740.0,1.0,7.694469762738377,5.492727595688943,54.681529294652144
fixed,224.0,C14,1740.0,1740.0,1.0,7.758256671723386,5.49269620774402,54.68154115643281
fixed,224.0,C15,1740.0,1740.0,1.0,7.816570017088113,5.492666802336654,54.68155238092016
fixed,224.0,C16,1740.0,1740.0,1.0,7.86958150568617,5.492639097357577,54.681563057777815
fixed,224.0,C17,1740.0,1740.0,1.0,7.9197298547587,5.4926127802998685,54.6815732865287
fixed,224.0,C18,1740.0,1740.0,1.0,8.0,5.4925880633169015,54.68158327307708
fixed,226.0,C01,1740.0,1740.0,1.0,6.335166590900118,5.495998207783058,50.51781801091861
fixed,226.0,C02,1740.0,1740.0,1.0,6.409915367443772,5.495921585392844,54.60455748847937
fixed,226.0,C03,1740.0,1740.0,1.0,6.4832460383816315,5.495849147267251,54.60443769124273
fixed,226.0,C04,1740.0,1740.0,1.0,6.5547166358267015,5.495780812006045,54.60432346067503
fixed,226.0,C05,1740.0,1740.0,1.0,6.623845982654081,5.495716484124048,54.60421500616923
fixed,226.0,C06,1740.0,1740.0,1.0,6.690119272723018,5.495656054412937,54.60411252829689
fixed,226.0,C07,1740.0,1740.0,1.0,6.752997820495817,5.495599400299102,54.60401621930861
fixed,226.0,C08,1740.0,1740.0,1.0,6.811934135287234,5.495546386178896,54.60392626381456
fixed,226.0,C09,1740.0,1740.0,1.0,6.8663933242271,5.495496863709569,54.60384283966806
fixed,226.0,S01,1240.0,1240.0,1.0,1.7801868542356862,1.1773195535906338,68.94056344091736
fixed,226.0,S02,372.0,372.0,0.3,1.7807389892963663,1.1470248603856292,65.27963313019988
fixed,226.0,S03,1240.0,1240.0,1.0,1.781271806114026,1.1773054485617336,68.94043693670392
fixed,226.0,S04,1240.0,1240.0,1.0,1.781785594284523,1.1772982210248686,68.94046022391223
fixed,226.0,S05,1240.0,1240.0,1.0,1.782280648968229,1.1772910840406117,68.94048328579447
fixed,226.0,S06,1240.0,1240.0,1.0,1.7827572707454995,1.1772840365247954,68.94050612566456
fixed,226.0,S07,1240.0,1240.0,1.0,1.7832157654721774,1.1772770773414056,68.94052874698679
fixed,226.0,S08,1240.0,1240.0,1.0,1.7836564441354,1.1772702053028419,68.94055115337588
fixed,226.0,S09,1240.0,1240.0,1.0,1.7840796227099638,1.1772634191701636,68.94057334859627
fixed,226.0,C10,1740.0,1740.0,1.0,7.474679259856348,5.49504960475482,54.603826069862905
fixed,226.0,C11,1740.0,1740.0,1.0,7.552138554614863,5.49501094643631,54.60384095962132
fixed,226.0,C12,1740.0,1740.0,1.0,7.62558793679496,5.494974986758307,54.6038549337844
fixed,226.0,C13,1740.0,1740.0,1.0,7.694469762738377,5.494941500797507,54.603868067753005
fixed,226.0,C14,1740.0,1740.0,1.0,7.758256671723386,5.494910248008429,54.603880442308004
fixed,226.0,C15,1740.0,1740.0,1.0,7.816570017088113,5.494880969755248,54.60389214445521
fixed,226.0,C16,1740.0,1740.0,1.0,7.86958150568617,5.494853385062917,54.603903268879655
fixed,226.0,C17,1740.0,1740.0,1.0,7.9197298547587,5.494827182681793,54.60391392066237
fixed,226.0,C18,1740.0,1740.0,1.0,8.0,5.494802574622934,54.60392429527527
fixed,228.0,C01,1740.0,1740.0,1.0,6.335166590900118,5.49832869331653,50.54114287954685
fixed,228.0,C02,1740.0,1740.0,1.0,6.409915367443772,5.498249783180043,54.52871809666056
fixed,228.0,C03,1740.0,1740.0,1.0,6.4832460383816315,5.498175154416883,54.52860275572995
fixed,228.0,C04,1740.0,1740.0,1.0,6.5547166358267015,5.498104729280575,54.52849275592234
fixed,228.0,C05,1740.0,1740.0,1.0,6.623845982654081,5.4980384157612745,54.52838830433866
fixed,228.0,C06,1740.0,1740.0,1.0,6.690119272723018,5.497976107953451,54.52828959979462
fixed,228.0,C07,1740.0,1740.0,1.0,6.752997820495817,5.497917686422518,54.52819683330101
fixed,228.0,C08,1740.0,1740.0,1.0,6.811934135287234,5.497863018551861,54.52811018872089
fixed,228.0,C09,1740.0,1740.0,1.0,6.8663933242271,5.497811958848975,54.52802984362616
fixed,228.0,S01,1240.0,1240.0,1.0,1.7801868542356862,1.1778043248356826,68.95876100810736
fixed,228.0,S02,496.0,496.0,0.4,1.7807389892963663,1.163825085183061,65.22374991559026
fixed,228.0,S03,1240.0,1240.0,1.0,1.781271806114026,1.1777899498252185,68.95863808456669
fixed,228.0,S04,1240.0,1240.0,1.0,1.781785594284523,1.1777827552432165,68.95866259242011
fixed,228.0,S05,1240.0,1240.0,1.0,1.782280648968229,1.1777756508253996,68.95868685840773
fixed,228.0,S06,1240.0,1240.0,1.0,1.7827572707454995,1.1777686354919816,68.9587108860297
fixed,228.0,S07,1240.0,1240.0,1.0,1.7832157654721774,1.1777617081115554,68.95873467894569
fixed,228.0,S08,1240.0,1240.0,1.0,1.7836564441354,1.1777548675013527,68.95875824097477
fixed,228.0,S09,1240.0,1240.0,1.0,1.7840796227099638,1.1777481124274851,68.95878157609471
fixed,228.0,C10,1740.0,1740.0,1.0,7.474679259856348,5.497363462227208,54.52802448038109
fixed,228.0,C11,1740.0,1740.0,1.0,7.552138554614863,5.497324976506815,54.52803999202515
fixed,228.0,C12,1740.0,1740.0,1.0,7.62558793679496,5.497289178006688,54.52805454165641
fixed,228.0,C13,1740.0,1740.0,1.0,7.694469762738377,5.497255842751232,54.52806820856559
fixed,228.0,C14,1740.0,1740.0,1.0,7.758256671723386,5.4972247312091325,54.52808107769056
fixed,228.0,C15,1740.0,1740.0,1.0,7.816570017088113,5.497195585835671,54.528093240503594
fixed,228.0,C16,1740.0,1740.0,1.0,7.86958150568617,5.497168126841884,54.52810479653838
fixed,228.0,C17,1740.0,1740.0,1.0,7.9197298547587,5.497142044292887,54.52811585624272
fixed,228.0,C18,1740.0,1740.0,1.0,8.0,5.4971175500475296,54.52812660493995
fixed,230.0,C01,1740.0,1740.0,1.0,6.335166590900118,5.500384515283688,50.563873115712106
fixed,230.0,C02,1740.0,1740.0,1.0,6.409915367443772,5.500304772815329,54.454679772756684
fixed,230.0,C03,1740.0,1740.0,1.0,6.4832460383816315,5.500229345435276,54.45456896355164
fixed,230.0,C04,1740.0,1740.0,1.0,6.5547166358267015,5.5001581571232325,54.45446326684084
fixed,230.0,C05,1740.0,1740.0,1.0,6.623845982654081,5.500091117545983,54.454362887224036
fixed,230.0,C06,1740.0,1740.0,1.0,6.690119272723018,5.500028122426956,54.45426802155436
fixed,230.0,C07,1740.0,1740.0,1.0,6.752997820495817,5.499969053915919,54.45417885939842
fixed,230.0,C08,1740.0,1740.0,1.0,6.811934135287234,5.49991378094045,54.45409558366949
fixed,230.0,C09,1740.0,1740.0,1.0,6.8663933242271,5.499862159518059,54.454018371456655
fixed,230.0,S01,1240.0,1240.0,1.0,1.7801868542356862,1.1782337772117453,68.976607877046
fixed,230.0,S02,620.0,620.0,0.5,1.7807389892963663,1.1713292190498439,65.18433490176126
fixed,230.0,S03,1240.0,1240.0,1.0,1.781271806114026,1.178219315456098,68.97648896219857
fixed,230.0,S04,1240.0,1240.0,1.0,1.781785594284523,1.178212150069085,68.97651466841106
fixed,230.0,S05,1240.0,1240.0,1.0,1.782280648968229,1.1782050745019628,68.97654011652028
fixed,230.0,S06,1240.0,1240.0,1.0,1.7827572707454995,1.1781980876788296,68.97656531020928
fixed,230.0,S07,1240.0,1240.0,1.0,1.7832157654721774,1.1781911884723657,68.9765902533295
fixed,230.0,S08,1240.0,1240.0,1.0,1.7836564441354,1.1781843757040849,68.97661494990061
fixed,230.0,S09,1240.0,1240.0,1.0,1.7840796227099638,1.1781776481445827,68.97663940410986
fixed,230.0,C10,1740.0,1740.0,1.0,7.474679259856348,5.499414033678479,54.4540242973886
fixed,230.0,C11,1740.0,1740.0,1.0,7.552138554614863,5.499375700890923,54.4540404075535
fixed,230.0,C12,1740.0,1740.0,1.0,7.62558793679496,5.499340045199713,54.45405551098158
fixed,230.0,C13,1740.0,1740.0,1.0,7.694469762738377,5.499306843469425,54.4540696907118
fixed,230.0,C14,1740.0,1740.0,1.0,7.758256671723386,5.4992758570678175,54.45408303568771
fixed,230.0,C15,1740.0,1740.0,1.0,7.816570017088113,5.499246829417453,54.45409564168535
fixed,230.0,C16,1740.0,1740.0,1.0,7.86958150568617,5.499219481780844,54.45410761291042
fixed,230.0,C17,1740.0,1740.0,1.0,7.9197298547587,5.499193505388645,54.454119064981896
fixed,230.0,C18,1740.0,1740.0,1.0,8.0,5.499169111961868,54.45413017335256
fixed,232.0,C01,1740.0,1740.0,1.0,6.335166590900118,5.502127621220639,50.586021361498
fixed,232.0,C02,1740.0,1740.0,1.0,6.409915367443772,5.502047582744266,54.382396653624404
fixed,232.0,C03,1740.0,1740.0,1.0,6.4832460383816315,5.501971869994775,54.38229035310873
fixed,232.0,C04,1740.0,1740.0,1.0,6.5547166358267015,5.501900407898312,54.382188938029834
fixed,232.0,C05,1740.0,1740.0,1.0,6.623845982654081,5.501833107063384,54.382092610400164
fixed,232.0,C06,1740.0,1740.0,1.0,6.690119272723018,5.501769864150829,54.38200156501767
fixed,232.0,C07,1740.0,1740.0,1.0,6.752997820495817,5.501710562244513,54.38191598990574
fixed,232.0,C08,1740.0,1740.0,1.0,6.811934135287234,5.501655071204535,54.38183606692266
fixed,232.0,C09,1740.0,1740.0,1.0,6.8663933242271,5.501603247981814,54.38176197256315
fixed,232.0,S01,1240.0,1240.0,1.0,1.7801868542356862,1.1785985292729078,68.99409309744928
fixed,232.0,S02,744.0,744.0,0.6,1.7807389892963663,1.1751644161928299,65.17022979915522
fixed,232.0,S03,1240.0,1240.0,1.0,1.781271806114026,1.178584046280923,68.99397849887973
fixed,232.0,S04,1240.0,1240.0,1.0,1.781785594284523,1.1785769056868967,68.99400538026347
fixed,232.0,S05,1240.0,1240.0,1.0,1.782280648968229,1.1785698546202399,68.99403198761877
fixed,232.0,S06,1240.0,1240.0,1.0,1.7827572707454995,1.1785628920083544,68.99405832480798
fixed,232.0,S07,1240.0,1240.0,1.0,1.7832157654721774,1.1785560167273927,68.99408439587067
fixed,232.0,S08,1240.0,1240.0,1.0,1.7836564441354,1.1785492276025111,68.99411020502326
fixed,232.0,S09,1240.0,1240.0,1.0,1.7840796227099638,1.1785425234081146,68.99413575665844
fixed,232.0,C10,1740.0,1740.0,1.0,7.474679259856348,5.501155941851972,54.38177894785532
fixed,232.0,C11,1740.0,1740.0,1.0,7.552138554614863,5.501117738957855,54.381795633577866
fixed,232.0,C12,1740.0,1740.0,1.0,7.62558793679496,5.5010822045577505,54.38181126950272
fixed,232.0,C13,1740.0,1740.0,1.0,7.694469762738377,5.50104911623015,54.3818259422781
fixed,232.0,C14,1740.0,1740.0,1.0,7.758256671723386,5.5010182361067885,54.38183974470453
fixed,232.0,C15,1740.0,1740.0,1.0,7.816570017088113,5.500989308432146,54.38185277670209
fixed,232.0,C16,1740.0,1740.0,1.0,7.86958150568617,5.500962055362198,54.381865146974995
fixed,232.0,C17,1740.0,1740.0,1.0,7.9197298547587,5.500936169117969,54.381876976121305
fixed,232.0,C18,1740.0,1740.0,1.0,8.0,5.500911861301218,54.381888429994476
fixed,234.0,C01,1740.0,1740.0,1.0,6.335166590900118,5.503583797531922,50.60760354894568
fixed,234.0,C02,1740.0,1740.0,1.0,6.409915367443772,5.5035036872222705,54.311829047205876
fixed,234.0,C03,1740.0,1740.0,1.0,6.4832460383816315,5.50342790384094,54.31172718364405
fixed,234.0,C04,1740.0,1740.0,1.0,6.5547166358267015,5.503356372883318,54.311629982322366
fixed,234.0,C05,1740.0,1740.0,1.0,6.623845982654081,5.503289005539161,54.311537642643884
fixed,234.0,C06,1740.0,1740.0,1.0,6.690119272723018,5.503225699062424,54.31145035731849
fixed,234.0,C07,1740.0,1740.0,1.0,6.752997820495817,5.503166337142124,54.31136831278293
fixed,234.0,C08,1740.0,1740.0,1.0,6.811934135287234,5.503110790256063,54.311291689786884
fixed,234.0,C09,1740.0,1740.0,1.0,6.8663933242271,5.503058915986432,54.31122066416743
fixed,234.0,S01,1240.0,1240.0,1.0,1.7801868542356862,1.1789035064466684,69.01121313452228
fixed,234.0,S02,868.0,868.0,0.7,1.7807389892963663,1.1772860933045313,65.18812432710975
fixed,234.0,S03,1240.0,1240.0,1.0,1.781271806114026,1.1788890281119784,69.01110306607573
fixed,234.0,S04,1240.0,1240.0,1.0,1.781785594284523,1.1788819082444177,69.01113109907668
fixed,234.0,S05,1240.0,1240.0,1.0,1.782280648968229,1.178874877659587,69.01115884243987
fixed,234.0,S06,1240.0,1240.0,1.0,1.7827572707454995,1.178867935287652,69.01118630020346
fixed,234.0,S07,1240.0,1240.0,1.0,1.7832157654721774,1.1788610800076702,69.0112134765914
fixed,234.0,S08,1240.0,1240.0,1.0,1.7836564441354,1.1788543106478442,69.01124037601298
fixed,234.0,S09,1240.0,1240.0,1.0,1.7840796227099638,1.1788476259857659,69.01126700306223
fixed,234.0,C10,1740.0,1740.0,1.0,7.474679259856348,5.50261251099775,54.31124839444624
fixed,234.0,C11,1740.0,1740.0,1.0,7.552138554614863,5.502574416705991,54.31126563361954
fixed,234.0,C12,1740.0,1740.0,1.0,7.62558793679496,5.502538983713406,54.31128178153703
fixed,234.0,C13,1740.0,1740.0,1.0,7.694469762738377,5.502505990195612,54.31129692832214
fixed,234.0,C14,1740.0,1740.0,1.0,7.758256671723386,5.5024751989233325,54.31131117048913
fixed,234.0,C15,1740.0,1740.0,1.0,7.816570017088113,5.502446354828503,54.31132461194816
fixed,234.0,C16,1740.0,1740.0,1.0,7.86958150568617,5.502419180814383,54.311337365734765
fixed,234.0,C17,1740.0,1740.0,1.0,7.9197298547587,5.50239336993034,54.31134955724097
fixed,234.0,C18,1740.0,1740.0,1.0,8.0,5.502369133676881,54.311361342984895
fixed,236.0,C01,1740.0,1740.0,1.0,6.335166590900118,5.504792048542043,50.62863660131694
fixed,236.0,C02,1740.0,1740.0,1.0,6.409915367443772,5.5047119669020415,54.24294009550721
fixed,236.0,C03,1740.0,1740.0,1.0,6.4832460383816315,5.50463620932001,54.24284257405124
fixed,236.0,C04,1740.0,1740.0,1.0,6.5547166358267015,5.5045647016522725,54.24274949657489
fixed,236.0,C05,1740.0,1740.0,1.0,6.623845982654081,5.50449735546753,54.242661059883105
fixed,236.0,C06,1740.0,1740.0,1.0,6.690119272723018,5.504434068416306,54.242577454596194
fixed,236.0,C07,1740.0,1740.0,1.0,6.752997820495817,5.504374724601606,54.24249886555042
fixed,236.0,C08,1740.0,1740.0,1.0,6.811934135287234,5.504319194932641,54.24242547236107
fixed,236.0,C09,1740.0,1740.0,1.0,6.8663933242271,5.504267337440712,54.24235745017045
fixed,236.0,S01,1240.0,1240.0,1.0,1.7801868542356862,1.179156692300862,69.02796965013368
fixed,236.0,S02,992.0,992.0,0.8,1.7807389892963663,1.1785020822402792,65.24299232510144
fixed,236.0,S03,1240.0,1240.0,1.0,1.781271806114026,1.179142229097257,69.02786425332783
fixed,236.0,S04,1240.0,1240.0,1.0,1.781785594284523,1.1791351264336842,69.02789341440517
fixed,236.0,S05,1240.0,1240.0,1.0,1.782280648968229,1.179128112849711,69.02792227055055
fixed,236.0,S06,1240.0,1240.0,1.0,1.7827572707454995,1.1791211872777987,69.02795082597439
fixed,236.0,S07,1240.0,1240.0,1.0,1.7832157654721774,1.1791143485994173,69.0279790850812
fixed,236.0,S08,1240.0,1240.0,1.0,1.7836564441354,1.1791075956453003,69.02800705246936
fixed,236.0,S09,1240.0,1240.0,1.0,1.7840796227099638,1.179100927195687,69.02803473293014
fixed,236.0,C10,1740.0,1740.0,1.0,7.474679259856348,5.50382178900704,54.2423956207624
fixed,236.0,C11,1740.0,1740.0,1.0,7.552138554614863,5.503783784870212,54.24241339229793
fixed,236.0,C12,1740.0,1740.0,1.0,7.62558793679496,5.503748436058103,54.24243003265102
fixed,236.0,C13,1740.0,1740.0,1.0,7.694469762738377,5.503715521242183,54.242445635292285
fixed,236.0,C14,1740.0,1740.0,1.0,7.758256671723386,5.503684803723788,54.242460300312814
fixed,236.0,C15,1740.0,1740.0,1.0,7.816570017088113,5.503656029005711,54.24247413546571
fixed,236.0,C16,1740.0,1740.0,1.0,7.86958150568617,5.503628920611754,54.242487257958054
fixed,236.0,C17,1740.0,1740.0,1.0,7.9197298547587,5.503603172279135,54.24249979779893
fixed,236.0,C18,1740.0,1740.0,1.0,8.0,5.503578995423228,54.242511902427765
fixed,238.0,C01,1740.0,1740.0,1.0,6.335166590900118,5.5057911091017555,50.649137339055244
fixed,238.0,C02,1740.0,1740.0,1.0,6.409915367443772,5.505711103069703,54.175694185819346
fixed,238.0,C03,1740.0,1740.0,1.0,6.4832460383816315,5.505635416448287,54.17560090150715
fixed,238.0,C04,1740.0,1740.0,1.0,6.5547166358267015,5.5055639753267975,54.17551184830975
fixed,238.0,C05,1740.0,1740.0,1.0,6.623845982654081,5.505496691526507,54.175427220462815
fixed,238.0,C06,1740.0,1740.0,1.0,6.690119272723018,5.505433462969667,54.175347206512235
fixed,238.0,C07,1740.0,1740.0,1.0,6.752997820495817,5.505374174049792,54.17527198969588
fixed,238.0,C08,1740.0,1740.0,1.0,6.811934135287234,5.50531869598512,54.17520174848429
fixed,238.0,C09,1740.0,1740.0,1.0,6.8663933242271,5.505266887134394,54.175136657302616
fixed,238.0,S01,1240.0,1240.0,1.0,1.7801868542356862,1.1793661210728472,69.04436779983723
fixed,238.0,S02,1116.0,1116.0,0.9,1.7807389892963663,1.1791874235642987,65.33846284669912
fixed,238.0,S03,1240.0,1240.0,1.0,1.781271806114026,1.179351677004269,69.0442671607069
fixed,238.0,S04,1240.0,1240.0,1.0,1.781785594284523,1.179344588569462,69.04429742659192
fixed,238.0,S05,1240.0,1240.0,1.0,1.782280648968229,1.1793375890462068,69.04432737256198
fixed,238.0,S06,1240.0,1240.0,1.0,1.7827572707454995,1.1793306773688634,69.04435700299628
fixed,238.0,S07,1240.0,1240.0,1.0,1.7832157654721774,1.1793238524209002,69.04438632247627
fixed,238.0,S08,1240.0,1240.0,1.0,1.7836564441354,1.179317113035144,69.04441533578549
fixed,238.0,S09,1240.0,1240.0,1.0,1.7840796227099638,1.1793104579940243,69.04444404790848
fixed,238.0,C10,1740.0,1740.0,1.0,7.474679259856348,5.504822110944949,54.17518495006747
fixed,238.0,C11,1740.0,1740.0,1.0,7.552138554614863,5.504784181378443,54.175203233914594
fixed,238.0,C12,1740.0,1740.0,1.0,7.62558793679496,5.504748902193772,54.17522034811172
fixed,238.0,C13,1740.0,1740.0,1.0,7.694469762738377,5.504716052472655,54.17523638935459
fixed,238.0,C14,1740.0,1740.0,1.0,7.758256671723386,5.504685395955429,54.1752514611807
fixed,238.0,C15,1740.0,1740.0,1.0,7.816570017088113,5.504656678617187,54.1752656750459
fixed,238.0,C16,1740.0,1740.0,1.0,7.86958150568617,5.504629624495134,54.17527915217658
fixed,238.0,C17,1740.0,1740.0,1.0,7.9197298547587,5.504603927895569,54.17529202703035
fixed,238.0,C18,1740.0,1740.0,1.0,8.0,5.504579800162726,54.1753044382173
fixed,240.0,C01,1740.0,1740.0,1.0,6.335166590900118,5.50661563999213,50.66912200267707
fixed,240.0,C02,1740.0,1740.0,1.0,6.409915367443772,5.506535732236398,54.11005625224339
fixed,240.0,C03,1740.0,1740.0,1.0,6.4832460383816315,5.506460138484016,54.1099670965394
fixed,240.0,C04,1740.0,1740.0,1.0,6.5547166358267015,5.50638878497127,54.109881964631946
fixed,240.0,C05,1740.0,1740.0,1.0,6.623845982654081,5.50632158368589,54.109801048225336
fixed,240.0,C06,1740.0,1740.0,1.0,6.690119272723018,5.506258432735557,54.10972453381532
fixed,240.0,C07,1740.0,1740.0,1.0,6.752997820495817,5.506199216717724,54.10965260305242
fixed,240.0,C08,1740.0,1740.0,1.0,6.811934135287234,5.506143807072707,54.10958543326075
fixed,240.0,C09,1740.0,1740.0,1.0,6.8663933242271,5.506092062399146,54.10952319813471
fixed,240.0,S01,1240.0,1240.0,1.0,1.7801868542356862,1.1795390180300902,69.06041497329858
fixed,240.0,S02,1240.0,1240.0,1.0,1.7807389892963663,1.1795317608074396,65.4771203813571
fixed,240.0,S03,1240.0,1240.0,1.0,1.781271806114026,1.179524594332274,69.06031913551558
fixed,240.0,S04,1240.0,1240.0,1.0,1.781785594284523,1.1795175176429205,69.06035048338028
fixed,240.0,S05,1240.0,1240.0,1.0,1.782280648968229,1.179510529726368,69.0603814966524
fixed,240.0,S06,1240.0,1240.0,1.0,1.7827572707454995,1.179503629518546,69.06041217987645
fixed,240.0,S07,1240.0,1240.0,1.0,1.7832157654721774,1.1794968159045718,69.06044253780728
fixed,240.0,S08,1240.0,1240.0,1.0,1.7836564441354,1.1794900877190009,69.06047257540975
fixed,240.0,S09,1240.0,1240.0,1.0,1.7840796227099638,1.1794834437460715,69.0605022978578
fixed,240.0,C10,1740.0,1740.0,1.0,7.474679259856348,5.505647967779745,54.10958129944294
fixed,240.0,C11,1740.0,1740.0,1.0,7.552138554614863,5.505610099773484,54.109600076544695
fixed,240.0,C12,1740.0,1740.0,1.0,7.62558793679496,5.505574878067728,54.109617646918494
fixed,240.0,C13,1740.0,1740.0,1.0,7.694469762738377,5.505542082082942,54.10963411036893
fixed,240.0,C14,1740.0,1740.0,1.0,7.758256671723386,5.505511475921955,54.1096495737557
fixed,240.0,C15,1740.0,1740.0,1.0,7.816570017088113,5.505482805949836,54.109664152103846
fixed,240.0,C16,1740.0,1740.0,1.0,7.86958150568617,5.50545579662771,54.10967797051407
fixed,240.0,C17,1740.0,1740.0,1.0,7.9197298547587,5.505430142731772,54.10969116773199
fixed,240.0,C18,1740.0,1740.0,1.0,8.0,5.505406055547023,54.10970387378061
fixed,242.0,C01,1740.0,1740.0,1.0,6.335166590900118,5.507294872585042,50.68860608519135
fixed,242.0,C02,1740.0,1740.0,1.0,6.409915367443772,5.507215068678085,54.04599152004716
fixed,242.0,C03,1740.0,1740.0,1.0,6.4832460383816315,5.507139573317141,54.045906384169676
fixed,242.0,C04,1740.0,1740.0,1.0,6.5547166358267015,5.507068312830721,54.04582507031151
fixed,242.0,C05,1740.0,1740.0,1.0,6.623845982654081,5.507001199316882,54.04574776768836
fixed,242.0,C06,1740.0,1740.0,1.0,6.690119272723018,5.506938131011274,54.045674660774985
fixed,242.0,C07,1740.0,1740.0,1.0,6.752997820495817,5.506878992656516,54.04560592965064
fixed,242.0,C08,1740.0,1740.0,1.0,6.811934135287234,5.506823655854827,54.04554175049664
fixed,242.0,C09,1740.0,1740.0,1.0,6.8663933242271,5.506771979383114,54.04548229626834
fixed,242.0,S01,1240.0,1240.0,1.0,1.7801868542356862,1.1796814816677124,69.07611989246517
fixed,242.0,S02,1240.0,1240.0,1.0,1.7807389892963663,1.1796742343544644,65.60096053194744
fixed,242.0,S03,1240.0,1240.0,1.0,1.781271806114026,1.1796670776719806,69.07602886753885
fixed,242.0,S04,1240.0,1240.0,1.0,1.781785594284523,1.1796600106597424,69.07606127509938
fixed,242.0,S05,1240.0,1240.0,1.0,1.782280648968229,1.179653032305967,69.07609333368804
fixed,242.0,S06,1240.0,1240.0,1.0,1.7827572707454995,1.1796461415478772,69.07612504801129
fixed,242.0,S07,1240.0,1240.0,1.0,1.7832157654721774,1.1796393372719483,69.07615642299382
fixed,242.0,S08,1240.0,1240.0,1.0,1.7836564441354,1.179632618314162,69.07618746377818
fixed,242.0,S09,1240.0,1240.0,1.0,1.7840796227099638,1.1796259834602474,69.07621817572378
fixed,242.0,C10,1740.0,1740.0,1.0,7.474679259856348,5.506328474448227,54.04554990064479
fixed,242.0,C11,1740.0,1740.0,1.0,7.552138554614863,5.506290657164706,54.04556915286993
fixed,242.0,C12,1740.0,1740.0,1.0,7.62558793679496,5.506255482818309,54.04558716261385
fixed,242.0,C13,1740.0,1740.0,1.0,7.694469762738377,5.506222731108666,54.045604032679186
fixed,242.0,C14,1740.0,1740.0,1.0,7.758256671723386,5.506192166437326,54.04561987312934
fixed,242.0,C15,1740.0,1740.0,1.0,7.816570017088113,5.506163535490748,54.04563480243124
fixed,242.0,C16,1740.0,1740.0,1.0,7.86958150568617,5.506136563079401,54.0456489494217
fixed,242.0,C17,1740.0,1740.0,1.0,7.9197298547587,5.506110944366718,54.04566245698127
fixed,242.0,C18,1740.0,1740.0,1.0,8.0,5.50608689058856,54.045675446781246
fixed,244.0,C01,1740.0,1740.0,1.0,6.335166590900118,5.507852245371344,50.707604316164776
fixed,244.0,C02,1740.0,1740.0,1.0,6.409915367443772,5.50777252668434,53.9834654638748
fixed,244.0,C03,1740.0,1740.0,1.0,6.4832460383816315,5.507697112064657,53.98338424065205
fixed,244.0,C04,1740.0,1740.0,1.0,6.5547166358267015,5.507625927916491,53.98330664312033
fixed,244.0,C05,1740.0,1740.0,1.0,6.623845982654081,5.507558886428441,53.98323285805161
fixed,244.0,C06,1740.0,1740.0,1.0,6.690119272723018,5.507495885941188,53.983163067931294
fixed,244.0,C07,1740.0,1740.0,1.0,6.752997820495817,5.507436811316479,53.983097451286234
fixed,244.0,C08,1740.0,1740.0,1.0,6.811934135287234,5.507381534289408,53.98303618316157
fixed,244.0,C09,1740.0,1740.0,1.0,6.8663933242271,5.507329913783182,53.98297943576871
fixed,244.0,S01,1240.0,1240.0,1.0,1.7801868542356862,1.1797983857266487,69.09149198939778
fixed,244.0,S02,1240.0,1240.0,1.0,1.7807389892963663,1.1797911465442152,65.71306681773743
fixed,244.0,S03,1240.0,1240.0,1.0,1.781271806114026,1.1797839978967575,69.09140576467611
fixed,244.0,S04,1240.0,1240.0,1.0,1.781785594284523,1.1797769388247077,69.09143921025087
fixed,244.0,S05,1240.0,1240.0,1.0,1.782280648968229,1.1797699683172913,69.09147229276508
fixed,244.0,S06,1240.0,1240.0,1.0,1.7827572707454995,1.17976308531279,69.0915050170838
fixed,244.0,S07,1240.0,1240.0,1.0,1.7832157654721774,1.179756288698797,69.0915373882982
fixed,244.0,S08,1240.0,1240.0,1.0,1.7836564441354,1.1797495773124629,69.09156941172489
fixed,244.0,S09,1240.0,1240.0,1.0,1.7840796227099638,1.1797429499407395,69.09160109290502
fixed,244.0,C10,1740.0,1740.0,1.0,7.474679259856348,5.506886892726124,53.98305624761671
fixed,244.0,C11,1740.0,1740.0,1.0,7.552138554614863,5.506849117063276,53.98307595768794
fixed,244.0,C12,1740.0,1740.0,1.0,7.62558793679496,5.506813981577356,53.98309439078931
fixed,244.0,C13,1740.0,1740.0,1.0,7.694469762738377,5.5067812661970805,53.98311165261575
fixed,244.0,C14,1740.0,1740.0,1.0,7.758256671723386,5.506750735569161,53.983127856321204
fixed,244.0,C15,1740.0,1740.0,1.0,7.816570017088113,5.506722136643805,53.983143123692955
fixed,244.0,C16,1740.0,1740.0,1.0,7.86958150568617,5.50669519451818,53.98315758717193
fixed,244.0,C17,1740.0,1740.0,1.0,7.9197298547587,5.506669604673514,53.98317139362751
fixed,244.0,C18,1740.0,1740.0,1.0,8.0,5.506645578305115,53.98318465660799
fixed,246.0,C01,1740.0,1740.0,1.0,6.335166590900118,5.508309621007359,50.72613067722396
fixed,246.0,C02,1740.0,1740.0,1.0,6.409915367443772,5.508229972252838,53.92244381133206
fixed,246.0,C03,1740.0,1740.0,1.0,6.4832460383816315,5.508154623890159,53.92236639600658
fixed,246.0,C04,1740.0,1740.0,1.0,6.5547166358267015,5.50808350238563,53.92229241536379
fixed,246.0,C05,1740.0,1740.0,1.0,6.623845982654081,5.508016520002155,53.92222205377761
fixed,246.0,C06,1740.0,1740.0,1.0,6.690119272723018,5.507953575166608,53.92215549177695
fixed,246.0,C07,1740.0,1740.0,1.0,6.752997820495817,5.507894552838507,53.92209290635666
fixed,246.0,C08,1740.0,1740.0,1.0,6.811934135287234,5.5078393248619895,53.922034471434245
fixed,246.0,C09,1740.0,1740.0,1.0,6.8663933242271,5.507787750280323,53.92198035847444
fixed,246.0,S01,1240.0,1240.0,1.0,1.7801868542356862,1.1798943159544595,69.10654094807589
fixed,246.0,S02,1240.0,1240.0,1.0,1.7807389892963663,1.179887083443594,65.81582016774047
fixed,246.0,S03,1240.0,1240.0,1.0,1.781271806114026,1.1798799413890968,69.10645949286177
fixed,246.0,S04,1240.0,1240.0,1.0,1.781785594284523,1.1798728888321812,69.1064939553957
fixed,246.0,S05,1240.0,1240.0,1.0,1.782280648968229,1.1798659247628986,69.1065280410629
fixed,246.0,S06,1240.0,1240.0,1.0,1.7827572707454995,1.179859048120403,69.10656175488396
fixed,246.0,S07,1240.0,1240.0,1.0,1.7832157654721774,1.1798522577932016,69.10659510211308
fixed,246.0,S08,1240.0,1240.0,1.0,1.7836564441354,1.179845552619405,69.1066280882375
fixed,246.0,S09,1240.0,1240.0,1.0,1.7840796227099638,1.1798389313869704,69.10666071897649
fixed,246.0,C10,1740.0,1740.0,1.0,7.474679259856348,5.507345126281094,53.922066092460696
fixed,246.0,C11,1740.0,1740.0,1.0,7.552138554614863,5.507307384770502,53.92208624388392
fixed,246.0,C12,1740.0,1740.0,1.0,7.62558793679496,5.50727228117167,53.92210508505806
fixed,246.0,C13,1740.0,1740.0,1.0,7.694469762738377,5.507239595601331,53.92212272446908
fixed,246.0,C14,1740.0,1740.0,1.0,7.758256671723386,5.507209092907387,53.92213927825335
fixed,246.0,C15,1740.0,1740.0,1.0,7.816570017088113,5.5071805202564885,53.92215487140222
fixed,246.0,C16,1740.0,1740.0,1.0,7.86958150568617,5.507153602981086,53.9221696398345
fixed,246.0,C17,1740.0,1740.0,1.0,7.9197298547587,5.507128036823212,53.92218373426868
fixed,246.0,C18,1740.0,1740.0,1.0,8.0,5.507104032944735,53.92219726035228
fixed,248.0,C01,1740.0,1740.0,1.0,6.335166590900118,5.508684939800345,50.74419845494557
fixed,248.0,C02,1740.0,1740.0,1.0,6.409915367443772,5.508605348432993,53.862892596679714
fixed,248.0,C03,1740.0,1740.0,1.0,6.4832460383816315,5.5085300544412075,53.86281888721656
fixed,248.0,C04,1740.0,1740.0,1.0,6.5547166358267015,5.508458984342269,53.8627484266051
fixed,248.0,C05,1740.0,1740.0,1.0,6.623845982654081,5.50839205046007,53.862681396867124
fixed,248.0,C06,1740.0,1740.0,1.0,6.690119272723018,5.508329151292214,53.86261797660839
fixed,248.0,C07,1740.0,1740.0,1.0,6.752997820495817,5.5082701718784515,53.862558341313076
fixed,248.0,C08,1740.0,1740.0,1.0,6.811934135287234,5.508214984152416,53.862502663780845
fixed,248.0,C09,1740.0,1740.0,1.0,6.8663933242271,5.508163447255896,53.862451114728685
fixed,248.0,S01,1240.0,1240.0,1.0,1.7801868542356862,1.1799730353277265,69.12127640079808
fixed,248.0,S02,1240.0,1240.0,1.0,1.7807389892963663,1.17996580829115,65.91106028476628
fixed,248.0,S03,1240.0,1240.0,1.0,1.781271806114026,1.179958671646435,69.12119967102072
fixed,248.0,S04,1240.0,1240.0,1.0,1.781785594284523,1.1799516244354362,69.12123513008677
fixed,248.0,S05,1240.0,1240.0,1.0,1.782280648968229,1.179944665648882,69.12127019875443
fixed,248.0,S06,1240.0,1240.0,1.0,1.7827572707454995,1.1799377942266414,69.1213048821967
fixed,248.0,S07,1240.0,1240.0,1.0,1.7832157654721774,1.1799310090579729,69.12133918582761
fixed,248.0,S08,1240.0,1240.0,1.0,1.7836564441354,1.1799243089817755,69.12137311530164
fixed,248.0,S09,1240.0,1240.0,1.0,1.7840796227099638,1.1799176927868305,69.1214066765126
fixed,248.0,C10,1740.0,1740.0,1.0,7.474679259856348,5.507721149073471,53.862545495585636
fixed,248.0,C11,1740.0,1740.0,1.0,7.552138554614863,5.507683435587044,53.86256607258513
fixed,248.0,C12,1740.0,1740.0,1.0,7.62558793679496,5.507648358153491,53.86258530721486
fixed,248.0,C13,1740.0,1740.0,1.0,7.694469762738377,5.507615697043836,53.86260331065484
fixed,248.0,C14,1740.0,1740.0,1.0,7.758256671723386,5.507585217271088,53.862620201920244
fixed,248.0,C15,1740.0,1740.0,1.0,7.816570017088113,5.5075566661795206,53.862636109095114
fixed,248.0,C16,1740.0,1740.0,1.0,7.86958150568617,5.507529769294672,53.86265117145521
fixed,248.0,C17,1740.0,1740.0,1.0,7.9197298547587,5.5075042225725905,53.86266554343424
fixed,248.0,C18,1740.0,1740.0,1.0,8.0,5.507480237147614,53.86267932299501
fixed,250.0,C01,1740.0,1740.0,1.0,6.335166590900118,5.508992923414331,50.76182030422279
fixed,250.0,C02,1740.0,1740.0,1.0,6.409915367443772,5.508913379139191,53.804778227173145
fixed,250.0,C03,1740.0,1740.0,1.0,6.4832460383816315,5.508838129764349,53.80470812433761
fixed,250.0,C04,1740.0,1740.0,1.0,6.5547166358267015,5.508767101848922,53.80464108955481
fixed,250.0,C05,1740.0,1740.0,1.0,6.623845982654081,5.508700207766839,53.80457730254011
fixed,250.0,C06,1740.0,1740.0,1.0,6.690119272723018,5.508637346073759,53.80451694000963
fixed,250.0,C07,1740.0,1740.0,1.0,6.752997820495817,5.5085784018752735,53.804460175958724
fixed,250.0,C08,1740.0,1740.0,1.0,6.811934135287234,5.508523247178451,53.804407182079956
fixed,250.0,C09,1740.0,1740.0,1.0,6.8663933242271,5.508471741205941,53.80435812834264
fixed,250.0,S01,1240.0,1240.0,1.0,1.7801868542356862,1.1800376316805865,69.13570773488097
fixed,250.0,S02,1240.0,1240.0,1.0,1.7807389892963663,1.1800304091359362,66.00020993079598
fixed,250.0,S03,1240.0,1240.0,1.0,1.781271806114026,1.180023276930211,69.13563567665993
fixed,250.0,S04,1240.0,1240.0,1.0,1.781785594284523,1.1800162341057923,69.13567211244587
fixed,250.0,S05,1240.0,1240.0,1.0,1.782280648968229,1.180009279653965,69.13570814456841
fixed,250.0,S06,1240.0,1240.0,1.0,1.7827572707454995,1.1800024125151845,69.13574377834995
fixed,250.0,S07,1240.0,1240.0,1.0,1.7832157654721774,1.1799956315793267,69.13577901936122
fixed,250.0,S08,1240.0,1240.0,1.0,1.7836564441354,1.1799889356859365,69.13581387342062
fixed,250.0,S09,1240.0,1240.0,1.0,1.7840796227099638,1.1799823236244715,69.1358483465931
fixed,250.0,C10,1740.0,1740.0,1.0,7.474679259856348,5.508029710382374,53.80446089044249
fixed,250.0,C11,1740.0,1740.0,1.0,7.552138554614863,5.507992019891746,53.80448187790343
fixed,250.0,C12,1740.0,1740.0,1.0,7.62558793679496,5.507956963928531,53.80450149198549
fixed,250.0,C13,1740.0,1740.0,1.0,7.694469762738377,5.507924322890369,53.80451984646972
fixed,250.0,C14,1740.0,1740.0,1.0,7.758256671723386,5.507893861925762,53.80453706315061
fixed,250.0,C15,1740.0,1740.0,1.0,7.816570017088113,5.50786532852475,53.80455327309803
fixed,250.0,C16,1740.0,1740.0,1.0,7.86958150568617,5.50783844837132,53.804568618828704
fixed,250.0,C17,1740.0,1740.0,1.0,7.9197298547587,5.507812917597158,53.80458325836306
fixed,250.0,C18,1740.0,1740.0,1.0,8.0,5.507788947313933,53.80459728218918
fixed,252.0,C01,1740.0,1740.0,1.0,6.335166590900118,5.50924565232371,50.779008310470935
fixed,252.0,C02,1740.0,1740.0,1.0,6.409915367443772,5.509166146692575,53.748067546184835
fixed,252.0,C03,1740.0,1740.0,1.0,6.4832460383816315,5.509090933930467,53.74800095351647
fixed,252.0,C04,1740.0,1740.0,1.0,6.5547166358267015,5.50901994063082,53.7479372529907
fixed,252.0,C05,1740.0,1740.0,1.0,6.623845982654081,5.50895307920864,53.74787662206166
fixed,252.0,C06,1740.0,1740.0,1.0,6.690119272723018,5.508890248267218,53.74781923558936
fixed,252.0,C07,1740.0,1740.0,1.0,6.752997820495817,5.508831332966182,53.747765266102505
fixed,252.0,C08,1740.0,1740.0,1.0,6.811934135287234,5.508776205372866,53.74771488419787
fixed,252.0,C09,1740.0,1740.0,1.0,6.8663933242271,5.508724724776272,53.747668259098255
fixed,252.0,S01,1240.0,1240.0,1.0,1.7801868542356862,1.1800906388420054,69.14984397710674
fixed,252.0,S02,1240.0,1240.0,1.0,1.7807389892963663,1.1800834199832368,66.08437065008886
fixed,252.0,S03,1240.0,1240.0,1.0,1.781271806114026,1.1800762914199538,69.14977652946806
fixed,252.0,S04,1240.0,1240.0,1.0,1.781785594284523,1.1800692521949692,69.14981392275422
fixed,252.0,S05,1240.0,1240.0,1.0,1.782280648968229,1.1800623013000238,69.149850899371
fixed,252.0,S06,1240.0,1240.0,1.0,1.7827572707454995,1.1800554376760564,69.14988746478731
fixed,252.0,S07,1240.0,1240.0,1.0,1.7832157654721774,1.1800486602134466,69.14992362472749
fixed,252.0,S08,1240.0,1240.0,1.0,1.7836564441354,1.1800419677522715,69.14995938517072
fixed,252.0,S09,1240.0,1240.0,1.0,1.7840796227099638,1.180035359082544,69.14999475234968
fixed,252.0,C10,1740.0,1740.0,1.0,7.474679259856348,5.508282913342689,53.74777914596036
fixed,252.0,C11,1740.0,1740.0,1.0,7.552138554614863,5.508245241721822,53.74780052937855
fixed,252.0,C12,1740.0,1740.0,1.0,7.62558793679496,5.508210203376537,53.74782050947681
fixed,252.0,C13,1740.0,1740.0,1.0,7.694469762738377,5.50817757880838,53.74783920254779
fixed,252.0,C14,1740.0,1740.0,1.0,7.758256671723386,5.508147133277038,53.74785673306972
fixed,252.0,C15,1740.0,1740.0,1.0,7.816570017088113,5.508118614392178,53.74787323499562
fixed,252.0,C16,1740.0,1740.0,1.0,7.86958150568617,5.508091747967811,53.74788885397167
fixed,252.0,C17,1740.0,1740.0,1.0,7.9197298547587,5.508066230279749,53.74790375148163
fixed,252.0,C18,1740.0,1740.0,1.0,8.0,5.508042272421024,53.747918010743
fixed,254.0,C01,1740.0,1740.0,1.0,6.335166590900118,5.5094530396659165,50.79577404615746
fixed,254.0,C02,1740.0,1740.0,1.0,6.409915367443772,5.509373565746094,53.69272788724296
fixed,254.0,C03,1740.0,1740.0,1.0,6.4832460383816315,5.509298383028383,53.69266471098578
fixed,254.0,C04,1740.0,1740.0,1.0,6.5547166358267015,5.509227418134396,53.692604255710634
fixed,254.0,C05,1740.0,1740.0,1.0,6.623845982654081,5.509160583512836,53.69254669665513
fixed,254.0,C06,1740.0,1740.0,1.0,6.690119272723018,5.509097777806087,53.69249220685642
fixed,254.0,C07,1740.0,1740.0,1.0,6.752997820495817,5.509038886218117,53.69244095739892
fixed,254.0,C08,1740.0,1740.0,1.0,6.811934135287234,5.508983780865722,53.69239311779548
fixed,254.0,C09,1740.0,1740.0,1.0,6.8663933242271,5.508932321092347,53.692348856524255
fixed,254.0,S01,1240.0,1240.0,1.0,1.7801868542356862,1.1801341360363378,69.16369373213885
fixed,254.0,S02,1240.0,1240.0,1.0,1.7807389892963663,1.180126920202069,66.16439649217934
fixed,254.0,S03,1240.0,1240.0,1.0,1.781271806114026,1.180119794627639,69.16363082908184
fixed,254.0,S04,1240.0,1240.0,1.0,1.781785594284523,1.1801127583562139,69.16366916121373
fixed,254.0,S05,1240.0,1240.0,1.0,1.782280648968229,1.1801058103799107,69.16370706392205
fixed,254.0,S06,1240.0,1240.0,1.0,1.7827572707454995,1.1800989496400618,69.16374454281939
fixed,254.0,S07,1240.0,1240.0,1.0,1.7832157654721774,1.1800921750274633,69.1637816037807
fixed,254.0,S08,1240.0,1240.0,1.0,1.7836564441354,1.1800854853826273,69.16381825294283
fixed,254.0,S09,1240.0,1240.0,1.0,1.7840796227099638,1.1800788794960213,69.163854496703
fixed,254.0,C10,1740.0,1740.0,1.0,7.474679259856348,5.508490689686717,53.69246762032641
fixed,254.0,C11,1740.0,1740.0,1.0,7.552138554614863,5.5084530335499515,53.692489385764716
fixed,254.0,C12,1740.0,1740.0,1.0,7.62558793679496,5.50841800966149,53.69250971896948
fixed,254.0,C13,1740.0,1740.0,1.0,7.694469762738377,5.508385398608149,53.69252873865896
fixed,254.0,C14,1740.0,1740.0,1.0,7.758256671723386,5.5083549657408595,53.69254657190323
fixed,254.0,C15,1740.0,1740.0,1.0,7.816570017088113,5.508326458767446,53.69256335543963
fixed,254.0,C16,1740.0,1740.0,1.0,7.86958150568617,5.508299603608627,53.692579237936535
fixed,254.0,C17,1740.0,1740.0,1.0,7.9197298547587,5.508274096658492,53.692594384222275
fixed,254.0,C18,1740.0,1740.0,1.0,8.0,5.508250148994737,53.6926088704423
fixed,256.0,C01,1740.0,1740.0,1.0,6.335166590900118,5.5096232200803295,50.812128620378466
fixed,256.0,C02,1740.0,1740.0,1.0,6.409915367443772,5.509543772182788,53.63872711760179
fixed,256.0,C03,1740.0,1740.0,1.0,6.4832460383816315,5.509468614119465,53.63866726661856
fixed,256.0,C04,1740.0,1740.0,1.0,6.5547166358267015,5.509397672535086,53.6386099700718
fixed,256.0,C05,1740.0,1740.0,1.0,6.623845982654081,5.509330859906011,53.63855540102667
fixed,256.0,C06,1740.0,1740.0,1.0,6.690119272723018,5.509268074906708,53.63850373073053
fixed,256.0,C07,1740.0,1740.0,1.0,6.752997820495817,5.509209202777528,53.63845512884586
fixed,256.0,C08,1740.0,1740.0,1.0,6.811934135287234,5.509154115675852,53.63840976381383
fixed,256.0,C09,1740.0,1740.0,1.0,6.8663933242271,5.509102672989812,53.63836780337053
fixed,256.0,S01,1240.0,1240.0,1.0,1.7801868542356862,1.1801698294481244,69.17726515764889
fixed,256.0,S02,1240.0,1240.0,1.0,1.7807389892963663,1.1801626160956653,66.24095079037058
fixed,256.0,S03,1240.0,1240.0,1.0,1.781271806114026,1.180155492973793,69.17720672971627
fixed,256.0,S04,1240.0,1240.0,1.0,1.781785594284523,1.1801484591259637,69.17724598257497
fixed,256.0,S05,1240.0,1240.0,1.0,1.782280648968229,1.1801415135446023,69.17728479350073
fixed,256.0,S06,1240.0,1240.0,1.0,1.7827572707454995,1.1801346551713654,69.17732316824713
fixed,256.0,S07,1240.0,1240.0,1.0,1.7832157654721774,1.1801278828973902,69.17736111283685
fixed,256.0,S08,1240.0,1240.0,1.0,1.7836564441354,1.1801211955635453,69.17739863356135
fixed,256.0,S09,1240.0,1240.0,1.0,1.7840796227099638,1.1801145919606733,69.17743573697922
fixed,256.0,C10,1740.0,1740.0,1.0,7.474679259856348,5.508661189312531,53.63849420449204
fixed,256.0,C11,1740.0,1740.0,1.0,7.552138554614863,5.508623545881712,53.638516338542374
fixed,256.0,C12,1740.0,1740.0,1.0,7.62558793679496,5.508588533856199,53.638537012435094
fixed,256.0,C13,1740.0,1740.0,1.0,7.694469762738377,5.508555933892781,53.63855634723119
fixed,256.0,C14,1740.0,1740.0,1.0,7.758256671723386,5.508525511417264,53.63857447250404
fixed,256.0,C15,1740.0,1740.0,1.0,7.816570017088113,5.508497014218027,53.63859152768015
fixed,256.0,C16,1740.0,1740.0,1.0,7.86958150568617,5.508470168303352,53.638607664346765
fixed,256.0,C17,1740.0,1740.0,1.0,7.9197298547587,5.50844467016439,53.638623050562465
fixed,256.0,C18,1740.0,1740.0,1.0,8.0,5.508420730866227,53.63863775559368
fixed,258.0,C01,1740.0,1740.0,1.0,6.335166590900118,5.509762868786087,50.82808272160393
fixed,258.0,C02,1740.0,1740.0,1.0,6.409915367443772,5.509683442242383,53.586033671848945
fixed,258.0,C03,1740.0,1740.0,1.0,6.4832460383816315,5.509608304410382,53.58597705753207
fixed,258.0,C04,1740.0,1740.0,1.0,6.5547166358267015,5.509537381953785,53.585922835591276
fixed,258.0,C05,1740.0,1740.0,1.0,6.623845982654081,5.509470587371646,53.58587117696274
fixed,258.0,C06,1740.0,1740.0,1.0,6.690119272723018,5.509407819364755,53.58582225113674
fixed,258.0,C07,1740.0,1740.0,1.0,6.752997820495817,5.509348963203327,53.58577622637622
fixed,258.0,C08,1740.0,1740.0,1.0,6.811934135287234,5.509293891078045,53.58573327006311
fixed,258.0,C09,1740.0,1740.0,1.0,6.8663933242271,5.50924246241371,53.58569354919466
fixed,258.0,S01,1240.0,1240.0,1.0,1.7801868542356862,1.180199119151886,69.19056596373345
fixed,258.0,S02,1240.0,1240.0,1.0,1.7807389892963663,1.1801919078359326,66.31454989019797
fixed,258.0,S03,1240.0,1240.0,1.0,1.781271806114026,1.1801847867265611,69.19051193920185
fixed,258.0,S04,1240.0,1240.0,1.0,1.781785594284523,1.1801777548674668,69.19055209517374
fixed,258.0,S05,1240.0,1240.0,1.0,1.782280648968229,1.1801708112513272,69.19059179694172
fixed,258.0,S06,1240.0,1240.0,1.0,1.7827572707454995,1.180163954820064,69.19063105039756
fixed,258.0,S07,1240.0,1240.0,1.0,1.7832157654721774,1.180157184465095,69.19066986170893
fixed,258.0,S08,1240.0,1240.0,1.0,1.7836564441354,1.1801504990275815,69.19070823731893
fixed,258.0,S09,1240.0,1240.0,1.0,1.7840796227099638,1.1801438972986733,69.19074618394446
fixed,258.0,C10,1740.0,1740.0,1.0,7.474679259856348,5.508801099960363,53.585827355799644
fixed,258.0,C11,1740.0,1740.0,1.0,7.552138554614863,5.508763466955818,53.58584984554992
fixed,258.0,C12,1740.0,1740.0,1.0,7.62558793679496,5.508728464664808,53.58587084817238
fixed,258.0,C13,1740.0,1740.0,1.0,7.694469762738377,5.508695873801538,53.58589048699085
fixed,258.0,C14,1740.0,1740.0,1.0,7.758256671723386,5.508665459853261,53.585908893996624
fixed,258.0,C15,1740.0,1740.0,1.0,7.816570017088113,5.508636970674461,53.58592621121371
fixed,258.0,C16,1740.0,1740.0,1.0,7.86958150568617,5.508610132345273,53.5859425930486
fixed,258.0,C17,1740.0,1740.0,1.0,7.9197298547587,5.508584641436494,53.58595821067986
fixed,258.0,C18,1740.0,1740.0,1.0,8.0,5.508560709002859,53.58597312668267
fixed,260.0,C01,1740.0,1740.0,1.0,6.335166590900118,5.509877463413984,50.84364665425693
fixed,260.0,C02,1740.0,1740.0,1.0,6.409915367443772,5.509798054393175,53.53461657674503
fixed,260.0,C03,1740.0,1740.0,1.0,6.4832460383816315,5.509722933162925,53.53456311292951
fixed,260.0,C04,1740.0,1740.0,1.0,6.5547166358267015,5.509652026402501,53.53451188378972
fixed,260.0,C05,1740.0,1740.0,1.0,6.623845982654081,5.509585246629584,53.534463058175575
fixed,260.0,C06,1740.0,1740.0,1.0,6.690119272723018,5.509522492566565,53.53441680385261
fixed,260.0,C07,1740.0,1740.0,1.0,6.752997820495817,5.509463649508165,53.53437328770652
fixed,260.0,C08,1740.0,1740.0,1.0,6.811934135287234,5.509408589672392,53.534332676072765
fixed,260.0,C09,1740.0,1740.0,1.0,6.8663933242271,5.509357172514143,53.5342951352134
fixed,260.0,S01,1240.0,1240.0,1.0,1.7801868542356862,1.1802231540329347,69.20360342776829
fixed,260.0,S02,1240.0,1240.0,1.0,1.7807389892963663,1.1802159443880897,66.38559682760277
fixed,260.0,S03,1240.0,1240.0,1.0,1.781271806114026,1.1802088249301284,69.20355373354845
fixed,260.0,S04,1240.0,1240.0,1.0,1.781785594284523,1.180201794702942,69.20359477549587
fixed,260.0,S05,1240.0,1240.0,1.0,1.782280648968229,1.1801948526994146,69.20363535120056
fixed,260.0,S06,1240.0,1240.0,1.0,1.7827572707454995,1.180187997861687,69.20367546668986
fixed,260.0,S07,1240.0,1240.0,1.0,1.7832157654721774,1.1801812290814058,69.20371512827369
fixed,260.0,S08,1240.0,1240.0,1.0,1.7836564441354,1.1801745451999737,69.20375434254396
fixed,260.0,S09,1240.0,1240.0,1.0,1.7840796227099638,1.1801679450087914,69.20379311637284
fixed,260.0,C10,1740.0,1740.0,1.0,7.474679259856348,5.5089159095356734,53.534436122874205
fixed,260.0,C11,1740.0,1740.0,1.0,7.552138554614863,5.5088782850867615,53.53445895587941
fixed,260.0,C12,1740.0,1740.0,1.0,7.62558793679496,5.508843290783713,53.53448027570672
fixed,260.0,C13,1740.0,1740.0,1.0,7.694469762738377,5.508810707387851,53.53450020786583
fixed,260.0,C14,1740.0,1740.0,1.0,7.758256671723386,5.508780300436849,53.534518886683564
fixed,260.0,C15,1740.0,1740.0,1.0,7.816570017088113,5.5087518178394355,53.5345364566929
fixed,260.0,C16,1740.0,1740.0,1.0,7.86958150568617,5.5087249857347125,53.534553075023524
fixed,260.0,C17,1740.0,1740.0,1.0,7.9197298547587,5.508699500758834,53.534568915867666
fixed,260.0,C18,1740.0,1740.0,1.0,8.0,5.508675573958032,53.53458403529182
fixed,262.0,C01,1740.0,1740.0,1.0,6.335166590900118,5.509971498863954,50.85883036994665
fixed,262.0,C02,1740.0,1740.0,1.0,6.409915367443772,5.509892104222367,53.48444546864596
fixed,262.0,C03,1740.0,1740.0,1.0,6.4832460383816315,5.509816996615441,53.48439507152652
fixed,262.0,C04,1740.0,1740.0,1.0,6.5547166358267015,5.509746102735219,53.48434675562167
fixed,262.0,C05,1740.0,1740.0,1.0,6.623845982654081,5.509679335114667,53.484300687737104
fixed,262.0,C06,1740.0,1740.0,1.0,6.690119272723018,5.5096165924939005,53.48425703394554
fixed,262.0,C07,1740.0,1740.0,1.0,6.752997820495817,5.509557760187751,53.48421595977761
fixed,262.0,C08,1740.0,1740.0,1.0,6.811934135287234,5.509502710436654,53.48417763053518
fixed,262.0,C09,1740.0,1740.0,1.0,6.8663933242271,5.509451302720196,53.484142211749244
fixed,262.0,S01,1240.0,1240.0,1.0,1.7801868542356862,1.1802428768543212,69.21638441846717
fixed,262.0,S02,1240.0,1240.0,1.0,1.7807389892963663,1.180235668580753,66.4544072672127
fixed,262.0,S03,1240.0,1240.0,1.0,1.781271806114026,1.1802285504779035,69.21633898078264
fixed,262.0,S04,1240.0,1240.0,1.0,1.781785594284523,1.1802215215898257,69.2163808920159
fixed,262.0,S05,1240.0,1240.0,1.0,1.782280648968229,1.1802145809095734,69.21642232519389
fixed,262.0,S06,1240.0,1240.0,1.0,1.7827572707454995,1.1802077273794662,69.21646328647705
fixed,262.0,S07,1240.0,1240.0,1.0,1.7832157654721774,1.180200959891339,69.2165037823148
fixed,262.0,S08,1240.0,1240.0,1.0,1.7836564441354,1.1801942772867926,69.21654381944509
fixed,262.0,S09,1240.0,1240.0,1.0,1.7840796227099638,1.1801876783574332,69.21658340489246
fixed,262.0,C10,1740.0,1740.0,1.0,7.474679259856348,5.5090101213696725,53.48429016310651
fixed,262.0,C11,1740.0,1740.0,1.0,7.552138554614863,5.50897250394139,53.48431332736313
fixed,262.0,C12,1740.0,1740.0,1.0,7.62558793679496,5.5089375161931375,53.48433495328006
fixed,262.0,C13,1740.0,1740.0,1.0,7.694469762738377,5.5089049389249,53.48435516847844
fixed,262.0,C14,1740.0,1740.0,1.0,7.758256671723386,5.508874537715732,53.48437410954112
fixed,262.0,C15,1740.0,1740.0,1.0,7.816570017088113,5.508846060518872,53.484391923424624
fixed,262.0,C16,1740.0,1740.0,1.0,7.86958150568617,5.508819233521812,53.4844087698891
fixed,262.0,C17,1740.0,1740.0,1.0,7.9197298547587,5.50879375341434,53.48442482603777
fixed,262.0,C18,1740.0,1740.0,1.0,8.0,5.508769831235697,53.484440141606086
fixed,264.0,C01,1740.0,1740.0,1.0,6.335166590900118,5.510048663614967,50.87364349416033
fixed,264.0,C02,1740.0,1740.0,1.0,6.409915367443772,5.509969280772904,53.435490604787454
fixed,264.0,C03,1740.0,1740.0,1.0,6.4832460383816315,5.509894184345209,53.4354431928404
fixed,264.0,C04,1740.0,1740.0,1.0,6.5547166358267015,5.509823301034413,53.435397712769294
fixed,264.0,C05,1740.0,1740.0,1.0,6.623845982654081,5.509756543386016,53.43535432937692
fixed,264.0,C06,1740.0,1740.0,1.0,6.690119272723018,5.509693810154689,53.43531320707467
fixed,264.0,C07,1740.0,1740.0,1.0,6.752997820495817,5.5096349866717595,53.435274510060154
fixed,264.0,C08,1740.0,1740.0,1.0,6.811934135287234,5.509579945196068,53.435238402614665
fixed,264.0,C09,1740.0,1740.0,1.0,6.8663933242271,5.50952854522746,53.435205049542596
fixed,264.0,S01,1240.0,1240.0,1.0,1.7801868542356862,1.1802590612378299,69.22891542482617
fixed,264.0,S02,1240.0,1240.0,1.0,1.7807389892963663,1.180251854089506,66.52122948009418
fixed,264.0,S03,1240.0,1240.0,1.0,1.781271806114026,1.1802447370986362,69.228874169723
fixed,264.0,S04,1240.0,1240.0,1.0,1.781785594284523,1.1802377093094054,69.22891693397428
fixed,264.0,S05,1240.0,1240.0,1.0,1.782280648968229,1.1802307697150072,69.22895920857852
fixed,264.0,S06,1240.0,1240.0,1.0,1.7827572707454995,1.1802239172579079,69.22900099982677
fixed,264.0,S07,1240.0,1240.0,1.0,1.7832157654721774,1.1802171508300972,69.22904231430539
fixed,264.0,S08,1240.0,1240.0,1.0,1.7836564441354,1.1802104692733377,69.22908315889562
fixed,264.0,S09,1240.0,1240.0,1.0,1.7840796227099638,1.1802038713794054,69.22912354077148
fixed,264.0,C10,1740.0,1740.0,1.0,7.474679259856348,5.509087430859948,53.43535975399767
fixed,264.0,C11,1740.0,1740.0,1.0,7.552138554614863,5.509049819192701,53.43538323792106
fixed,264.0,C12,1740.0,1740.0,1.0,7.62558793679496,5.509014836823218,53.43540515920088
fixed,264.0,C13,1740.0,1740.0,1.0,7.694469762738377,5.508982264583216,53.435425647497865
fixed,264.0,C14,1740.0,1740.0,1.0,7.758256671723386,5.5089518680857,53.43544484157413
fixed,264.0,C15,1740.0,1740.0,1.0,7.816570017088113,5.508923395320439,53.435462890727194
fixed,264.0,C16,1740.0,1740.0,1.0,7.86958150568617,5.508896572514629,53.43547995725813
fixed,264.0,C17,1740.0,1740.0,1.0,7.9197298547587,5.508871096402074,53.435496221081905
fixed,264.0,C18,1740.0,1740.0,1.0,8.0,5.508847178016274,53.4355117257758
fixed,266.0,C01,1740.0,1740.0,1.0,6.335166590900118,5.510111984403498,50.88809534914024
fixed,266.0,C02,1740.0,1740.0,1.0,6.409915367443772,5.510032611244061,53.38772286956012
fixed,266.0,C03,1740.0,1740.0,1.0,6.4832460383816315,5.509957523989984,53.38767836346975
fixed,266.0,C04,1740.0,1740.0,1.0,6.5547166358267015,5.509886649352393,53.38763564392632
fixed,266.0,C05,1740.0,1740.0,1.0,6.623845982654081,5.509819899887087,53.38759487377027
fixed,266.0,C06,1740.0,1740.0,1.0,6.690119272723018,5.509757174360669,53.38755621578273
fixed,266.0,C07,1740.0,1740.0,1.0,6.752997820495817,5.509698358118007,53.387519832850145
fixed,266.0,C08,1740.0,1740.0,1.0,6.811934135287234,5.509643323433046,53.38748588824631
fixed,266.0,C09,1740.0,1740.0,1.0,6.8663933242271,5.509591929822262,53.38745454605386
fixed,266.0,S01,1240.0,1240.0,1.0,1.7801868542356862,1.1802723420099615,69.24120258702101
fixed,266.0,S02,1240.0,1240.0,1.0,1.7807389892963663,1.1802651357849943,66.58625973130424
fixed,266.0,S03,1240.0,1240.0,1.0,1.781271806114026,1.1802580197065964,69.24116544074867
fixed,266.0,S04,1240.0,1240.0,1.0,1.781785594284523,1.1802509928190612,69.24120904214797
fixed,266.0,S05,1240.0,1240.0,1.0,1.782280648968229,1.1802440541156958,69.241252142524
fixed,266.0,S06,1240.0,1240.0,1.0,1.7827572707454995,1.1802372025390884,69.24129474829603
fixed,266.0,S07,1240.0,1240.0,1.0,1.7832157654721774,1.1802304369813548,69.24133686618478
fixed,266.0,S08,1240.0,1240.0,1.0,1.7836564441354,1.1802237562843907,69.24137850321212
fixed,266.0,S09,1240.0,1240.0,1.0,1.7840796227099638,1.1802171592401118,69.24141966669882
fixed,266.0,C10,1740.0,1740.0,1.0,7.474679259856348,5.509150870420321,53.387615799489055
fixed,266.0,C11,1740.0,1740.0,1.0,7.552138554614863,5.50911326348051,53.38763959189315
fixed,266.0,C12,1740.0,1740.0,1.0,7.62558793679496,5.509078285524773,53.387661798178804
fixed,266.0,C13,1740.0,1740.0,1.0,7.694469762738377,5.50904571741087,53.387682549976915
fixed,266.0,C14,1740.0,1740.0,1.0,7.758256671723386,5.509015324779664,53.38770198815465
fixed,266.0,C15,1740.0,1740.0,1.0,7.816570017088113,5.508986855650901,53.38772026427081
fixed,266.0,C16,1740.0,1740.0,1.0,7.86958150568617,5.508960036284361,53.38773754308079
fixed,266.0,C17,1740.0,1740.0,1.0,7.9197298547587,5.508934563449963,53.387754007215506
fixed,266.0,C18,1740.0,1740.0,1.0,8.0,5.508910648176497,53.38776969426213
fixed,268.0,C01,1740.0,1740.0,1.0,6.335166590900118,5.51016394494547,50.90219497357363
fixed,268.0,C02,1740.0,1740.0,1.0,6.409915367443772,5.510084579731545,53.341113776734204
fixed,268.0,C03,1740.0,1740.0,1.0,6.4832460383816315,5.510009500005281,53.34107209932348
fixed,268.0,C04,1740.0,1740.0,1.0,6.5547166358267015,5.509938632484871,53.34103206703105
fixed,268.0,C05,1740.0,1740.0,1.0,6.623845982654081,5.509871889734553,53.34099384077487
fixed,268.0,C06,1740.0,1740.0,1.0,6.690119272723018,5.509809170530727,53.3409575817364
fixed,268.0,C07,1740.0,1740.0,1.0,6.752997820495817,5.509750360229379,53.34092345151257
fixed,268.0,C08,1740.0,1740.0,1.0,6.811934135287234,5.509695331116838,53.340891612382876
fixed,268.0,C09,1740.0,1740.0,1.0,6.8663933242271,5.509643942723228,53.340862227713195
fixed,268.0,S01,1240.0,1240.0,1.0,1.7801868542356862,1.1802832401033785,69.25325172732289
fixed,268.0,S02,1240.0,1240.0,1.0,1.7807389892963663,1.180276034636104,66.64965413252928
fixed,268.0,S03,1240.0,1240.0,1.0,1.781271806114026,1.1802689193064673,69.25321861661705
fixed,268.0,S04,1240.0,1240.0,1.0,1.781785594284523,1.1802618931588493,69.25326303967026
fixed,268.0,S05,1240.0,1240.0,1.0,1.782280648968229,1.1802549551866521,69.25330695053461
fixed,268.0,S06,1240.0,1240.0,1.0,1.7827572707454995,1.1802481043325626,69.25335035575513
fixed,268.0,S07,1240.0,1240.0,1.0,1.7832157654721774,1.1802413394888005,69.25339326218449
fixed,268.0,S08,1240.0,1240.0,1.0,1.7836564441354,1.1802346594973712,69.25343567698253
fixed,268.0,S09,1240.0,1240.0,1.0,1.7840796227099638,1.1802280631503035,69.25347760761407
fixed,268.0,C10,1740.0,1740.0,1.0,7.474679259856348,5.509202928425496,53.3410298322359
fixed,268.0,C11,1740.0,1740.0,1.0,7.552138554614863,5.509165325364963,53.34105392231496
fixed,268.0,C12,1740.0,1740.0,1.0,7.62558793679496,5.509130351031094,53.34107640360212
fixed,268.0,C13,1740.0,1740.0,1.0,7.694469762738377,5.5090977863030135,53.34109740963128
fixed,268.0,C14,1740.0,1740.0,1.0,7.758256671723386,5.50906739684445,53.3411170833029
fixed,268.0,C15,1740.0,1740.0,1.0,7.816570017088113,5.509038930699744,53.34113557836002
fixed,268.0,C16,1740.0,1740.0,1.0,7.86958150568617,5.509012114155415,53.34115306192862
fixed,268.0,C17,1740.0,1740.0,1.0,7.9197298547587,5.508986644011021,53.341169719263014
fixed,268.0,C18,1740.0,1740.0,1.0,8.0,5.508962731291481,53.34118558212373
fixed,270.0,C01,1740.0,1740.0,1.0,6.335166590900118,5.510206583358508,50.91595113962719
fixed,270.0,C02,1740.0,1740.0,1.0,6.409915367443772,5.510127224664622,53.29563546843415
fixed,270.0,C03,1740.0,1740.0,1.0,6.4832460383816315,5.510052151115635,53.29559654459918
fixed,270.0,C04,1740.0,1740.0,1.0,6.5547166358267015,5.509981289435535,53.29555912824835
fixed,270.0,C05,1740.0,1740.0,1.0,6.623845982654081,5.509914552195492,53.29552337841633
fixed,270.0,C06,1740.0,1740.0,1.0,6.690119272723018,5.5098518381799435,53.295489454714954
fixed,270.0,C07,1740.0,1740.0,1.0,6.752997820495817,5.509793032753988,53.29545751747313
fixed,270.0,C08,1740.0,1740.0,1.0,6.811934135287234,5.509738008214133,53.295427727989185
fixed,270.0,C09,1740.0,1740.0,1.0,6.8663933242271,5.509686624101693,53.29540024891763
fixed,270.0,S01,1240.0,1240.0,1.0,1.7801868542356862,1.1802921829906767,69.26506837980808
fixed,270.0,S02,1240.0,1240.0,1.0,1.7807389892963663,1.1802849781451543,66.71153777246798
fixed,270.0,S03,1240.0,1240.0,1.0,1.781271806114026,1.1802778634299402,69.26503923209874
fixed,270.0,S04,1240.0,1240.0,1.0,1.781785594284523,1.1802708378894884,69.26508446166788
fixed,270.0,S05,1240.0,1240.0,1.0,1.782280648968229,1.1802639005172777,69.2651291680884
fixed,270.0,S06,1240.0,1240.0,1.0,1.7827572707454995,1.1802570502560754,69.26517335802883
fixed,270.0,S07,1240.0,1240.0,1.0,1.7832157654721774,1.1802502859981885,69.26521703847129
fixed,270.0,S08,1240.0,1240.0,1.0,1.7836564441354,1.1802436065857105,69.26526021671116
fixed,270.0,S09,1240.0,1240.0,1.0,1.7840796227099638,1.180237010810765,69.2653029003546
fixed,270.0,C10,1740.0,1740.0,1.0,7.474679259856348,5.509245646816048,53.29557401262481
fixed,270.0,C11,1740.0,1740.0,1.0,7.552138554614863,5.509208046938809,53.29559838993694
fixed,270.0,C12,1740.0,1740.0,1.0,7.62558793679496,5.509173075577003,53.29562113655859
fixed,270.0,C13,1740.0,1740.0,1.0,7.694469762738377,5.509140513627285,53.295642387861754
fixed,270.0,C14,1740.0,1740.0,1.0,7.758256671723386,5.509110126772152,53.29566228871087
fixed,270.0,C15,1740.0,1740.0,1.0,7.816570017088113,5.509081663076125,53.29568099495864
fixed,270.0,C16,1740.0,1740.0,1.0,7.86958150568617,5.509054848847663,53.29569867602072
fixed,270.0,C17,1740.0,1740.0,1.0,7.9197298547587,5.509029380910646,53.295715519685224
fixed,270.0,C18,1740.0,1740.0,1.0,8.0,5.509005470286818,53.29573155204514
fixed,272.0,C01,1740.0,1740.0,1.0,6.335166590900118,5.510241572105827,50.92937236777076
fixed,272.0,C02,1740.0,1740.0,1.0,6.409915367443772,5.510162218762242,53.25126071152303
fixed,272.0,C03,1740.0,1740.0,1.0,6.4832460383816315,5.510087150282289,53.25122446817095
fixed,272.0,C04,1740.0,1740.0,1.0,6.5547166358267015,5.510016293394709,53.251189598360774
fixed,272.0,C05,1740.0,1740.0,1.0,6.623845982654081,5.509949560676358,53.251156259282205
fixed,272.0,C06,1740.0,1740.0,1.0,6.690119272723018,5.509886850918272,53.25112460900719
fixed,272.0,C07,1740.0,1740.0,1.0,6.752997820495817,5.509828049493028,53.25109480661781
fixed,272.0,C08,1740.0,1740.0,1.0,6.811934135287234,5.5097730287054825,53.25106701244434
fixed,272.0,C09,1740.0,1740.0,1.0,6.8663933242271,5.509721648106136,53.251041388435546
fixed,272.0,S01,1240.0,1240.0,1.0,1.7801868542356862,1.1802995214520693,69.27665781813613
fixed,272.0,S02,1240.0,1240.0,1.0,1.7807389892963663,1.180292317116749,66.77201175076225
fixed,272.0,S03,1240.0,1240.0,1.0,1.781271806114026,1.1802852029057223,69.27663256169922
fixed,272.0,S04,1240.0,1240.0,1.0,1.781785594284523,1.180278177863503,69.27667858298439
fixed,272.0,S05,1240.0,1240.0,1.0,1.782280648968229,1.1802712409836327,69.27672407036258
fixed,272.0,S06,1240.0,1240.0,1.0,1.7827572707454995,1.180264391208947,69.27676903062353
fixed,272.0,S07,1240.0,1240.0,1.0,1.7832157654721774,1.1802576274318213,69.27681347087646
fixed,272.0,S08,1240.0,1240.0,1.0,1.7836564441354,1.180250948494423,69.27685739854972
fixed,272.0,S09,1240.0,1240.0,1.0,1.7840796227099638,1.1802443531889528,69.2769008213883
fixed,272.0,C10,1740.0,1740.0,1.0,7.474679259856348,5.509280701192266,53.25122112519582
fixed,272.0,C11,1740.0,1740.0,1.0,7.552138554614863,5.509243103927207,53.25124577964778
fixed,272.0,C12,1740.0,1740.0,1.0,7.62558793679496,5.509208135004244,53.25126878226019
fixed,272.0,C13,1740.0,1740.0,1.0,7.694469762738377,5.509175575334422,53.25129027018035
fixed,272.0,C14,1740.0,1740.0,1.0,7.758256671723386,5.509145190615631,53.25131039016956
fixed,272.0,C15,1740.0,1740.0,1.0,7.816570017088113,5.5091167289289595,53.25132930011808
fixed,272.0,C16,1740.0,1740.0,1.0,7.86958150568617,5.509089916600869,53.251347171653
fixed,272.0,C17,1740.0,1740.0,1.0,7.9197298547587,5.509064450475196,53.25136419500958
fixed,272.0,C18,1740.0,1740.0,1.0,8.0,5.509040541571078,53.25138039076804
fixed,274.0,C01,1740.0,1740.0,1.0,6.335166590900118,5.510270283597548,50.94246693976006
fixed,274.0,C02,1740.0,1740.0,1.0,6.409915367443772,5.510190934644384,53.20796289193779
fixed,274.0,C03,1740.0,1740.0,1.0,6.4832460383816315,5.510115870324048,53.2079292579277
fixed,274.0,C04,1740.0,1740.0,1.0,6.5547166358267015,5.510045017369176,53.20789686710958
fixed,274.0,C05,1740.0,1740.0,1.0,6.623845982654081,5.509978288361293,53.20786587486591
fixed,274.0,C06,1740.0,1740.0,1.0,6.690119272723018,5.509915582096848,53.20783643775786
fixed,274.0,C07,1740.0,1740.0,1.0,6.752997820495817,5.509856783954559,53.20780871364164
fixed,274.0,C08,1740.0,1740.0,1.0,6.811934135287234,5.509801766246129,53.20778286189272
fixed,274.0,C09,1740.0,1740.0,1.0,6.8663933242271,5.509750388529598,53.20775904375981
fixed,274.0,S01,1240.0,1240.0,1.0,1.7801868542356862,1.1803055433347498,69.28802508101667
fixed,274.0,S02,1240.0,1240.0,1.0,1.7807389892963663,1.1802983394180953,66.83115859738736
fixed,274.0,S03,1240.0,1240.0,1.0,1.781271806114026,1.1802912256207985,69.28800364508264
fixed,274.0,S04,1240.0,1240.0,1.0,1.781785594284523,1.1802842009874228,69.28805044360602
fixed,274.0,S05,1240.0,1240.0,1.0,1.782280648968229,1.180277264511562,69.2880966976611
fixed,274.0,S06,1240.0,1240.0,1.0,1.7827572707454995,1.1802704151361056,69.28814241415667
fixed,274.0,S07,1240.0,1240.0,1.0,1.7832157654721774,1.1802636517534864,69.28818760032668
fixed,274.0,S08,1240.0,1240.0,1.0,1.7836564441354,1.180256973205933,69.28823226373005
fixed,274.0,S09,1240.0,1240.0,1.0,1.7840796227099638,1.1802503782857088,69.28827641224807
fixed,274.0,C10,1740.0,1740.0,1.0,7.474679259856348,5.509309466538539,53.207944573010465
fixed,274.0,C11,1740.0,1740.0,1.0,7.552138554614863,5.509271871417006,53.20796949484382
fixed,274.0,C12,1740.0,1740.0,1.0,7.62558793679496,5.5092369044953315,53.207992744413616
fixed,274.0,C13,1740.0,1740.0,1.0,7.694469762738377,5.50920434669637,53.20801446058175
fixed,274.0,C14,1740.0,1740.0,1.0,7.758256671723386,5.509173963730637,53.208034791941444
fixed,274.0,C15,1740.0,1740.0,1.0,7.816570017088113,5.509145503692818,53.20805389835079
fixed,274.0,C16,1740.0,1740.0,1.0,7.86958150568617,5.50911869292415,53.208071953572585
fixed,274.0,C17,1740.0,1740.0,1.0,7.9197298547587,5.509093228284844,53.20808915020536
fixed,274.0,C18,1740.0,1740.0,1.0,8.0,5.5090693207919,53.208105503467216
fixed,276.0,C01,1740.0,1740.0,1.0,6.335166590900118,5.510293844022606,50.95524291008463
fixed,276.0,C02,1740.0,1740.0,1.0,6.409915367443772,5.510214498672194,53.16571600741672
fixed,276.0,C03,1740.0,1740.0,1.0,6.4832460383816315,5.510139437765208,53.165684913503306
fixed,276.0,C04,1740.0,1740.0,1.0,6.5547166358267015,5.510068588037488,53.16565493592761
fixed,276.0,C05,1740.0,1740.0,1.0,6.623845982654081,5.510001862074389,53.165626228301846
fixed,276.0,C06,1740.0,1740.0,1.0,6.690119272723018,5.5099391586768,53.16559894570509
fixed,276.0,C07,1740.0,1740.0,1.0,6.752997820495817,5.509880363228477,53.16557324478842
fixed,276.0,C08,1740.0,1740.0,1.0,6.811934135287234,5.509825348046744,53.16554928398561
fixed,276.0,C09,1740.0,1740.0,1.0,6.8663933242271,5.509773972695831,53.1655272238513
fixed,276.0,S01,1240.0,1240.0,1.0,1.7801868542356862,1.1803104848436674,69.29917499521947
fixed,276.0,S02,1240.0,1240.0,1.0,1.7807389892963663,1.1803032812705654,66.88904644860487
fixed,276.0,S03,1240.0,1240.0,1.0,1.781271806114026,1.1802961678127708,69.29915731004941
fixed,276.0,S04,1240.0,1240.0,1.0,1.781785594284523,1.180289143514888,69.2992048716407
fixed,276.0,S05,1240.0,1240.0,1.0,1.782280648968229,1.1802822073705521,69.29925187839534
fixed,276.0,S06,1240.0,1240.0,1.0,1.7827572707454995,1.1802753583226986,69.29929833733894
fixed,276.0,S07,1240.0,1240.0,1.0,1.7832157654721774,1.1802685952638072,69.29934425582799
fixed,276.0,S08,1240.0,1240.0,1.0,1.7836564441354,1.180261917036156,69.29938964154957
fixed,276.0,S09,1240.0,1240.0,1.0,1.7840796227099638,1.1802553224320596,69.29943450251876
fixed,276.0,C10,1740.0,1740.0,1.0,7.474679259856348,5.5093330711562105,53.16571837040831
fixed,276.0,C11,1740.0,1740.0,1.0,7.552138554614863,5.5092954777936365,53.165743550186555
fixed,276.0,C12,1740.0,1740.0,1.0,7.62558793679496,5.5092605125142,53.165767037978796
fixed,276.0,C13,1740.0,1740.0,1.0,7.694469762738377,5.509227956250444,53.165788974302785
fixed,276.0,C14,1740.0,1740.0,1.0,7.758256671723386,5.509197574723254,53.16580950952082
fixed,276.0,C15,1740.0,1740.0,1.0,7.816570017088113,5.509169116038465,53.16582880539133
fixed,276.0,C16,1740.0,1740.0,1.0,7.86958150568617,5.509142306549442,53.165847037739546
fixed,276.0,C17,1740.0,1740.0,1.0,7.9197298547587,5.5091168431298305,53.16586440144623
fixed,276.0,C18,1740.0,1740.0,1.0,8.0,5.509092936794878,53.16588090651377
fixed,278.0,C01,1740.0,1740.0,1.0,6.335166590900118,5.510313177522777,50.96770811613408
fixed,278.0,C02,1740.0,1740.0,1.0,6.409915367443772,5.510233835128756,53.12449465897886
fixed,278.0,C03,1740.0,1740.0,1.0,6.4832460383816315,5.510158777022743,53.12446603775847
fixed,278.0,C04,1740.0,1740.0,1.0,6.5547166358267015,5.510087929943201,53.12443840942335
fixed,278.0,C05,1740.0,1740.0,1.0,6.623845982654081,5.510021206478627,53.12441192585171
fixed,278.0,C06,1740.0,1740.0,1.0,6.690119272723018,5.50995850543356,53.12438674066874
fixed,278.0,C07,1740.0,1740.0,1.0,6.752997820495817,5.509899712195887,53.12436300934088
fixed,278.0,C08,1740.0,1740.0,1.0,6.811934135287234,5.509844699087542,53.124340889373265
fixed,278.0,C09,1740.0,1740.0,1.0,6.8663933242271,5.509793325677833,53.12432054063258
fixed,278.0,S01,1240.0,1240.0,1.0,1.7801868542356862,1.1803145398066164,69.3101121961354
fixed,278.0,S02,1240.0,1240.0,1.0,1.7807389892963663,1.18030733651543,66.94573226525505
fixed,278.0,S03,1240.0,1240.0,1.0,1.781271806114026,1.1803002233362274,69.31009819307249
fixed,278.0,S04,1240.0,1240.0,1.0,1.781785594284523,1.180293199313646,69.31014650385592
fixed,278.0,S05,1240.0,1240.0,1.0,1.782280648968229,1.1802862634413565,69.31019424962336
fixed,278.0,S06,1240.0,1240.0,1.0,1.7827572707454995,1.1802794146623303,69.31024143751512
fixed,278.0,S07,1240.0,1240.0,1.0,1.7832157654721774,1.1802726518690867,69.31028807500795
fixed,278.0,S08,1240.0,1240.0,1.0,1.7836564441354,1.1802659739039438,69.31033416991481
fixed,278.0,S09,1240.0,1240.0,1.0,1.7840796227099638,1.1802593795592586,69.31037973038214
fixed,278.0,C10,1740.0,1740.0,1.0,7.474679259856348,5.509352440920489,53.12451713451192
fixed,278.0,C11,1740.0,1740.0,1.0,7.552138554614863,5.5093148490013,53.12454256310853
fixed,278.0,C12,1740.0,1740.0,1.0,7.62558793679496,5.50927988506947,53.124566280675616
fixed,278.0,C13,1740.0,1740.0,1.0,7.694469762738377,5.509247330065489,53.124588429329876
fixed,278.0,C14,1740.0,1740.0,1.0,7.758256671723386,5.509216949718753,53.12460916114193
fixed,278.0,C15,1740.0,1740.0,1.0,7.816570017088113,5.509188492144248,53.12462863970522
fixed,278.0,C16,1740.0,1740.0,1.0,7.86958150568617,5.509161683705286,53.12464704283652
fixed,278.0,C17,1740.0,1740.0,1.0,7.9197298547587,5.5091362212865445,53.12466456762029
fixed,278.0,C18,1740.0,1740.0,1.0,8.0,5.509112315901825,53.124681218985806
fixed,280.0,C01,1740.0,1740.0,1.0,6.335166590900118,5.51032904244154,50.97987018729171
fixed,280.0,C02,1740.0,1740.0,1.0,6.409915367443772,5.510249702473513,53.08427404144723
fixed,280.0,C03,1740.0,1740.0,1.0,6.4832460383816315,5.510174646665955,53.0842478273061
fixed,280.0,C04,1740.0,1740.0,1.0,6.5547166358267015,5.510103801759489,53.084222485908434
fixed,280.0,C05,1740.0,1740.0,1.0,6.623845982654081,5.510037080345189,53.084198167433954
fixed,280.0,C06,1740.0,1740.0,1.0,6.690119272723018,5.509974381230582,53.084175024081745
fixed,280.0,C07,1740.0,1740.0,1.0,6.752997820495817,5.509915589806951,53.08415321015377
fixed,280.0,C08,1740.0,1740.0,1.0,6.811934135287234,5.509860578400012,53.084132882239565
fixed,280.0,C09,1740.0,1740.0,1.0,6.8663933242271,5.509809206583239,53.08411419952414
fixed,280.0,S01,1240.0,1240.0,1.0,1.7801868542356862,1.1803178672770753,69.32084114599355
fixed,280.0,S02,1240.0,1240.0,1.0,1.7807389892963663,1.1803106642172259,67.00126431345913
fixed,280.0,S03,1240.0,1240.0,1.0,1.781271806114026,1.180303551266633,69.32083075749621
fixed,280.0,S04,1240.0,1240.0,1.0,1.781785594284523,1.1802965274699613,69.3208798038788
fixed,280.0,S05,1240.0,1240.0,1.0,1.782280648968229,1.18028959182091,69.32092827525128
fixed,280.0,S06,1240.0,1240.0,1.0,1.7827572707454995,1.180282743262481,69.32097617886652
fixed,280.0,S07,1240.0,1240.0,1.0,1.7832157654721774,1.1802759806872252,69.32102352231944
fixed,280.0,S08,1240.0,1240.0,1.0,1.7836564441354,1.1802693029374933,69.32107031354647
fixed,280.0,S09,1240.0,1240.0,1.0,1.7840796227099638,1.180262708805679,69.32111656082309
fixed,280.0,C10,1740.0,1740.0,1.0,7.474679259856348,5.5093683355972916,53.08431607577298
fixed,280.0,C11,1740.0,1740.0,1.0,7.552138554614863,5.509330744862531,53.08434174436018
fixed,280.0,C12,1740.0,1740.0,1.0,7.62558793679496,5.509295782036534,53.084365683531445
fixed,280.0,C13,1740.0,1740.0,1.0,7.694469762738377,5.509263228066313,53.08438803694732
fixed,280.0,C14,1740.0,1740.0,1.0,7.758256671723386,5.509232848688245,53.084408958327906
fixed,280.0,C15,1740.0,1740.0,1.0,7.816570017088113,5.5092043920248255,53.084428613038455
fixed,280.0,C16,1740.0,1740.0,1.0,7.86958150568617,5.509177584447536,53.08444718081866
fixed,280.0,C17,1740.0,1740.0,1.0,7.9197298547587,5.509152122850094,53.084464860880715
fixed,280.0,C18,1740.0,1740.0,1.0,8.0,5.509128218245129,53.08448165321948
fixed,282.0,C01,1740.0,1740.0,1.0,6.335166590900118,5.510342061069595,50.991736553128085
fixed,282.0,C02,1740.0,1740.0,1.0,6.409915367443772,5.510262723092323,53.04502993325289
fixed,282.0,C03,1740.0,1740.0,1.0,6.4832460383816315,5.51018766917086,53.04500606231744
fixed,282.0,C04,1740.0,1740.0,1.0,6.5547166358267015,5.510116826047604,53.04498294720561
fixed,282.0,C05,1740.0,1740.0,1.0,6.623845982654081,5.510050106315742,53.04496073643355
fixed,282.0,C06,1740.0,1740.0,1.0,6.690119272723018,5.509987408785255,53.044939580801476
fixed,282.0,C07,1740.0,1740.0,1.0,6.752997820495817,5.509928618850213,53.044919633466826
fixed,282.0,C08,1740.0,1740.0,1.0,6.811934135287234,5.5098736088394356,53.04490105011653
fixed,282.0,C09,1740.0,1740.0,1.0,6.8663933242271,5.509822238329814,53.044883989260214
fixed,282.0,S01,1240.0,1240.0,1.0,1.7801868542356862,1.18032059777302,69.33136614989657
fixed,282.0,S02,1240.0,1240.0,1.0,1.7807389892963663,1.1803133949030038,67.05568407720631
fixed,282.0,S03,1240.0,1240.0,1.0,1.781271806114026,1.1803062821400059,69.33135930955754
fixed,282.0,S04,1240.0,1240.0,1.0,1.781785594284523,1.1802992585287135,69.33140907821856
fixed,282.0,S05,1240.0,1240.0,1.0,1.782280648968229,1.1802923230628497,69.33145826205688
fixed,282.0,S06,1240.0,1240.0,1.0,1.7827572707454995,1.1802854746854403,69.33150686843591
fixed,282.0,S07,1240.0,1240.0,1.0,1.7832157654721774,1.1802787122890628,69.33155490506651
fixed,282.0,S08,1240.0,1240.0,1.0,1.7836564441354,1.1802720347160958,69.33160238000647
fixed,282.0,S09,1240.0,1240.0,1.0,1.7840796227099638,1.1802654407589608,69.33164930165786
fixed,282.0,C10,1740.0,1740.0,1.0,7.474679259856348,5.509381378644556,53.045090987796804
fixed,282.0,C11,1740.0,1740.0,1.0,7.552138554614863,5.50934378888173,53.04511688783512
fixed,282.0,C12,1740.0,1740.0,1.0,7.62558793679496,5.509308826963169,53.04514104070704
fixed,282.0,C13,1740.0,1740.0,1.0,7.694469762738377,5.509276273841239,53.04516359156368
fixed,282.0,C14,1740.0,1740.0,1.0,7.758256671723386,5.509245895258052,53.045184695717694
fixed,282.0,C15,1740.0,1740.0,1.0,7.816570017088113,5.509217439342265,53.04520452024495
fixed,282.0,C16,1740.0,1740.0,1.0,7.86958150568617,5.509190632472051,53.04522324674163
fixed,282.0,C17,1740.0,1740.0,1.0,7.9197298547587,5.509165171548565,53.04524107647415
fixed,282.0,C18,1740.0,1740.0,1.0,8.0,5.509141267583455,53.04525800463783
fixed,284.0,C01,1740.0,1740.0,1.0,6.335166590900118,5.510352744053803,51.00331445083687
fixed,284.0,C02,1740.0,1740.0,1.0,6.409915367443772,5.5102734077101285,53.006738685711774
fixed,284.0,C03,1740.0,1740.0,1.0,6.4832460383816315,5.510198355336385,53.00671709580063
fixed,284.0,C04,1740.0,1740.0,1.0,6.5547166358267015,5.510127513676415,53.00669614792912
fixed,284.0,C05,1740.0,1740.0,1.0,6.623845982654081,5.51006079532515,53.00667598898397
fixed,284.0,C06,1740.0,1740.0,1.0,6.690119272723018,5.509998099094582,53.00665676839332
fixed,284.0,C07,1740.0,1740.0,1.0,6.752997820495817,5.509939310381063,53.00663863818979
fixed,284.0,C08,1740.0,1740.0,1.0,6.811934135287234,5.509884301515964,53.00662175317057
fixed,284.0,C09,1740.0,1740.0,1.0,6.8663933242271,5.5098329320789805,53.006606271176416
fixed,284.0,S01,1240.0,1240.0,1.0,1.7801868542356862,1.1803228383964388,69.34169136986544
fixed,284.0,S02,1240.0,1240.0,1.0,1.7807389892963663,1.1803156356821973,67.1090277333386
fixed,284.0,S03,1240.0,1240.0,1.0,1.781271806114026,1.1803085230731387,69.34168801242062
fixed,284.0,S04,1240.0,1240.0,1.0,1.781785594284523,1.1803014996139667,69.34173849030205
fixed,284.0,S05,1240.0,1240.0,1.0,1.782280648968229,1.1802945642984242,69.34178837372616
fixed,284.0,S06,1240.0,1240.0,1.0,1.7827572707454995,1.1802877160695582,69.34183767016488
fixed,284.0,S07,1240.0,1240.0,1.0,1.7832157654721774,1.1802809538199668,69.34188638744297
fixed,284.0,S08,1240.0,1240.0,1.0,1.7836564441354,1.1802742763920508,69.34193453373729
fixed,284.0,S09,1240.0,1240.0,1.0,1.7840796227099638,1.1802676825782559,69.3419821175743
fixed,284.0,C10,1740.0,1740.0,1.0,7.474679259856348,5.509392081666978,53.00681823663768
fixed,284.0,C11,1740.0,1740.0,1.0,7.552138554614863,5.50935449270171,53.006844359865944
fixed,284.0,C12,1740.0,1740.0,1.0,7.62558793679496,5.509319531527782,53.00686871879294
fixed,284.0,C13,1740.0,1740.0,1.0,7.694469762738377,5.509286979101956,53.00689146000877
fixed,284.0,C14,1740.0,1740.0,1.0,7.758256671723386,5.50925660117104,53.00691274036351
fixed,284.0,C15,1740.0,1740.0,1.0,7.816570017088113,5.509228145868751,53.00693272858443
fixed,284.0,C16,1740.0,1740.0,1.0,7.86958150568617,5.509201339578762,53.0069516080599
fixed,284.0,C17,1740.0,1740.0,1.0,7.9197298547587,5.509175879208314,53.006969582039375
fixed,284.0,C18,1740.0,1740.0,1.0,8.0,5.509151975768263,53.00698664104995
fixed,286.0,C01,1740.0,1740.0,1.0,6.335166590900118,5.510361510426977,51.014610932030784
fixed,286.0,C02,1740.0,1740.0,1.0,6.409915367443772,5.51028217542382,52.96937721192925
fixed,286.0,C03,1740.0,1740.0,1.0,6.4832460383816315,5.510207124320121,52.96935784250707
fixed,286.0,C04,1740.0,1740.0,1.0,6.5547166358267015,5.510136283860915,52.96933900439257
fixed,286.0,C05,1740.0,1740.0,1.0,6.623845982654081,5.5100695666425565,52.9693208428766
fixed,286.0,C06,1740.0,1740.0,1.0,6.690119272723018,5.51000687147869,52.96930350604152
fixed,286.0,C07,1740.0,1740.0,1.0,6.752997820495817,5.5099480837675445,52.96928714481456
fixed,286.0,C08,1740.0,1740.0,1.0,6.811934135287234,5.50989307584258,52.96927191311598
fixed,286.0,C09,1740.0,1740.0,1.0,6.8663933242271,5.509841707285795,52.96925796812426
fixed,286.0,S01,1240.0,1240.0,1.0,1.7801868542356862,1.1803246770343554,69.35182083709591
fixed,286.0,S02,1240.0,1240.0,1.0,1.7807389892963663,1.1803174744479419,67.1613272894454
fixed,286.0,S03,1240.0,1240.0,1.0,1.781271806114026,1.1803103619652038,69.35182089842536
fixed,286.0,S04,1240.0,1240.0,1.0,1.781785594284523,1.1803033386308603,69.35187207272321
fixed,286.0,S05,1240.0,1240.0,1.0,1.782280648968229,1.1802964034386707,69.3519226431036
fixed,286.0,S06,1240.0,1240.0,1.0,1.7827572707454995,1.1802895553316979,69.35197261714512
fixed,286.0,S07,1240.0,1240.0,1.0,1.7832157654721774,1.1802827932025577,69.35202200278428
fixed,286.0,S08,1240.0,1240.0,1.0,1.7836564441354,1.1802761158936699,69.35207080831493
fixed,286.0,S09,1240.0,1240.0,1.0,1.7840796227099638,1.1802695221974984,69.35211904238561
fixed,286.0,C10,1740.0,1740.0,1.0,7.474679259856348,5.50940086448335,52.96947474972033
fixed,286.0,C11,1740.0,1740.0,1.0,7.552138554614863,5.509363276172551,52.96950108814631
fixed,286.0,C12,1740.0,1740.0,1.0,7.62558793679496,5.5093283156096655,52.96952564573201
fixed,286.0,C13,1740.0,1740.0,1.0,7.694469762738377,5.509295763755055,52.9695485704566
fixed,286.0,C14,1740.0,1740.0,1.0,7.758256671723386,5.509265386359387,52.96957002065423
fixed,286.0,C15,1740.0,1740.0,1.0,7.816570017088113,5.509236931560529,52.96959016664623
fixed,286.0,C16,1740.0,1740.0,1.0,7.86958150568617,5.5092101257466615,52.96960919355089
fixed,286.0,C17,1740.0,1740.0,1.0,7.9197298547587,5.509184665830035,52.96962730653187
fixed,286.0,C18,1740.0,1740.0,1.0,8.0,5.509160762820843,52.969644491575686
fixed,288.0,C01,1740.0,1740.0,1.0,6.335166590900118,5.5103687040441525,51.02563286899466
fixed,288.0,C02,1740.0,1740.0,1.0,6.409915367443772,5.510289370141013,52.93292297545793
fixed,288.0,C03,1740.0,1740.0,1.0,6.4832460383816315,5.510214320079504,52.932905767590675
fixed,288.0,C04,1740.0,1740.0,1.0,6.5547166358267015,5.510143480605636,52.93288898326971
fixed,288.0,C05,1740.0,1740.0,1.0,6.623845982654081,5.510076764316931,52.93287276622284
fixed,288.0,C06,1740.0,1740.0,1.0,6.690119272723018,5.510014070028393,52.93285726321259
fixed,288.0,C07,1740.0,1740.0,1.0,6.752997820495817,5.509955283139787,52.93284262407986
fixed,288.0,C08,1740.0,1740.0,1.0,6.811934135287234,5.509900275986289,52.932829001880755
fixed,288.0,C09,1740.0,1740.0,1.0,6.8663933242271,5.509848908151788,52.932816553138125
fixed,288.0,S01,1240.0,1240.0,1.0,1.7801868542356862,1.1803261858061558,69.36175846262682
fixed,288.0,S02,1240.0,1240.0,1.0,1.7807389892963663,1.1803189833246364,67.21261146207598
fixed,288.0,S03,1240.0,1240.0,1.0,1.781271806114026,1.180311870945556,69.36176187975012
fixed,288.0,S04,1240.0,1240.0,1.0,1.781785594284523,1.1803048477136464,69.3618137379065
fixed,288.0,S05,1240.0,1240.0,1.0,1.782280648968229,1.1802979126226785,69.36186498285649
fixed,288.0,S06,1240.0,1240.0,1.0,1.7827572707454995,1.1802910646157299,69.36191562228335
fixed,288.0,S07,1240.0,1240.0,1.0,1.7832157654721774,1.180284302585431,69.3619656642334
fixed,288.0,S08,1240.0,1240.0,1.0,1.7836564441354,1.1802776253742164,69.36201511711532
fixed,288.0,S09,1240.0,1240.0,1.0,1.7840796227099638,1.1802710317745657,69.36206398969755
fixed,288.0,C10,1740.0,1740.0,1.0,7.474679259856348,5.509408071593685,52.933038004513094
fixed,288.0,C11,1740.0,1740.0,1.0,7.552138554614863,5.5093704838199375,52.93306455040452
fixed,288.0,C12,1740.0,1740.0,1.0,7.62558793679496,5.509335523758465,52.933089299493474
fixed,288.0,C13,1740.0,1740.0,1.0,7.694469762738377,5.509302972372591,52.93311240109984
fixed,288.0,C14,1740.0,1740.0,1.0,7.758256671723386,5.509272595416143,52.93313401499018
fixed,288.0,C15,1740.0,1740.0,1.0,7.816570017088113,5.509244141030395,52.93315431302441
fixed,288.0,C16,1740.0,1740.0,1.0,7.86958150568617,5.509217335607233,52.93317348199047
fixed,288.0,C17,1740.0,1740.0,1.0,7.9197298547587,5.509191876063006,52.93319172889956
fixed,288.0,C18,1740.0,1740.0,1.0,8.0,5.509167973407373,52.93320903532187
fixed,290.0,C01,1740.0,1740.0,1.0,6.335166590900118,5.510374607070075,51.03638696047597
fixed,290.0,C02,1740.0,1740.0,1.0,6.409915367443772,5.510295274069602,52.89735397880909
fixed,290.0,C03,1740.0,1740.0,1.0,6.4832460383816315,5.510220224863305,52.897338875120816
fixed,290.0,C04,1740.0,1740.0,1.0,6.5547166358267015,5.510149386197997,52.89732409010876
fixed,290.0,C05,1740.0,1740.0,1.0,6.623845982654081,5.510082670672159,52.897309765969865
fixed,290.0,C06,1740.0,1740.0,1.0,6.690119272723018,5.5100199771019085,52.897296048172194
fixed,290.0,C07,1740.0,1740.0,1.0,6.752997820495817,5.509961190888273,52.89728308548929
fixed,290.0,C08,1740.0,1740.0,1.0,6.811934135287234,5.509906184367835,52.89727103012567
fixed,290.0,C09,1740.0,1740.0,1.0,6.8663933242271,5.509854817126036,52.89726003795531
fixed,290.0,S01,1240.0,1240.0,1.0,1.7801868542356862,1.18032742389243,69.3715080466117
fixed,290.0,S02,1240.0,1240.0,1.0,1.7807389892963663,1.1803202214969857,67.26290635488793
fixed,290.0,S03,1240.0,1240.0,1.0,1.781271806114026,1.180313109202966,69.37151475767915
fixed,290.0,S04,1240.0,1240.0,1.0,1.781785594284523,1.1803060860551118,69.37156728737502
fixed,290.0,S05,1240.0,1240.0,1.0,1.782280648968229,1.1802991510472058,69.37161919474353
fixed,290.0,S06,1240.0,1240.0,1.0,1.7827572707454995,1.1802923031223367,69.37167048757074
fixed,290.0,S07,1240.0,1240.0,1.0,1.7832157654721774,1.180285541173146,69.37172117401076
fixed,290.0,S08,1240.0,1240.0,1.0,1.7836564441354,1.180278864042081,69.37177126258501
fixed,290.0,S09,1240.0,1240.0,1.0,1.7840796227099638,1.1802722705216346,69.3718207621797
fixed,290.0,C10,1740.0,1740.0,1.0,7.474679259856348,5.509413985691987,52.897486017053694
fixed,290.0,C11,1740.0,1740.0,1.0,7.552138554614863,5.509376398358941,52.89751276292973
fixed,290.0,C12,1740.0,1740.0,1.0,7.62558793679496,5.509341438708926,52.89753769659945
fixed,290.0,C13,1740.0,1740.0,1.0,7.694469762738377,5.50930888770769,52.897560968676686
fixed,290.0,C14,1740.0,1740.0,1.0,7.758256671723386,5.509278511111663,52.89758274031041
fixed,290.0,C15,1740.0,1740.0,1.0,7.816570017088113,5.509250057064912,52.897603184845366
fixed,290.0,C16,1740.0,1740.0,1.0,7.86958150568617,5.509223251962357,52.89762249068085
fixed,290.0,C17,1740.0,1740.0,1.0,7.9197298547587,5.509197792723716,52.89764086661099
fixed,290.0,C18,1740.0,1740.0,1.0,8.0,5.5091738903582135,52.89765828991063
fixed,292.0,C01,1740.0,1740.0,1.0,6.335166590900118,5.510379451046923,51.04687973707938
fixed,292.0,C02,1740.0,1740.0,1.0,6.409915367443772,5.510300118787172,52.86264875189902
fixed,292.0,C03,1740.0,1740.0,1.0,6.4832460383816315,5.510225070282656,52.862635696530006
fixed,292.0,C04,1740.0,1740.0,1.0,6.5547166358267015,5.510154232280847,52.86262285778132
fixed,292.0,C05,1740.0,1740.0,1.0,6.623845982654081,5.510087517381014,52.862610376350624
fixed,292.0,C06,1740.0,1740.0,1.0,6.690119272723018,5.510024824400184,52.862598396436496
fixed,292.0,C07,1740.0,1740.0,1.0,6.752997820495817,5.509966038740422,52.86258706576369
fixed,292.0,C08,1740.0,1740.0,1.0,6.811934135287234,5.509911032739469,52.8625765356977
fixed,292.0,C09,1740.0,1740.0,1.0,6.8663933242271,5.509859665984034,52.86256696147043
fixed,292.0,S01,1240.0,1240.0,1.0,1.7801868542356862,1.1803284398562974,69.38107328637126
fixed,292.0,S02,1240.0,1240.0,1.0,1.7807389892963663,1.1803212375314858,67.31223598264845
fixed,292.0,S03,1240.0,1240.0,1.0,1.781271806114026,1.180314125307266,69.38108323065194
fixed,292.0,S04,1240.0,1240.0,1.0,1.781785594284523,1.1803071022283878,69.38113641980051
fixed,292.0,S05,1240.0,1240.0,1.0,1.782280648968229,1.1803001672886417,69.38118897766556
fixed,292.0,S06,1240.0,1240.0,1.0,1.7827572707454995,1.1802933194311258,69.38124091213403
fixed,292.0,S07,1240.0,1240.0,1.0,1.7832157654721774,1.1802865575484915,69.38129223146593
fixed,292.0,S08,1240.0,1240.0,1.0,1.7836564441354,1.180279880483197,69.3813429442934
fixed,292.0,S09,1240.0,1240.0,1.0,1.7840796227099638,1.1802732870277453,69.38139305961825
fixed,292.0,C10,1740.0,1740.0,1.0,7.474679259856348,5.509418838754744,52.8627973304087
fixed,292.0,C11,1740.0,1740.0,1.0,7.552138554614863,5.509381251783335,52.862824269031805
fixed,292.0,C12,1740.0,1740.0,1.0,7.62558793679496,5.509346292470957,52.86284938058524
fixed,292.0,C13,1740.0,1740.0,1.0,7.694469762738377,5.509313741785354,52.8628728169315
fixed,292.0,C14,1740.0,1740.0,1.0,7.758256671723386,5.509283365485084,52.86289474055355
fixed,292.0,C15,1740.0,1740.0,1.0,7.816570017088113,5.509254911716509,52.86291532622895
fixed,292.0,C16,1740.0,1740.0,1.0,7.86958150568617,5.509228106877043,52.86293476391192
fixed,292.0,C17,1740.0,1740.0,1.0,7.9197298547587,5.509202647889166,52.862953264117024
fixed,292.0,C18,1740.0,1740.0,1.0,8.0,5.509178745761737,52.862970799941344
fixed,294.0,C01,1740.0,1740.0,1.0,6.335166590900118,5.510383425976396,51.05711756632018
fixed,294.0,C02,1740.0,1740.0,1.0,6.409915367443772,5.5103040943244785,52.828786340494666
fixed,294.0,C03,1740.0,1740.0,1.0,6.4832460383816315,5.510229046395838,52.82877527906084
fixed,294.0,C04,1740.0,1740.0,1.0,6.5547166358267015,5.51015820893849,52.82876433493062
fixed,294.0,C05,1740.0,1740.0,1.0,6.623845982654081,5.510091494552348,52.82875364733331
fixed,294.0,C06,1740.0,1740.0,1.0,6.690119272723018,5.510028802055193,52.82874335922255
fixed,294.0,C07,1740.0,1740.0,1.0,6.752997820495817,5.509970016849938,52.82873361729262
fixed,294.0,C08,1740.0,1740.0,1.0,6.811934135287234,5.509915011275269,52.82872457208241
fixed,294.0,C09,1740.0,1740.0,1.0,6.8663933242271,5.509863644918941,52.82871637818867
fixed,294.0,S01,1240.0,1240.0,1.0,1.7801868542356862,1.180329273548269,69.39045778338824
fixed,294.0,S02,1240.0,1240.0,1.0,1.7807389892963663,1.1803220712814182,67.36062267645546
fixed,294.0,S03,1240.0,1240.0,1.0,1.781271806114026,1.1803149591144757,69.39047090125592
fixed,294.0,S04,1240.0,1240.0,1.0,1.781785594284523,1.1803079360921978,69.39052473799649
fixed,294.0,S05,1240.0,1240.0,1.0,1.782280648968229,1.1803010012083837,69.39057793465902
fixed,294.0,S06,1240.0,1240.0,1.0,1.7827572707454995,1.1802941534061373,69.39063049922964
fixed,294.0,S07,1240.0,1240.0,1.0,1.7832157654721774,1.1802873915781191,69.39068244007228
fixed,294.0,S08,1240.0,1240.0,1.0,1.7836564441354,1.1802807145667953,69.3907337659278
fixed,294.0,S09,1240.0,1240.0,1.0,1.7840796227099638,1.1802741211646768,69.39078448591157
fixed,294.0,C10,1740.0,1740.0,1.0,7.474679259856348,5.509422821140043,52.82895100313169
fixed,294.0,C11,1740.0,1740.0,1.0,7.552138554614863,5.509385234465389,52.82897812749975
fixed,294.0,C12,1740.0,1740.0,1.0,7.62558793679496,5.509350275430074,52.82900341045801
fixed,294.0,C13,1740.0,1740.0,1.0,7.694469762738377,5.509317725003477,52.82902700507374
fixed,294.0,C14,1740.0,1740.0,1.0,7.758256671723386,5.509287348945904,52.829049075117105
fixed,294.0,C15,1740.0,1740.0,1.0,7.816570017088113,5.509258895405597,52.82906979674807
fixed,294.0,C16,1740.0,1740.0,1.0,7.86958150568617,5.509232090782019,52.82908936142115
fixed,294.0,C17,1740.0,1740.0,1.0,7.9197298547587,5.509206631999917,52.82910798131081
fixed,294.0,C18,1740.0,1740.0,1.0,8.0,5.509182730067851,52.82912562545089
fixed,296.0,C01,1740.0,1740.0,1.0,6.335166590900118,5.510386687772402,51.06710665738251
fixed,296.0,C02,1740.0,1740.0,1.0,6.409915367443772,5.510307356619263,52.79574629471039
fixed,296.0,C03,1740.0,1740.0,1.0,6.4832460383816315,5.510232309163183,52.79573717426399
fixed,296.0,C04,1740.0,1740.0,1.0,6.5547166358267015,5.510161472152617,52.7957280744706
fixed,296.0,C05,1740.0,1740.0,1.0,6.623845982654081,5.510094758188007,52.795719133121544
fixed,296.0,C06,1740.0,1740.0,1.0,6.690119272723018,5.51003206608775,52.79571049194956
fixed,296.0,C07,1740.0,1740.0,1.0,6.752997820495817,5.509973281255459,52.79570229663653
fixed,296.0,C08,1740.0,1740.0,1.0,6.811934135287234,5.509918276030595,52.79569469690709
fixed,296.0,C09,1740.0,1740.0,1.0,6.8663933242271,5.509866910001773,52.79568784672974
fixed,296.0,S01,1240.0,1240.0,1.0,1.7801868542356862,1.180329957669358,69.39966504938937
fixed,296.0,S02,1240.0,1240.0,1.0,1.7807389892963663,1.1803227554500695,67.40808739741996
fixed,296.0,S03,1240.0,1240.0,1.0,1.781271806114026,1.180315643330128,69.39968128230696
fixed,296.0,S04,1240.0,1240.0,1.0,1.781785594284523,1.1803086203542963,69.39973575499913
fixed,296.0,S05,1240.0,1240.0,1.0,1.782280648968229,1.1803016855163788,69.3997895789775
fixed,296.0,S06,1240.0,1240.0,1.0,1.7827572707454995,1.1802948377594862,69.39984276232553
fixed,296.0,S07,1240.0,1240.0,1.0,1.7832157654721774,1.1802880759762855,69.39989531350919
fixed,296.0,S08,1240.0,1240.0,1.0,1.7836564441354,1.1802813990092493,69.39994724137617
fixed,296.0,S09,1240.0,1240.0,1.0,1.7840796227099638,1.180274805650896,69.39999855515326
fixed,296.0,C10,1740.0,1740.0,1.0,7.474679259856348,5.509426089054238,52.79592659777148
fixed,296.0,C11,1740.0,1740.0,1.0,7.552138554614863,5.5093885026231,52.795953901110344
fixed,296.0,C12,1740.0,1740.0,1.0,7.62558793679496,5.509353543815142,52.79597934920573
fixed,296.0,C13,1740.0,1740.0,1.0,7.694469762738377,5.509320993601081,52.796003096287286
fixed,296.0,C14,1740.0,1740.0,1.0,7.758256671723386,5.509290617742662,52.79602530736691
fixed,296.0,C15,1740.0,1740.0,1.0,7.816570017088113,5.509262164389671,52.796046159938335
fixed,296.0,C16,1740.0,1740.0,1.0,7.86958150568617,5.509235359943251,52.796065846903396
fixed,296.0,C17,1740.0,1740.0,1.0,7.9197298547587,5.509209901330003,52.79608458203797
fixed,296.0,C18,1740.0,1740.0,1.0,8.0,5.509185999558252,52.796102330423956
fixed,298.0,C01,1740.0,1740.0,1.0,6.335166590900118,5.510389364376666,51.07685306561986
fixed,298.0,C02,1740.0,1740.0,1.0,6.409915367443772,5.510310033632824,52.76350865759656
fixed,298.0,C03,1740.0,1740.0,1.0,6.4832460383816315,5.510234986564522,52.76350142658791
fixed,298.0,C04,1740.0,1740.0,1.0,6.5547166358267015,5.51016414992058,52.763494122176766
fixed,298.0,C05,1740.0,1740.0,1.0,6.623845982654081,5.510097436301878,52.76348688074619
fixed,298.0,C06,1740.0,1740.0,1.0,6.690119272723018,5.510034744527313,52.76347984283168
fixed,298.0,C07,1740.0,1740.0,1.0,6.752997820495817,5.509975960001072,52.7634731531205
fixed,298.0,C08,1740.0,1740.0,1.0,6.811934135287234,5.509920955063256,52.76346696053532
fixed,298.0,C09,1740.0,1740.0,1.0,6.8663933242271,5.5098695893031815,52.763461418423276
fixed,298.0,S01,1240.0,1240.0,1.0,1.7801868542356862,1.1803305190537572,69.40869851164311
fixed,298.0,S02,1240.0,1240.0,1.0,1.7807389892963663,1.180323316873497,67.45464997979342
fixed,298.0,S03,1240.0,1240.0,1.0,1.781271806114026,1.1803162047921247,69.40871780214599
fixed,298.0,S04,1240.0,1240.0,1.0,1.781785594284523,1.180309181854407,69.40877289936441
fixed,298.0,S05,1240.0,1240.0,1.0,1.782280648968229,1.1803022470541515,69.408827339389
fixed,298.0,S06,1240.0,1240.0,1.0,1.7827572707454995,1.1802953993344762,69.40888113039885
fixed,298.0,S07,1240.0,1240.0,1.0,1.7832157654721774,1.1802886375880521,69.40893428096012
fixed,298.0,S08,1240.0,1240.0,1.0,1.7836564441354,1.1802819606573578,69.40898680002542
fixed,298.0,S09,1240.0,1240.0,1.0,1.7840796227099638,1.1802753673349182,69.40903869693098
fixed,298.0,C10,1740.0,1740.0,1.0,7.474679259856348,5.509428770679043,52.763704169471715
fixed,298.0,C11,1740.0,1740.0,1.0,7.552138554614863,5.509391184447731,52.76373164522797
fixed,298.0,C12,1740.0,1740.0,1.0,7.62558793679496,5.509356225826338,52.7637572523973
fixed,298.0,C13,1740.0,1740.0,1.0,7.694469762738377,5.509323675786685,52.76378114633063
fixed,298.0,C14,1740.0,1740.0,1.0,7.758256671723386,5.509293300091691,52.76380349323772
fixed,298.0,C15,1740.0,1740.0,1.0,7.816570017088113,5.50926484689241,52.76382447189885
fixed,298.0,C16,1740.0,1740.0,1.0,7.86958150568617,5.5092380425913605,52.76384427661199
fixed,298.0,C17,1740.0,1740.0,1.0,7.9197298547587,5.5092125841166775,52.76386312269773
fixed,298.0,C18,1740.0,1740.0,1.0,8.0,5.509188682476476,52.763880971394364
fixed,300.0,C01,1740.0,1740.0,1.0,6.335166590900118,5.510391560777168,51.0863626968298
fixed,300.0,C02,1740.0,1740.0,1.0,6.409915367443772,5.510312230369191,52.73205395385204
fixed,300.0,C03,1740.0,1740.0,1.0,6.4832460383816315,5.510237183619098,52.73204856209246
fixed,300.0,C04,1740.0,1740.0,1.0,6.5547166358267015,5.510166347276005,52.73204300540082
fixed,300.0,C05,1740.0,1740.0,1.0,6.623845982654081,5.510099633941151,52.73203741878104
fixed,300.0,C06,1740.0,1740.0,1.0,6.690119272723018,5.510036942433849,52.73203194159462
fixed,300.0,C07,1740.0,1740.0,1.0,6.752997820495817,5.509978158158751,52.73202671755176
fixed,300.0,C08,1740.0,1740.0,1.0,6.811934135287234,5.509923153456484,52.73202189478523
fixed,300.0,C09,1740.0,1740.0,1.0,6.8663933242271,5.50987178791694,52.732017626027876
fixed,300.0,S01,1240.0,1240.0,1.0,1.7801868542356862,1.1803309797213926,69.41756151758545
fixed,300.0,S02,1240.0,1240.0,1.0,1.7807389892963663,1.1803237775731594,67.50032931970532
fixed,300.0,S03,1240.0,1240.0,1.0,1.781271806114026,1.1803166655234363,69.41758380926422
fixed,300.0,S04,1240.0,1240.0,1.0,1.781785594284523,1.1803096426169937,69.41763951979348
fixed,300.0,S05,1240.0,1240.0,1.0,1.782280648968229,1.1803027078476445,69.41769456480183
fixed,300.0,S06,1240.0,1240.0,1.0,1.7827572707454995,1.1802958601585087,69.41774895256218
fixed,300.0,S07,1240.0,1240.0,1.0,1.7832157654721774,1.1802890984422636,69.41780269173917
fixed,300.0,S08,1240.0,1240.0,1.0,1.7836564441354,1.1802824215413914,69.41785579138835
fixed,300.0,S09,1240.0,1240.0,1.0,1.7840796227099638,1.1802758282484218,69.41790826095348
fixed,300.0,C10,1740.0,1740.0,1.0,7.474679259856348,5.509430971199361,52.73226425469375
fixed,300.0,C11,1740.0,1740.0,1.0,7.552138554614863,5.509393385132025,52.732291896527755
fixed,300.0,C12,1740.0,1740.0,1.0,7.62558793679496,5.509358426663726,52.73231765690589
fixed,300.0,C13,1740.0,1740.0,1.0,7.694469762738377,5.509325876767189,52.73234169226061
fixed,300.0,C14,1740.0,1740.0,1.0,7.758256671723386,5.509295501206301,52.73236416995701
fixed,300.0,C15,1740.0,1740.0,1.0,7.816570017088113,5.509267048133155,52.732385270016266
fixed,300.0,C16,1740.0,1740.0,1.0,7.86958150568617,5.509240243951397,52.73240518808292
fixed,300.0,C17,1740.0,1740.0,1.0,7.9197298547587,5.509214785590416,52.73242414096735
fixed,300.0,C18,1740.0,1740.0,1.0,8.0,5.509190884058166,52.732442086169726
active,0.0,C01,1740.0,1740.0,1.0,7.6,6.016137462552568,51.084785836683686
active,0.0,C02,1740.0,1740.0,1.0,7.6,6.0065858287730425,51.08478583668369
active,0.0,C03,1740.0,1740.0,1.0,7.6,5.997965686130704,51.08478583668369
active,0.0,C04,1740.0,1740.0,1.0,7.6,5.990230908112735,51.08478583668369
active,0.0,C05,1740.0,1740.0,1.0,7.6,5.983334950198807,51.0847858366837
active,0.0,C06,1740.0,1740.0,1.0,7.6,5.977230868934781,51.0847858366837
active,0.0,C07,1740.0,1740.0,1.0,7.6,5.9718713387997,51.0847858366837
active,0.0,C08,1740.0,1740.0,1.0,7.6,5.967208666370275,51.0847858366837
active,0.0,C09,1740.0,1740.0,1.0,7.6,5.963194801190227,51.0847858366837
active,0.0,S01,1240.0,1240.0,1.0,1.7830030724637675,1.2931627673454655,68.62928612227627
active,0.0,S02,1240.0,1240.0,1.0,1.7835596941103327,1.293185037543606,68.62928612227627
active,0.0,S03,1240.0,1240.0,1.0,1.7840968460739284,1.2932069386964669,68.62928612227627
active,0.0,S04,1240.0,1240.0,1.0,1.7846148197244511,1.2932284671111214,68.62928612227627
active,0.0,S05,1240.0,1240.0,1.0,1.7851139120730712,1.2932496191919747,68.62928612227628
active,0.0,S06,1240.0,1240.0,1.0,1.7855944256258491,1.2932703914398078,68.62928612227628
active,0.0,S07,1240.0,1240.0,1.0,1.7860566682373615,1.293290780450669,68.62928612227628
active,0.0,S08,1240.0,1240.0,1.0,1.7865009529645985,1.293310782914609,68.62928612227628
active,0.0,S09,1240.0,1240.0,1.0,1.7869275979214134,1.2933303956142774,68.6292861222763
active,0.0,C10,1740.0,1740.0,1.0,7.6,5.934310326108613,51.08478583668372
active,0.0,C11,1740.0,1740.0,1.0,7.6,5.932376222102729,51.08478583668372
active,0.0,C12,1740.0,1740.0,1.0,7.6,5.930847904296233,51.08478583668372
active,0.0,C13,1740.0,1740.0,1.0,7.6,5.929675291107237,51.08478583668373
active,0.0,C14,1740.0,1740.0,1.0,7.6,5.92880781911807,51.08478583668373
active,0.0,C15,1740.0,1740.0,1.0,7.6,5.928194349245053,51.08478583668373
active,0.0,C16,1740.0,1740.0,1.0,7.6,5.927783011851507,51.084785836683736
active,0.0,C17,1740.0,1740.0,1.0,7.6,5.927520927691362,51.084785836683736
active,0.0,C18,1740.0,1740.0,1.0,7.6,5.927359854830757,51.084785836683736
active,2.0,C01,1740.0,1740.0,1.0,7.516362004173147,5.920201497105039,51.08573124029116
active,2.0,C02,1740.0,1740.0,1.0,7.516362004173147,5.910812649493729,51.085818257673175
active,2.0,C03,1740.0,1740.0,1.0,7.516362004173147,5.902339657110492,51.08589686513991
active,2.0,C04,1740.0,1740.0,1.0,7.516362004173147,5.8947371363148555,51.08596746026604
active,2.0,C05,1740.0,1740.0,1.0,7.516362004173147,5.887959292035972,51.08603044826578
active,2.0,C06,1740.0,1740.0,1.0,7.516362004173147,5.881959936453353,51.08608624145131
active,2.0,C07,1740.0,1740.0,1.0,7.516362004173147,5.876692505494673,51.08613525872355
active,2.0,C08,1740.0,1740.0,1.0,7.516362004173147,5.8721100726601225,51.08617792510135
active,2.0,C09,1740.0,1740.0,1.0,7.516362004173147,5.86816535958651,51.086214671296084
active,2.0,S01,1240.0,1240.0,1.0,1.7737928837064252,1.2616745633233803,68.63058796752335
active,2.0,S02,1240.0,1240.0,1.0,1.7743453158212024,1.2616975422814565,68.63058681281204
active,2.0,S03,1240.0,1240.0,1.0,1.7748783935315025,1.2617198626294426,68.63058569120106
active,2.0,S04,1240.0,1240.0,1.0,1.7753924071970892,1.2617415297675334,68.63058460241862
active,2.0,S05,1240.0,1240.0,1.0,1.775887652785899,1.261762549312668,68.63058354618214
active,2.0,S06,1240.0,1240.0,1.0,1.776364431728334,1.2617829270934626,68.63058252219828
active,2.0,S07,1240.0,1240.0,1.0,1.7768230507715765,1.261802669145048,68.63058153016347
active,2.0,S08,1240.0,1240.0,1.0,1.7772638218341925,1.2618217817038284,68.63058056976394
active,2.0,S09,1240.0,1240.0,1.0,1.777687061861292,1.2618402712021768,68.63057964067622
active,2.0,C10,1740.0,1740.0,1.0,7.516362004173147,5.839736539431507,51.08647997510528
active,2.0,C11,1740.0,1740.0,1.0,7.516362004173147,5.837828424170876,51.086497812339644
active,2.0,C12,1740.0,1740.0,1.0,7.516362004173147,5.836319720648924,51.08651191853966
active,2.0,C13,1740.0,1740.0,1.0,7.516362004173147,5.835161151730631,51.08652275264306
active,2.0,C14,1740.0,1740.0,1.0,7.516362004173147,5.834302964372461,51.08653077870196
active,2.0,C15,1740.0,1740.0,1.0,7.516362004173147,5.833694836855372,51.086536466584334
active,2.0,C16,1740.0,1740.0,1.0,7.516362004173147,5.833285725687313,51.086540293263624
active,2.0,C17,1740.0,1740.0,1.0,7.516362004173147,5.83302358979381,51.08654274528119
active,2.0,C18,1740.0,1740.0,1.0,7.516362004173147,5.832861033020287,51.0865442658725
active,4.0,C01,1740.0,1740.0,1.0,7.431782797926455,5.849761835526382,51.08775506659061
active,4.0,C02,1740.0,1740.0,1.0,7.431782797926455,5.840494641574796,51.08796788015964
active,4.0,C03,1740.0,1740.0,1.0,7.431782797926455,5.832131583787181,51.088160161894095
active,4.0,C04,1740.0,1740.0,1.0,7.431782797926455,5.824627836964164,51.088332873493144
active,4.0,C05,1740.0,1740.0,1.0,7.431782797926455,5.817938169494814,51.08848699713596
active,4.0,C06,1740.0,1740.0,1.0,7.431782797926455,5.8120169617383155,51.08862353399115
active,4.0,C07,1740.0,1740.0,1.0,7.431782797926455,5.806818222241018,51.08874350280877
active,4.0,C08,1740.0,1740.0,1.0,7.431782797926455,5.802295601302511,51.088847938611586
active,4.0,C09,1740.0,1740.0,1.0,7.431782797926455,5.7984024013085325,51.088937891503384
active,4.0,S01,1240.0,1240.0,1.0,1.7670308731657576,1.2389611210575313,68.63400560033683
active,4.0,S02,1240.0,1240.0,1.0,1.7675796677205289,1.2389839742848645,68.63400242813839
active,4.0,S03,1240.0,1240.0,1.0,1.7681092232363282,1.2390060032417656,68.63399935543283
active,4.0,S04,1240.0,1240.0,1.0,1.768619828741696,1.2390272188198217,68.63399638119397
active,4.0,S05,1240.0,1240.0,1.0,1.7691117788349955,1.2390476322008435,68.63399350436211
active,4.0,S06,1240.0,1240.0,1.0,1.7695853735396267,1.239067254849215,68.63399072384462
active,4.0,S07,1240.0,1240.0,1.0,1.7700409181592747,1.2390860985041896,68.63398803851705
active,4.0,S08,1240.0,1240.0,1.0,1.770478723133451,1.2391041751721497,68.63398544722372
active,4.0,S09,1240.0,1240.0,1.0,1.7708991038935997,1.2391214971188458,68.63398294877891
active,4.0,C10,1740.0,1740.0,1.0,7.431782797926455,5.770314485100997,51.08958785849785
active,4.0,C11,1740.0,1740.0,1.0,7.431782797926455,5.768425980485091,51.0896316033329
active,4.0,C12,1740.0,1740.0,1.0,7.431782797926455,5.766932089075407,51.08966620587957
active,4.0,C13,1740.0,1740.0,1.0,7.431782797926455,5.765784138813503,51.0896927899051
active,4.0,C14,1740.0,1740.0,1.0,7.431782797926455,5.764932986253976,51.08971249204037
active,4.0,C15,1740.0,1740.0,1.0,7.431782797926455,5.764328924605191,51.08972646342299
active,4.0,C16,1740.0,1740.0,1.0,7.431782797926455,5.763921531993012,51.089735872794876
active,4.0,C17,1740.0,1740.0,1.0,7.431782797926455,5.763659398123415,51.089741912489366
active,4.0,C18,1740.0,1740.0,1.0,7.431782797926455,5.763495757831935,51.0897456682358
active,6.0,C01,1740.0,1740.0,1.0,7.346229872072703,5.797064427957723,51.09074587321614
active,6.0,C02,1740.0,1740.0,1.0,7.346229872072703,5.787881846597962,51.091100909341925
active,6.0,C03,1740.0,1740.0,1.0,7.346229872072703,5.779594784656365,51.09142174202816
active,6.0,C04,1740.0,1740.0,1.0,7.346229872072703,5.772158853948627,51.09170996176998
active,6.0,C05,1740.0,1740.0,1.0,7.346229872072703,5.765529263662971,51.091967195499585
active,6.0,C06,1740.0,1740.0,1.0,7.346229872072703,5.759660838524731,51.092195103892436
active,6.0,C07,1740.0,1740.0,1.0,7.346229872072703,5.754508034815318,51.0923953788154
active,6.0,C08,1740.0,1740.0,1.0,7.346229872072703,5.750024953763534,51.092569740945734
active,6.0,C09,1740.0,1740.0,1.0,7.346229872072703,5.74616535173179,51.09271993759256
active,6.0,S01,1240.0,1240.0,1.0,1.7670308731657576,1.2285986271907803,68.63952310827777
active,6.0,S02,1240.0,1240.0,1.0,1.7675796677205289,1.228621060620381,68.63951729363005
active,6.0,S03,1240.0,1240.0,1.0,1.7681092232363282,1.2286426775701709,68.63951166944157
active,6.0,S04,1240.0,1240.0,1.0,1.768619828741696,1.22866348866936,68.63950623358234
active,6.0,S05,1240.0,1240.0,1.0,1.7691117788349955,1.2286835048321574,68.63950098385752
active,6.0,S06,1240.0,1240.0,1.0,1.7695853735396267,1.228702737250188,68.63949591800875
active,6.0,S07,1240.0,1240.0,1.0,1.7700409181592747,1.2287211973848509,68.63949103371617
active,6.0,S08,1240.0,1240.0,1.0,1.770478723133451,1.2287388969596382,68.63948632859974
active,6.0,S09,1240.0,1240.0,1.0,1.7708991038935997,1.2287558479524288,68.63948180022128
active,6.0,C10,1740.0,1740.0,1.0,7.346229872072703,5.718314440751389,51.093805773361666
active,6.0,C11,1740.0,1740.0,1.0,7.346229872072703,5.716441238135558,51.09387890235868
active,6.0,C12,1740.0,1740.0,1.0,7.346229872072703,5.714958922355671,51.09393675989472
active,6.0,C13,1740.0,1740.0,1.0,7.346229872072703,5.713819290761052,51.09398122209727
active,6.0,C14,1740.0,1740.0,1.0,7.346229872072703,5.71297367288329,51.094014187008256
active,6.0,C15,1740.0,1740.0,1.0,7.346229872072703,5.712372839110679,51.09403757723275
active,6.0,C16,1740.0,1740.0,1.0,7.346229872072703,5.711966850021887,51.09405334503485
active,6.0,C17,1740.0,1740.0,1.0,7.346229872072703,5.711704784994284,51.09406348228136
active,6.0,C18,1740.0,1740.0,1.0,7.346229872072703,5.711540364892677,51.09406980201788
active,8.0,C01,1740.0,1740.0,1.0,7.259668801750607,5.753013681534074,51.094563284076024
active,8.0,C02,1740.0,1740.0,1.0,7.259668801750607,5.743904310015436,51.09506648251611
active,8.0,C03,1740.0,1740.0,1.0,7.259668801750607,5.735683000896235,51.09552126105975
active,8.0,C04,1740.0,1740.0,1.0,7.259668801750607,5.728305744201421,51.09592985859271
active,8.0,C05,1740.0,1740.0,1.0,7.259668801750607,5.721728130687026,51.096294568091494
active,8.0,C06,1740.0,1740.0,1.0,7.259668801750607,5.715905369812019,51.096617732585216
active,8.0,C07,1740.0,1740.0,1.0,7.259668801750607,5.710792305581224,51.09690174132215
active,8.0,C08,1740.0,1740.0,1.0,7.259668801750607,5.706343429780971,51.09714902618351
active,8.0,C09,1740.0,1740.0,1.0,7.259668801750607,5.702512892034562,51.09736205839132
active,8.0,S01,1240.0,1240.0,1.0,1.7670308731657576,1.2201194076334194,68.64702724086112
active,8.0,S02,1240.0,1240.0,1.0,1.7675796677205289,1.2201416566281853,68.64701832802216
active,8.0,S03,1240.0,1240.0,1.0,1.7681092232363282,1.2201630927995264,68.6470097147481
active,8.0,S04,1240.0,1240.0,1.0,1.768619828741696,1.220183726535286,68.64700139755618
active,8.0,S05,1240.0,1240.0,1.0,1.7691117788349955,1.2202035685047357,68.64699337286126
active,8.0,S06,1240.0,1240.0,1.0,1.7695853735396267,1.2202226296510361,68.64698563697799
active,8.0,S07,1240.0,1240.0,1.0,1.7700409181592747,1.2202409211836418,68.64697818612397
active,8.0,S08,1240.0,1240.0,1.0,1.770478723133451,1.2202584545706552,68.64697101642194
active,8.0,S09,1240.0,1240.0,1.0,1.7708991038935997,1.2202752415311542,68.64696412390292
active,8.0,C10,1740.0,1740.0,1.0,7.259668801750607,5.6748676224463805,51.09890274940597
active,8.0,C11,1740.0,1740.0,1.0,7.259668801750607,5.673007764589096,51.099006562411226
active,8.0,C12,1740.0,1740.0,1.0,7.259668801750607,5.671535560940888,51.09908871168546
active,8.0,C13,1740.0,1740.0,1.0,7.259668801750607,5.670403215659947,51.09915185748422
active,8.0,C14,1740.0,1740.0,1.0,7.259668801750607,5.669562468232277,51.099198691619016
active,8.0,C15,1740.0,1740.0,1.0,7.259668801750607,5.668964502701208,51.099231941111654
active,8.0,C16,1740.0,1740.0,1.0,7.259668801750607,5.66855979794011,51.0992543753397
active,8.0,C17,1740.0,1740.0,1.0,7.259668801750607,5.668297857970438,51.09926882008302
active,8.0,C18,1740.0,1740.0,1.0,7.259668801750607,5.668132822344025,51.09927784646705
active,10.0,C01,1740.0,1740.0,1.0,7.172063084558646,5.715943883066914,51.09906913404311
active,10.0,C02,1740.0,1740.0,1.0,7.172063084558646,5.706898872783976,51.099721498311546
active,10.0,C03,1740.0,1740.0,1.0,7.172063084558646,5.698735368028035,51.10031114965807
active,10.0,C04,1740.0,1740.0,1.0,7.172063084558646,5.691409691411117,51.100840975029094
active,10.0,C05,1740.0,1740.0,1.0,7.172063084558646,5.684877769318359,51.101313933937185
active,10.0,C06,1740.0,1740.0,1.0,7.172063084558646,5.679095149705208,51.101733053009056
active,10.0,C07,1740.0,1740.0,1.0,7.172063084558646,5.674017017780514,51.102101420801596
active,10.0,C08,1740.0,1740.0,1.0,7.172063084558646,5.669598209100633,51.10242218294306
active,10.0,C09,1740.0,1740.0,1.0,7.172063084558646,5.6657932195056535,51.102698537662
active,10.0,S01,1240.0,1240.0,1.0,1.7670308731657576,1.2131887951946516,68.65634790961683
active,10.0,S02,1240.0,1240.0,1.0,1.7675796677205289,1.2132110759485741,68.6563355611398
active,10.0,S03,1240.0,1240.0,1.0,1.7681092232363282,1.2132325437844742,68.65632363474509
active,10.0,S04,1240.0,1240.0,1.0,1.768619828741696,1.213253208862091,68.65631212542431
active,10.0,S05,1240.0,1240.0,1.0,1.7691117788349955,1.2132730816204693,68.65630102802467
active,10.0,S06,1240.0,1240.0,1.0,1.7695853735396267,1.2132921727704489,68.65629033725209
active,10.0,S07,1240.0,1240.0,1.0,1.7700409181592747,1.2133104932870948,68.65628004767565
active,10.0,S08,1240.0,1240.0,1.0,1.770478723133451,1.213328054402074,68.65627015373084
active,10.0,S09,1240.0,1240.0,1.0,1.7708991038935997,1.2133448675959968,68.65626064972382
active,10.0,C10,1740.0,1740.0,1.0,7.172063084558646,5.638329396238229,51.10469777597434
active,10.0,C11,1740.0,1740.0,1.0,7.172063084558646,5.6364813879696705,51.10483253654512
active,10.0,C12,1740.0,1740.0,1.0,7.172063084558646,5.635018183223251,51.10493919369055
active,10.0,C13,1740.0,1740.0,1.0,7.172063084558646,5.633892344486178,51.105021197210846
active,10.0,C14,1740.0,1740.0,1.0,7.172063084558646,5.633055972398185,51.10508203831863
active,10.0,C15,1740.0,1740.0,1.0,7.172063084558646,5.63246061547588,51.105125254277254
active,10.0,C16,1740.0,1740.0,1.0,7.172063084558646,5.632057121224461,51.105154437588624
active,10.0,C17,1740.0,1740.0,1.0,7.172063084558646,5.6317953679858235,51.10517325415901
active,10.0,C18,1740.0,1740.0,1.0,7.172063084558646,5.631629861968337,51.10518503836341
active,12.0,C01,1740.0,1740.0,1.0,7.083373960667801,5.684475499427079,51.10413972128108
active,12.0,C02,1740.0,1740.0,1.0,7.083373960667801,5.675488154054882,51.10493992731236
active,12.0,C03,1740.0,1740.0,1.0,7.083373960667801,5.66737643864277,51.10566326924783
active,12.0,C04,1740.0,1740.0,1.0,7.083373960667801,5.660096973878206,51.10631327299934
active,12.0,C05,1740.0,1740.0,1.0,7.083373960667801,5.653605987040552,51.1068935558311
active,12.0,C06,1740.0,1740.0,1.0,7.083373960667801,5.647859329636272,51.107407819466374
active,12.0,C07,1740.0,1740.0,1.0,7.083373960667801,5.642812492933515,51.107859843525034
active,12.0,C08,1740.0,1740.0,1.0,7.083373960667801,5.638420620924424,51.10825347936372
active,12.0,C09,1740.0,1740.0,1.0,7.083373960667801,5.63463852015006,51.10859264439782
active,12.0,S01,1240.0,1240.0,1.0,1.7670308731657576,1.207532296798296,68.66728601817056
active,12.0,S02,1240.0,1240.0,1.0,1.7675796677205289,1.207554811890223,68.66726997694795
active,12.0,S03,1240.0,1240.0,1.0,1.7681092232363282,1.2075765104887188,68.66725449029046
active,12.0,S04,1240.0,1240.0,1.0,1.768619828741696,1.2075974025320106,68.66723955154916
active,12.0,S05,1240.0,1240.0,1.0,1.7691117788349955,1.2076174982368,68.66722515388535
active,12.0,S06,1240.0,1240.0,1.0,1.7695853735396267,1.2076368080907707,68.66721129027492
active,12.0,S07,1240.0,1240.0,1.0,1.7700409181592747,1.2076553428450272,68.66719795351412
active,12.0,S08,1240.0,1240.0,1.0,1.770478723133451,1.2076731135064736,68.66718513622382
active,12.0,S09,1240.0,1240.0,1.0,1.7708991038935997,1.2076901313301598,68.6671728308552
active,12.0,C10,1740.0,1740.0,1.0,7.083373960667801,5.607337989612646,51.11104683864939
active,12.0,C11,1740.0,1740.0,1.0,7.083373960667801,5.605500725692449,51.1112123148676
active,12.0,C12,1740.0,1740.0,1.0,7.083373960667801,5.6040457021574985,51.111343302997675
active,12.0,C13,1740.0,1740.0,1.0,7.083373960667801,5.602925803254265,51.111444035332134
active,12.0,C14,1740.0,1740.0,1.0,7.083373960667801,5.602093453973634,51.111518795449214
active,12.0,C15,1740.0,1740.0,1.0,7.083373960667801,5.601500530225504,51.111571923807844
active,12.0,C16,1740.0,1740.0,1.0,7.083373960667801,5.60109821071596,51.11160782894589
active,12.0,C17,1740.0,1740.0,1.0,7.083373960667801,5.6008367101937555,51.111631009722515
active,12.0,C18,1740.0,1740.0,1.0,7.083373960667801,5.600670862241808,51.11164555681386
active,14.0,C01,1740.0,1740.0,1.0,6.9935602123985765,5.657462172520879,51.1096695694664
active,14.0,C02,1740.0,1740.0,1.0,6.9935602123985765,5.648527624752922,51.110615197044226
active,14.0,C03,1740.0,1740.0,1.0,6.9935602123985765,5.640463326640417,51.11147005279096
active,14.0,C04,1740.0,1740.0,1.0,6.9935602123985765,5.633226171877595,51.112238288680516
active,14.0,C05,1740.0,1740.0,1.0,6.9935602123985765,5.626772663426772,51.11292416684663
active,14.0,C06,1740.0,1740.0,1.0,6.9935602123985765,5.621058930999594,51.11353205124477
active,14.0,C07,1740.0,1740.0,1.0,6.9935602123985765,5.616040746450183,51.114066399706324
active,14.0,C08,1740.0,1740.0,1.0,6.9935602123985765,5.611673536611672,51.11453175647225
active,14.0,C09,1740.0,1740.0,1.0,6.9935602123985765,5.6079123930146295,51.114932745300976
active,14.0,S01,1240.0,1240.0,1.0,1.7670308731657576,1.2029249155437158,68.67963221831249
active,14.0,S02,1240.0,1240.0,1.0,1.7675796677205289,1.2029478589158817,68.67961227914643
active,14.0,S03,1240.0,1240.0,1.0,1.7681092232363282,1.202969978910925,68.67959303451336
active,14.0,S04,1240.0,1240.0,1.0,1.768619828741696,1.2029912852462834,68.67957447605313
active,14.0,S05,1240.0,1240.0,1.0,1.7691117788349955,1.2030117879182207,68.67955659516822
active,14.0,S06,1240.0,1240.0,1.0,1.7695853735396267,1.2030314971943323,68.67953938302925
active,14.0,S07,1240.0,1240.0,1.0,1.7700409181592747,1.2030504236059818,68.67952283058227
active,14.0,S08,1240.0,1240.0,1.0,1.770478723133451,1.2030685779406696,68.67950692855412
active,14.0,S09,1240.0,1240.0,1.0,1.7708991038935997,1.20308597123436,68.67949166745949
active,14.0,C10,1740.0,1740.0,1.0,6.9935602123985765,5.580762140118531,51.11783483065229
active,14.0,C11,1740.0,1740.0,1.0,6.9935602123985765,5.578934847740563,51.118030552860745
active,14.0,C12,1740.0,1740.0,1.0,6.9935602123985765,5.577487439780186,51.1181855059881
active,14.0,C13,1740.0,1740.0,1.0,6.9935602123985765,5.576373095806663,51.1183046918759
active,14.0,C14,1740.0,1740.0,1.0,6.9935602123985765,5.575544538568737,51.118393173437546
active,14.0,C15,1740.0,1740.0,1.0,6.9935602123985765,5.574953944588422,51.118456081181726
active,14.0,C16,1740.0,1740.0,1.0,6.9935602123985765,5.574552796752894,51.118498626379115
active,14.0,C17,1740.0,1740.0,1.0,6.9935602123985765,5.574291618869152,51.11852612731132
active,14.0,C18,1740.0,1740.0,1.0,6.9935602123985765,5.574125543335065,51.11854341829024
active,16.0,C01,1740.0,1740.0,1.0,6.902577940322167,5.633946935543777,51.115571501747546
active,16.0,C02,1740.0,1740.0,1.0,6.902577940322167,5.625061889544632,51.11665961820364
active,16.0,C03,1740.0,1740.0,1.0,6.902577940322167,5.6170420482653265,51.11764334529058
active,16.0,C04,1740.0,1740.0,1.0,6.902577940322167,5.609844561452428,51.118527446535765
active,16.0,C05,1740.0,1740.0,1.0,6.902577940322167,5.603426190724925,51.1193168142934
active,16.0,C06,1740.0,1740.0,1.0,6.902577940322167,5.597743326905459,51.120016459971325
active,16.0,C07,1740.0,1740.0,1.0,6.902577940322167,5.59275200527541,51.12063150471022
active,16.0,C08,1740.0,1740.0,1.0,6.902577940322167,5.588407918288427,51.12116717061738
active,16.0,C09,1740.0,1740.0,1.0,6.902577940322167,5.58466642518438,51.12162877266603
active,16.0,S01,1240.0,1240.0,1.0,1.7670308731657576,1.199182374723859,68.69317919150413
active,16.0,S02,1240.0,1240.0,1.0,1.7675796677205289,1.1992059362111325,68.6931551796619
active,16.0,S03,1240.0,1240.0,1.0,1.7681092232363282,1.199228664215673,68.69313200805757
active,16.0,S04,1240.0,1240.0,1.0,1.768619828741696,1.1992505682295636,68.6931096665834
active,16.0,S05,1240.0,1240.0,1.0,1.7691117788349955,1.199271658025161,68.69308814484485
active,16.0,S06,1240.0,1240.0,1.0,1.7695853735396267,1.1992919436475908,68.69306743216771
active,16.0,S07,1240.0,1240.0,1.0,1.7700409181592747,1.1993114354071666,68.6930475176065
active,16.0,S08,1240.0,1240.0,1.0,1.770478723133451,1.199330143871734,68.69302838995127
active,16.0,S09,1240.0,1240.0,1.0,1.7708991038935997,1.1993480798589693,68.69301003773595
active,16.0,C10,1740.0,1740.0,1.0,6.902577940322167,5.557657857295514,51.12497003153706
active,16.0,C11,1740.0,1740.0,1.0,6.902577940322167,5.555840050769997,51.125195415804896
active,16.0,C12,1740.0,1740.0,1.0,6.902577940322167,5.554399910638488,51.125373876633205
active,16.0,C13,1740.0,1740.0,1.0,6.902577940322167,5.553290894074643,51.12551116970592
active,16.0,C14,1740.0,1740.0,1.0,6.902577940322167,5.552466003776346,51.12561312142304
active,16.0,C15,1740.0,1740.0,1.0,6.902577940322167,5.551877698959408,51.12568563632459
active,16.0,C16,1740.0,1740.0,1.0,6.902577940322167,5.55147774863337,51.12573471218026
active,16.0,C17,1740.0,1740.0,1.0,6.902577940322167,5.551216967410358,51.12576647016232
active,16.0,C18,1740.0,1740.0,1.0,6.902577940322167,5.5510507670736535,51.12578647288346
active,18.0,C01,1740.0,1740.0,1.0,6.810380312434834,5.613125950075234,51.121775243103045
active,18.0,C02,1740.0,1740.0,1.0,6.810380312434834,5.60428847917814,51.12300268103427
active,18.0,C03,1740.0,1740.0,1.0,6.810380312434834,5.596311364097178,51.12411242320949
active,18.0,C04,1740.0,1740.0,1.0,6.810380312434834,5.589152000747205,51.125109829574384
active,18.0,C05,1740.0,1740.0,1.0,6.810380312434834,5.582767399511079,51.12600040733741
active,18.0,C06,1740.0,1740.0,1.0,6.810380312434834,5.577114202421212,51.12678979977845
active,18.0,C07,1740.0,1740.0,1.0,6.810380312434834,5.5721486982767,51.12748377556863
active,18.0,C08,1740.0,1740.0,1.0,6.810380312434834,5.567826835233618,51.12808821871828
active,18.0,C09,1740.0,1740.0,1.0,6.810380312434834,5.564104230314165,51.12860911927971
active,18.0,S01,1240.0,1240.0,1.0,1.7670308731657576,1.1961539110787651,68.70772934083654
active,18.0,S02,1240.0,1240.0,1.0,1.7675796677205289,1.1961782806087995,68.70770109570381
active,18.0,S03,1240.0,1240.0,1.0,1.7681092232363282,1.196201803336902,68.70767384106213
active,18.0,S04,1240.0,1240.0,1.0,1.768619828741696,1.1962244885203275,68.70764756504639
active,18.0,S05,1240.0,1240.0,1.0,1.7691117788349955,1.196246345699099,68.7076222554542
active,18.0,S06,1240.0,1240.0,1.0,1.7695853735396267,1.1962673846884866,68.70759789975436
active,18.0,S07,1240.0,1240.0,1.0,1.7700409181592747,1.1962876155713886,68.70757448509664
active,18.0,S08,1240.0,1240.0,1.0,1.770478723133451,1.1963070486906455,68.70755199831989
active,18.0,S09,1240.0,1240.0,1.0,1.7708991038935997,1.1963256946412861,68.70753042596192
active,18.0,C10,1740.0,1740.0,1.0,6.810380312434834,5.537232617984855,51.13238005589708
active,18.0,C11,1740.0,1740.0,1.0,6.810380312434834,5.535424063618816,51.13263446349534
active,18.0,C12,1740.0,1740.0,1.0,6.810380312434834,5.5339910350930115,51.132835930614
active,18.0,C13,1740.0,1740.0,1.0,6.810380312434834,5.532887257074291,51.13299094980004
active,18.0,C14,1740.0,1740.0,1.0,6.810380312434834,5.532066002067293,51.13310609378912
active,18.0,C15,1740.0,1740.0,1.0,6.810380312434834,5.531480001799205,51.13318802380383
active,18.0,C16,1740.0,1740.0,1.0,6.810380312434834,5.531081301166305,51.13324350651877
active,18.0,C17,1740.0,1740.0,1.0,6.810380312434834,5.530820995275212,51.13327944806932
active,18.0,C18,1740.0,1740.0,1.0,6.810380312434834,5.530654763756705,51.13330212281666
active,20.0,C01,1740.0,1740.0,1.0,6.7169172823385095,5.594318358098177,51.12822556577
active,20.0,C02,1740.0,1740.0,1.0,6.7169172823385095,5.585527749304846,51.12958905549657
active,20.0,C03,1740.0,1740.0,1.0,6.7169172823385095,5.577592719932326,51.13082186303212
active,20.0,C04,1740.0,1740.0,1.0,6.7169172823385095,5.570470908447507,51.13192992941206
active,20.0,C05,1740.0,1740.0,1.0,6.7169172823385095,5.564119570429529,51.132919361087325
active,20.0,C06,1740.0,1740.0,1.0,6.7169172823385095,5.558495595598724,51.13379641733608
active,20.0,C07,1740.0,1740.0,1.0,6.7169172823385095,5.553555522792824,51.134567498243925
active,20.0,C08,1740.0,1740.0,1.0,6.7169172823385095,5.549255552431271,51.13523913338403
active,20.0,C09,1740.0,1740.0,1.0,6.7169172823385095,5.545551555916869,51.13581797133966
active,20.0,S01,1240.0,1240.0,1.0,1.7670308731657576,1.193716362421889,68.72309926162238
active,20.0,S02,1240.0,1240.0,1.0,1.7675796677205289,1.193741734001122,68.72306662404337
active,20.0,S03,1240.0,1240.0,1.0,1.7681092232363282,1.1937662421811417,68.72303513099901
active,20.0,S04,1240.0,1240.0,1.0,1.768619828741696,1.1937898959702145,68.72300476887831
active,20.0,S05,1240.0,1240.0,1.0,1.7691117788349955,1.193812704662899,68.72297552368158
active,20.0,S06,1240.0,1240.0,1.0,1.7695853735396267,1.1938346778324875,68.72294738103027
active,20.0,S07,1240.0,1240.0,1.0,1.7700409181592747,1.1938558253233493,68.72292032617818
active,20.0,S08,1240.0,1240.0,1.0,1.770478723133451,1.1938761572431875,68.72289434402096
active,20.0,S09,1240.0,1240.0,1.0,1.7708991038935997,1.193895683955232,68.7228694191073
active,20.0,C10,1740.0,1740.0,1.0,6.7169172823385095,5.5188156062527005,51.14000873384257
active,20.0,C11,1740.0,1740.0,1.0,6.7169172823385095,5.517016295855067,51.14029150005475
active,20.0,C12,1740.0,1740.0,1.0,6.7169172823385095,5.5155903944481715,51.140515450872506
active,20.0,C13,1740.0,1740.0,1.0,6.7169172823385095,5.514491890835314,51.140687798163526
active,20.0,C14,1740.0,1740.0,1.0,6.7169172823385095,5.513674323993511,51.14081584326967
active,20.0,C15,1740.0,1740.0,1.0,6.7169172823385095,5.513090694849939,51.140906986153226
active,20.0,C16,1740.0,1740.0,1.0,6.7169172823385095,5.512693320901994,51.1409687441903
active,20.0,C17,1740.0,1740.0,1.0,6.7169172823385095,5.512433574498221,51.141008789924584
active,20.0,C18,1740.0,1740.0,1.0,6.7169172823385095,5.512267398524207,51.141034092385404
active,22.0,C01,1740.0,1740.0,1.0,6.622135271614098,5.57694108249429,51.134880431069995
active,22.0,C02,1740.0,1740.0,1.0,6.622135271614098,5.568197721037847,51.13637666367102
active,22.0,C03,1740.0,1740.0,1.0,6.622135271614098,5.5603051233436425,51.137729550708286
active,22.0,C04,1740.0,1740.0,1.0,6.622135271614098,5.5532211724860225,51.138945598974296
active,22.0,C05,1740.0,1740.0,1.0,6.622135271614098,5.546903371397929,51.140031498514894
active,22.0,C06,1740.0,1740.0,1.0,6.622135271614098,5.541308859741272,51.14099410866762
active,22.0,C07,1740.0,1740.0,1.0,6.622135271614098,5.536394428736522,51.14184044472477
active,22.0,C08,1740.0,1740.0,1.0,6.622135271614098,5.532116533495706,51.14257766536621
active,22.0,C09,1740.0,1740.0,1.0,6.622135271614098,5.5284313023119145,51.14321306102024
active,22.0,S01,1240.0,1240.0,1.0,1.7670308731657576,1.1917693229562634,68.73912198238065
active,22.0,S02,1240.0,1240.0,1.0,1.7675796677205289,1.1917958985527253,68.73908478462299
active,22.0,S03,1240.0,1240.0,1.0,1.7681092232363282,1.1918215907399015,68.73904888881326
active,22.0,S04,1240.0,1240.0,1.0,1.768619828741696,1.1918464082583027,68.73901427962316
active,22.0,S05,1240.0,1240.0,1.0,1.7691117788349955,1.1918703601392817,68.73898094128354
active,22.0,S06,1240.0,1240.0,1.0,1.7695853735396267,1.1918934556974279,68.73894885759566
active,22.0,S07,1240.0,1240.0,1.0,1.7700409181592747,1.1919157045228577,68.73891801194377
active,22.0,S08,1240.0,1240.0,1.0,1.770478723133451,1.1919371164734083,68.73888838730598
active,22.0,S09,1240.0,1240.0,1.0,1.7708991038935997,1.191957701666752,68.73885996626697
active,22.0,C10,1740.0,1740.0,1.0,6.622135271614098,5.501832845842966,51.1478136456557
active,22.0,C11,1740.0,1740.0,1.0,6.622135271614098,5.500042977616423,51.14812409377859
active,22.0,C12,1740.0,1740.0,1.0,6.622135271614098,5.4986243764264495,51.14836999572933
active,22.0,C13,1740.0,1740.0,1.0,6.622135271614098,5.497531297978808,51.148559264926966
active,22.0,C14,1740.0,1740.0,1.0,6.622135271614098,5.496717550560995,51.14869991335368
active,22.0,C15,1740.0,1740.0,1.0,6.622135271614098,5.49613640721961,51.14880006152412
active,22.0,C16,1740.0,1740.0,1.0,6.622135271614098,5.495740461071512,51.14886795905953
active,22.0,C17,1740.0,1740.0,1.0,6.622135271614098,5.495481364858616,51.148912026095054
active,22.0,C18,1740.0,1740.0,1.0,6.622135271614098,5.4953153263716805,51.14893990904325
active,24.0,C01,1740.0,1740.0,1.0,6.525976810664693,5.560487603378323,51.14170931895249
active,24.0,C02,1740.0,1740.0,1.0,6.525976810664693,5.551792892048424,51.143334975759984
active,24.0,C03,1740.0,1740.0,1.0,6.525976810664693,5.54394398601424,51.144804947206985
active,24.0,C04,1740.0,1740.0,1.0,6.525976810664693,5.536899020267566,51.14612629058577
active,24.0,C05,1740.0,1740.0,1.0,6.525976810664693,5.530615752558268,51.147306263943115
active,24.0,C06,1740.0,1740.0,1.0,6.525976810664693,5.525051580097161,51.14835231077111
active,24.0,C07,1740.0,1740.0,1.0,6.525976810664693,5.520163554230632,51.14927204537683
active,24.0,C08,1740.0,1740.0,1.0,6.525976810664693,5.515908392634721,51.15007323909035
active,24.0,C09,1740.0,1740.0,1.0,6.525976810664693,5.512242488485803,51.15076380748418
active,24.0,S01,1240.0,1240.0,1.0,1.7670308731657576,1.1902311796655174,68.75564769253339
active,24.0,S02,1240.0,1240.0,1.0,1.7675796677205289,1.1902591730972316,68.75560575007185
active,24.0,S03,1240.0,1240.0,1.0,1.7681092232363282,1.190286259492074,68.7555652701887
active,24.0,S04,1240.0,1240.0,1.0,1.768619828741696,1.1903124472993618,68.75552623588119
active,24.0,S05,1240.0,1240.0,1.0,1.7691117788349955,1.1903377452648567,68.75548862965287
active,24.0,S06,1240.0,1240.0,1.0,1.7695853735396267,1.1903621624231053,68.75545243352633
active,24.0,S07,1240.0,1240.0,1.0,1.7700409181592747,1.1903857080896558,68.75541762905712
active,24.0,S08,1240.0,1240.0,1.0,1.770478723133451,1.1904083918531772,68.75538419734615
active,24.0,S09,1240.0,1240.0,1.0,1.7708991038935997,1.1904302235674813,68.75535211905365
active,24.0,C10,1740.0,1740.0,1.0,6.525976810664693,5.485786264615814,51.155764156619234
active,24.0,C11,1740.0,1740.0,1.0,6.525976810664693,5.4840062304774095,51.15610160472007
active,24.0,C12,1740.0,1740.0,1.0,6.525976810664693,5.482595250940557,51.15636892072435
active,24.0,C13,1740.0,1740.0,1.0,6.525976810664693,5.4815078570626286,51.15657470176015
active,24.0,C14,1740.0,1740.0,1.0,6.525976810664693,5.480698135010022,51.15672765240555
active,24.0,C15,1740.0,1740.0,1.0,6.525976810664693,5.480119638653983,51.15683659545662
active,24.0,C16,1740.0,1740.0,1.0,6.525976810664693,5.47972524560436,51.15691049423519
active,24.0,C17,1740.0,1740.0,1.0,6.525976810664693,5.47946689809807,51.15695849755789
active,24.0,C18,1740.0,1740.0,1.0,6.525976810664693,5.4793010762297705,51.15698891187693
active,26.0,C01,1740.0,1740.0,1.0,6.4283801311925455,5.544509893345761,51.14869181556384
active,26.0,C02,1740.0,1740.0,1.0,6.4283801311925455,5.535866202495724,51.150443581127284
active,26.0,C03,1740.0,1740.0,1.0,6.4283801311925455,5.528063117238543,51.15202764453797
active,26.0,C04,1740.0,1740.0,1.0,6.4283801311925455,5.52105903678892,51.153451598434096
active,26.0,C05,1740.0,1740.0,1.0,6.4283801311925455,5.514811986222031,51.154723253356444
active,26.0,C06,1740.0,1740.0,1.0,6.4283801311925455,5.509279632997234,51.15585062111841
active,26.0,C07,1740.0,1740.0,1.0,6.4283801311925455,5.504419301466786,51.15684189890779
active,26.0,C08,1740.0,1740.0,1.0,6.4283801311925455,5.500187984921082,51.157705454293655
active,26.0,C09,1740.0,1740.0,1.0,6.4283801311925455,5.496542354631929,51.15844981132614
active,26.0,S01,1240.0,1240.0,1.0,1.7670308731657576,1.1890358764568771,68.77254347104996
active,26.0,S02,1240.0,1240.0,1.0,1.7675796677205289,1.1890655173947395,68.77249657554992
active,26.0,S03,1240.0,1240.0,1.0,1.7681092232363282,1.1890942237737474,68.7724513065429
active,26.0,S04,1240.0,1240.0,1.0,1.768619828741696,1.189122003723737,68.77240764540667
active,26.0,S05,1240.0,1240.0,1.0,1.7691117788349955,1.1891488656776903,68.7723655729719
active,26.0,S06,1240.0,1240.0,1.0,1.7695853735396267,1.1891748183640074,68.77232506953624
active,26.0,S07,1240.0,1240.0,1.0,1.7700409181592747,1.1891998707986444,68.77228611487968
active,26.0,S08,1240.0,1240.0,1.0,1.770478723133451,1.1892240322771344,68.77224868827832
active,26.0,S09,1240.0,1240.0,1.0,1.7708991038935997,1.189247312366504,68.77221276851996
active,26.0,C10,1740.0,1740.0,1.0,6.4283801311925455,5.4702358842886945,51.16383985863429
active,26.0,C11,1740.0,1740.0,1.0,6.4283801311925455,5.468466262895805,51.16420362268413
active,26.0,C12,1740.0,1740.0,1.0,6.4283801311925455,5.467063369897558,51.16449181373053
active,26.0,C13,1740.0,1740.0,1.0,6.4283801311925455,5.465982025565072,51.1647136947599
active,26.0,C14,1740.0,1740.0,1.0,6.4283801311925455,5.4651766079711015,51.16487864488936
active,26.0,C15,1740.0,1740.0,1.0,6.4283801311925455,5.464600966029833,51.164996170909696
active,26.0,C16,1740.0,1740.0,1.0,6.4283801311925455,5.4642082762983755,51.165075931280136
active,26.0,C17,1740.0,1740.0,1.0,6.4283801311925455,5.463950785283549,51.165127784567375
active,26.0,C18,1740.0,1740.0,1.0,6.4283801311925455,5.463785258216013,51.16516067991946
active,28.0,C01,1740.0,1740.0,1.0,6.3292787021025445,5.528602818348405,51.15581647504268
active,28.0,C02,1740.0,1740.0,1.0,6.3292787021025445,5.520013463547191,51.157691041636966
active,28.0,C03,1740.0,1740.0,1.0,6.3292787021025445,5.512259177286806,51.15938621140207
active,28.0,C04,1740.0,1740.0,1.0,6.3292787021025445,5.505298640188683,51.16091009727525
active,28.0,C05,1740.0,1740.0,1.0,6.3292787021025445,5.499090162090011,51.16227104687659
active,28.0,C06,1740.0,1740.0,1.0,6.3292787021025445,5.493591698373758,51.16347762458649
active,28.0,C07,1740.0,1740.0,1.0,6.3292787021025445,5.48876086429797,51.16453859440607
active,28.0,C08,1740.0,1740.0,1.0,6.3292787021025445,5.48455494687997,51.165462903787954
active,28.0,C09,1740.0,1740.0,1.0,6.3292787021025445,5.4809309138017515,51.16625966863911
active,28.0,S01,1240.0,1240.0,1.0,1.7670308731657576,1.1881302803836131,68.78969238188274
active,28.0,S02,1240.0,1240.0,1.0,1.7675796677205289,1.1881618185803413,68.78964029490118
active,28.0,S03,1240.0,1240.0,1.0,1.7681092232363282,1.188192390448314,68.78959000186376
active,28.0,S04,1240.0,1240.0,1.0,1.768619828741696,1.188222003764425,68.7895414825947
active,28.0,S05,1240.0,1240.0,1.0,1.7691117788349955,1.1882506666165953,68.78949471631704
active,28.0,S06,1240.0,1240.0,1.0,1.7695853735396267,1.1882783873959526,68.78944968166796
active,28.0,S07,1240.0,1240.0,1.0,1.7700409181592747,1.1883051747888767,68.78940635671576
active,28.0,S08,1240.0,1240.0,1.0,1.770478723133451,1.1883310377689087,68.78936471897495
active,28.0,S09,1240.0,1240.0,1.0,1.7708991038935997,1.1883559855885435,68.78932474542331
active,28.0,C10,1740.0,1740.0,1.0,6.3292787021025445,5.454784450932229,51.17202935698412
active,28.0,C11,1740.0,1740.0,1.0,6.3292787021025445,5.453026005889066,51.17241875210203
active,28.0,C12,1740.0,1740.0,1.0,6.3292787021025445,5.451631806839529,51.17272727832258
active,28.0,C13,1740.0,1740.0,1.0,6.3292787021025445,5.450556982426188,51.172964846649776
active,28.0,C14,1740.0,1740.0,1.0,6.3292787021025445,5.449756221997269,51.173141492689716
active,28.0,C15,1740.0,1740.0,1.0,6.3292787021025445,5.449183689123905,51.173267388945256
active,28.0,C16,1740.0,1740.0,1.0,6.3292787021025445,5.448792879228164,51.17335287045179
active,28.0,C17,1740.0,1740.0,1.0,6.3292787021025445,5.448536363417643,51.173408486594866
active,28.0,C18,1740.0,1740.0,1.0,6.3292787021025445,5.448371210168332,51.17344381188799
active,30.0,C01,1740.0,1740.0,1.0,6.2286006989264155,5.512390407235789,51.16307994961104
active,30.0,C02,1740.0,1740.0,1.0,6.2286006989264155,5.503859652424012,51.16507401710986
active,30.0,C03,1740.0,1740.0,1.0,6.2286006989264155,5.49615799537383,51.16687731443368
active,30.0,C04,1740.0,1740.0,1.0,6.2286006989264155,5.4892444201894275,51.16849845986886
active,30.0,C05,1740.0,1740.0,1.0,6.2286006989264155,5.4830775438500226,51.16994632278272
active,30.0,C06,1740.0,1740.0,1.0,6.2286006989264155,5.477615632328838,51.171230004437746
active,30.0,C07,1740.0,1740.0,1.0,6.2286006989264155,5.472816614726846,51.172358819638426
active,30.0,C08,1740.0,1740.0,1.0,6.2286006989264155,5.468638094981421,51.17334227941221
active,30.0,C09,1740.0,1740.0,1.0,6.2286006989264155,5.465037360621427,51.1741900749394
active,30.0,S01,1240.0,1240.0,1.0,1.7670308731657576,1.1874720472411022,68.80699219316558
active,30.0,S02,1240.0,1240.0,1.0,1.7675796677205289,1.1875057571035164,68.80693464018441
active,30.0,S03,1240.0,1240.0,1.0,1.7681092232363282,1.1875384641822087,68.80687905255088
active,30.0,S04,1240.0,1240.0,1.0,1.768619828741696,1.1875701758620703,68.80682540861166
active,30.0,S05,1240.0,1240.0,1.0,1.7691117788349955,1.1876008998481566,68.80677368605728
active,30.0,S06,1240.0,1240.0,1.0,1.7695853735396267,1.1876306441577777,68.80672386193893
active,30.0,S07,1240.0,1240.0,1.0,1.7700409181592747,1.1876594171124246,68.80667591268686
active,30.0,S08,1240.0,1240.0,1.0,1.770478723133451,1.1876872273295502,68.80662981412686
active,30.0,S09,1240.0,1240.0,1.0,1.7708991038935997,1.187714083714217,68.80658554149883
active,30.0,C10,1740.0,1740.0,1.0,6.2286006989264155,5.43906391676444,51.18032935915638
active,30.0,C11,1740.0,1740.0,1.0,6.2286006989264155,5.4373175996531735,51.18074369979565
active,30.0,C12,1740.0,1740.0,1.0,6.2286006989264155,5.435932847263778,51.18107202069464
active,30.0,C13,1740.0,1740.0,1.0,6.2286006989264155,5.434865121086874,51.181324863037425
active,30.0,C14,1740.0,1740.0,1.0,6.2286006989264155,5.43406944648142,51.181512900869
active,30.0,C15,1740.0,1740.0,1.0,6.2286006989264155,5.433500326711133,51.18164695411925
active,30.0,C16,1740.0,1740.0,1.0,6.2286006989264155,5.43311160147172,51.18173801583412
active,30.0,C17,1740.0,1740.0,1.0,6.2286006989264155,5.432856192388436,51.18179730728076
active,30.0,C18,1740.0,1740.0,1.0,6.2286006989264155,5.432691494556872,51.18183501101085
active,32.0,C01,1740.0,1740.0,1.0,6.1262683947444225,5.495513465684456,51.17048637531598
active,32.0,C02,1740.0,1740.0,1.0,6.1262683947444225,5.487046550465974,51.17259664821988
active,32.0,C03,1740.0,1740.0,1.0,6.1262683947444225,5.479402229421762,51.17450509851218
active,32.0,C04,1740.0,1740.0,1.0,6.1262683947444225,5.4725398172443045,51.17622083495655
active,32.0,C05,1740.0,1740.0,1.0,6.1262683947444225,5.466418265517747,51.17775323339856
active,32.0,C06,1740.0,1740.0,1.0,6.1262683947444225,5.460996178605499,51.17911191634709
active,32.0,C07,1740.0,1740.0,1.0,6.1262683947444225,5.456231827569568,51.180306733437064
active,32.0,C08,1740.0,1740.0,1.0,6.1262683947444225,5.452083161686785,51.18134774298764
active,32.0,C09,1740.0,1740.0,1.0,6.1262683947444225,5.448507817039129,51.1822451948847
active,32.0,S01,1240.0,1240.0,1.0,1.7670308731657576,1.1870279029182382,68.82435389745457
active,32.0,S02,1240.0,1240.0,1.0,1.7675796677205289,1.1870640885489296,68.82429056193047
active,32.0,S03,1240.0,1240.0,1.0,1.7681092232363282,1.1870992297254368,68.82422936767661
active,32.0,S04,1240.0,1240.0,1.0,1.768619828741696,1.1871333333953884,68.82417029164782
active,32.0,S05,1240.0,1240.0,1.0,1.7691117788349955,1.1871664068371068,68.82411331008691
active,32.0,S06,1240.0,1240.0,1.0,1.7695853735396267,1.1871984576515788,68.82405839854307
active,32.0,S07,1240.0,1240.0,1.0,1.7700409181592747,1.1872294937542558,68.82400553189137
active,32.0,S08,1240.0,1240.0,1.0,1.770478723133451,1.1872595233666825,68.82395468435105
active,32.0,S09,1240.0,1240.0,1.0,1.7708991038935997,1.1872885550079761,68.82390582950532
active,32.0,C10,1740.0,1740.0,1.0,6.1262683947444225,5.4227232554381075,51.18874403524601
active,32.0,C11,1740.0,1740.0,1.0,6.1262683947444225,5.4209902134629555,51.18918263471698
active,32.0,C12,1740.0,1740.0,1.0,6.1262683947444225,5.41961581207308,51.18953020886774
active,32.0,C13,1740.0,1740.0,1.0,6.1262683947444225,5.418555875558906,51.18979791120544
active,32.0,C14,1740.0,1740.0,1.0,6.1262683947444225,5.417765795550064,51.189997036141165
active,32.0,C15,1740.0,1740.0,1.0,6.1262683947444225,5.417200445621309,51.190139032721454
active,32.0,C16,1740.0,1740.0,1.0,6.1262683947444225,5.416814040806291,51.19023553340968
active,32.0,C17,1740.0,1740.0,1.0,6.1262683947444225,5.416559884919994,51.19029841238811
active,32.0,C18,1740.0,1740.0,1.0,6.1262683947444225,5.4163957284382995,51.190338442897065
active,34.0,C01,1740.0,1740.0,1.0,6.02219745792366,5.477618062045024,51.178047001624215
active,34.0,C02,1740.0,1740.0,1.0,6.02219745792366,5.469221252407787,51.180270184051544
active,34.0,C03,1740.0,1740.0,1.0,6.02219745792366,5.461639896405579,51.182280812472214
active,34.0,C04,1740.0,1740.0,1.0,6.02219745792366,5.454833671711052,51.18408847130785
active,34.0,C05,1740.0,1740.0,1.0,6.02219745792366,5.448761897319124,51.185703027649396
active,34.0,C06,1740.0,1740.0,1.0,6.02219745792366,5.443383549179729,51.187134609637724
active,34.0,C07,1740.0,1740.0,1.0,6.02219745792366,5.438657273881078,51.188393585772815
active,34.0,C08,1740.0,1740.0,1.0,6.02219745792366,5.434541399954033,51.18949054537799
active,34.0,C09,1740.0,1740.0,1.0,6.02219745792366,5.430993946281149,51.190436280461604
active,34.0,S01,1240.0,1240.0,1.0,1.7670308731657576,1.1867722727631573,68.84170015218119
active,34.0,S02,1240.0,1240.0,1.0,1.7675796677205289,1.1868112736098284,68.84163066934109
active,34.0,S03,1240.0,1240.0,1.0,1.7681092232363282,1.1868491824799057,68.84156350892589
active,34.0,S04,1240.0,1240.0,1.0,1.768619828741696,1.1868860058315696,68.8414986465941
active,34.0,S05,1240.0,1240.0,1.0,1.7691117788349955,1.1869217504657523,68.84143605723533
active,34.0,S06,1240.0,1240.0,1.0,1.7695853735396267,1.1869564235179821,68.84137571498997
active,34.0,S07,1240.0,1240.0,1.0,1.7700409181592747,1.186990032450026,68.84131759327029
active,34.0,S08,1240.0,1240.0,1.0,1.770478723133451,1.1870225850413472,68.84126166478009
active,34.0,S09,1240.0,1240.0,1.0,1.7708991038935997,1.1870540893803916,68.8412079015361
active,34.0,C10,1740.0,1740.0,1.0,6.02219745792366,5.405417143912422,51.19728462949799
active,34.0,C11,1740.0,1740.0,1.0,6.02219745792366,5.403698732066986,51.19774679901011
active,34.0,C12,1740.0,1740.0,1.0,6.02219745792366,5.402335747463295,51.19811308336597
active,34.0,C13,1740.0,1740.0,1.0,6.02219745792366,5.401284412903312,51.19839523048544
active,34.0,C14,1740.0,1740.0,1.0,6.02219745792366,5.40050052236017,51.1986051370158
active,34.0,C15,1740.0,1740.0,1.0,6.02219745792366,5.399939356213099,51.19875486274963
active,34.0,C16,1740.0,1740.0,1.0,6.02219745792366,5.399555541850799,51.19885666091206
active,34.0,C17,1740.0,1740.0,1.0,6.02219745792366,5.399302803009386,51.19892303956911
active,34.0,C18,1740.0,1740.0,1.0,6.02219745792366,5.399139279940816,51.198965345241916
active,36.0,C01,1740.0,1740.0,1.0,5.9162961386326804,5.458344445558154,51.18578005781192
active,36.0,C02,1740.0,1740.0,1.0,5.9162961386326804,5.450025107872368,51.18811284677691
active,36.0,C03,1740.0,1740.0,1.0,5.9162961386326804,5.442513334786978,51.190222672231016
active,36.0,C04,1740.0,1740.0,1.0,5.9162961386326804,5.435769205007989,51.19211957945494
active,36.0,C05,1740.0,1740.0,1.0,5.9162961386326804,5.42975244346902,51.193813911554415
active,36.0,C06,1740.0,1740.0,1.0,5.9162961386326804,5.424422436682434,51.19531628667371
active,36.0,C07,1740.0,1740.0,1.0,5.9162961386326804,5.419738246161791,51.19663757618321
active,36.0,C08,1740.0,1740.0,1.0,5.9162961386326804,5.4156586194923255,51.19778888408014
active,36.0,C09,1740.0,1740.0,1.0,5.9162961386326804,5.412141998539971,51.19878152785755
active,36.0,S01,1240.0,1240.0,1.0,1.7670308731657576,1.1866862044359376,68.85896371732967
active,36.0,S02,1240.0,1240.0,1.0,1.7675796677205289,1.1867284017023907,68.8588876674692
active,36.0,S03,1240.0,1240.0,1.0,1.7681092232363282,1.1867694528591626,68.85881412728189
active,36.0,S04,1240.0,1240.0,1.0,1.768619828741696,1.1868093638149613,68.8587430712356
active,36.0,S05,1240.0,1240.0,1.0,1.7691117788349955,1.1868481408350204,68.85867447297105
active,36.0,S06,1240.0,1240.0,1.0,1.7695853735396267,1.1868857905327874,68.85860830532296
active,36.0,S07,1240.0,1240.0,1.0,1.7700409181592747,1.186922319861392,68.85854454034265
active,36.0,S08,1240.0,1240.0,1.0,1.770478723133451,1.186957736104904,68.85848314931896
active,36.0,S09,1240.0,1240.0,1.0,1.7708991038935997,1.186992046869395,68.85842410280132
active,36.0,C10,1740.0,1740.0,1.0,5.9162961386326804,5.386795076037916,51.20596931165902
active,36.0,C11,1740.0,1740.0,1.0,5.9162961386326804,5.385092873805949,51.206454358958574
active,36.0,C12,1740.0,1740.0,1.0,5.9162961386326804,5.383742546554562,51.20683880784064
active,36.0,C13,1740.0,1740.0,1.0,5.9162961386326804,5.3827007574808885,51.20713498263023
active,36.0,C14,1740.0,1740.0,1.0,5.9162961386326804,5.381923745203616,51.2073553639795
active,36.0,C15,1740.0,1740.0,1.0,5.9162961386326804,5.381367239696533,51.20751260395155
active,36.0,C16,1740.0,1740.0,1.0,5.9162961386326804,5.380986324101633,51.20761955776937
active,36.0,C17,1740.0,1740.0,1.0,5.9162961386326804,5.3807351863044515,51.20768934824019
active,36.0,C18,1740.0,1740.0,1.0,5.9162961386326804,5.380572396736397,51.20773387765498
active,38.0,C01,1740.0,1740.0,1.0,5.8084643218132745,5.437315972777668,51.19371085609904
active,38.0,C02,1740.0,1740.0,1.0,5.8084643218132745,5.429082671354336,51.196149933152796
active,38.0,C03,1740.0,1740.0,1.0,5.8084643218132745,5.421648175703707,51.198355960808044
active,38.0,C04,1740.0,1740.0,1.0,5.8084643218132745,5.414973009773526,51.20033943038741
active,38.0,C05,1740.0,1740.0,1.0,5.8084643218132745,5.409017349185061,51.202111145742386
active,38.0,C06,1740.0,1740.0,1.0,5.8084643218132745,5.403741036272287,51.20368219933492
active,38.0,C07,1740.0,1740.0,1.0,5.8084643218132745,5.399103593215607,51.205063949337315
active,38.0,C08,1740.0,1740.0,1.0,5.8084643218132745,5.3950642328535405,51.20626799800152
active,38.0,C09,1740.0,1740.0,1.0,5.8084643218132745,5.391581866670674,51.20730617156506
active,38.0,S01,1240.0,1240.0,1.0,1.7670308731657576,1.1867565407028966,68.87608593696237
active,38.0,S02,1240.0,1240.0,1.0,1.7675796677205289,1.1868023646947767,68.87600283801827
active,38.0,S03,1240.0,1240.0,1.0,1.7681092232363282,1.1868469809317852,68.87592244310751
active,38.0,S04,1240.0,1240.0,1.0,1.768619828741696,1.1868903947041958,68.87584472562386
active,38.0,S05,1240.0,1240.0,1.0,1.7691117788349955,1.186932611674506,68.87576965807418
active,38.0,S06,1240.0,1240.0,1.0,1.7695853735396267,1.1869736378689488,68.87569721210096
active,38.0,S07,1240.0,1240.0,1.0,1.7700409181592747,1.1870134796687528,68.87562735850634
active,38.0,S08,1240.0,1240.0,1.0,1.770478723133451,1.1870521438011747,68.87556006727469
active,38.0,S09,1240.0,1240.0,1.0,1.7708991038935997,1.1870896373303024,68.87549530759698
active,38.0,C10,1740.0,1740.0,1.0,5.8084643218132745,5.366490487396904,51.21482326588903
active,38.0,C11,1740.0,1740.0,1.0,5.8084643218132745,5.364806320071335,51.21533049351446
active,38.0,C12,1740.0,1740.0,1.0,5.8084643218132745,5.363470082440999,51.215732557295134
active,38.0,C13,1740.0,1740.0,1.0,5.8084643218132745,5.362438926693227,51.216042339803344
active,38.0,C14,1740.0,1740.0,1.0,5.8084643218132745,5.36166958516866,51.21627288730936
active,38.0,C15,1740.0,1740.0,1.0,5.8084643218132745,5.361118287074111,51.21643742551156
active,38.0,C16,1740.0,1740.0,1.0,5.8084643218132745,5.360740621644375,51.21654939270332
active,38.0,C17,1740.0,1740.0,1.0,5.8084643218132745,5.360491292211317,51.21662250712299
active,38.0,C18,1740.0,1740.0,1.0,5.8084643218132745,5.360329346291666,51.21666920916321
active,40.0,C01,1740.0,1740.0,1.0,5.698592418795673,5.4141276167710215,51.20187214017891
active,40.0,C02,1740.0,1740.0,1.0,5.698592418795673,5.405990235548644,51.20441416135129
active,40.0,C03,1740.0,1740.0,1.0,5.698592418795673,5.398641898028966,51.206713373624325
active,40.0,C04,1740.0,1740.0,1.0,5.698592418795673,5.392043624379723,51.208780699481316
active,40.0,C05,1740.0,1740.0,1.0,5.698592418795673,5.386156092500305,51.21062738816345
active,40.0,C06,1740.0,1740.0,1.0,5.698592418795673,5.380939652714889,51.21226499065684
active,40.0,C07,1740.0,1740.0,1.0,5.698592418795673,5.376354340586022,51.21370533574053
active,40.0,C08,1740.0,1740.0,1.0,5.698592418795673,5.372359887439628,51.214960507358164
active,40.0,C09,1740.0,1740.0,1.0,5.698592418795673,5.368915728108391,51.21604282359258
active,40.0,S01,1240.0,1240.0,1.0,1.7670308731657576,1.186975307693432,68.89301528948369
active,40.0,S02,1240.0,1240.0,1.0,1.7675796677205289,1.1870252462940687,68.892924588652
active,40.0,S03,1240.0,1240.0,1.0,1.7681092232363282,1.187073906913034,68.8928367945156
active,40.0,S04,1240.0,1240.0,1.0,1.768619828741696,1.1871212941429414,68.89275187952246
active,40.0,S05,1240.0,1240.0,1.0,1.7691117788349955,1.1871674129665035,68.89266981517213
active,40.0,S06,1240.0,1240.0,1.0,1.7695853735396267,1.1872122687478368,68.89259057203951
active,40.0,S07,1240.0,1240.0,1.0,1.7700409181592747,1.1872558672234903,68.89251411980041
active,40.0,S08,1240.0,1240.0,1.0,1.770478723133451,1.1872982144932083,68.89244042725575
active,40.0,S09,1240.0,1240.0,1.0,1.7708991038935997,1.1873393170104394,68.89236946235727
active,40.0,C10,1740.0,1740.0,1.0,5.698592418795673,5.3441094684477255,51.22387902466464
active,40.0,C11,1740.0,1740.0,1.0,5.698592418795673,5.342445433194868,51.22440772781049
active,40.0,C12,1740.0,1740.0,1.0,5.698592418795673,5.341124929782334,51.224826851287645
active,40.0,C13,1740.0,1740.0,1.0,5.698592418795673,5.3401056553629696,51.22514981754422
active,40.0,C14,1740.0,1740.0,1.0,5.698592418795673,5.339344892525621,51.22539021986249
active,40.0,C15,1740.0,1740.0,1.0,5.698592418795673,5.3387994268805175,51.225561838716125
active,40.0,C16,1740.0,1740.0,1.0,5.698592418795673,5.3384254117298,51.225678676311865
active,40.0,C17,1740.0,1740.0,1.0,5.698592418795673,5.338178124925009,51.225755026774365
active,40.0,C18,1740.0,1740.0,1.0,5.698592418795673,5.338017145093407,51.22580385070948
active,42.0,C01,1740.0,1740.0,1.0,5.58656006262649,5.388333616378008,51.21030469819277
active,42.0,C02,1740.0,1740.0,1.0,5.58656006262649,5.3803035053812645,51.21294628208638
active,42.0,C03,1740.0,1740.0,1.0,5.58656006262649,5.373051524731408,51.21533562796597
active,42.0,C04,1740.0,1740.0,1.0,5.58656006262649,5.366539249301632,51.21748407447602
active,42.0,C05,1740.0,1740.0,1.0,5.58656006262649,5.360727918445355,51.21940330074747
active,42.0,C06,1740.0,1740.0,1.0,5.58656006262649,5.355578450305051,51.22110530032956
active,42.0,C07,1740.0,1740.0,1.0,5.58656006262649,5.351051454270646,51.222602356224
active,42.0,C08,1740.0,1740.0,1.0,5.58656006262649,5.347107241186777,51.22390701729506
active,42.0,C09,1740.0,1740.0,1.0,5.58656006262649,5.343705830825466,51.22503207634642
active,42.0,S01,1240.0,1240.0,1.0,1.7670308731657576,1.187339291478777,68.90970601614227
active,42.0,S02,1240.0,1240.0,1.0,1.7675796677205289,1.1873938999748408,68.9096070803065
active,42.0,S03,1240.0,1240.0,1.0,1.7681092232363282,1.187447150411877,68.90951126351139
active,42.0,S04,1240.0,1240.0,1.0,1.768619828741696,1.187499046593757,68.9094185374006
active,42.0,S05,1240.0,1240.0,1.0,1.7691117788349955,1.1875495927348034,68.90932887260553
active,42.0,S06,1240.0,1240.0,1.0,1.7695853735396267,1.1875987934508594,68.90924223877059
active,42.0,S07,1240.0,1240.0,1.0,1.7700409181592747,1.1876466537500412,68.9091586045802
active,42.0,S08,1240.0,1240.0,1.0,1.770478723133451,1.1876931790231937,68.90907793778452
active,42.0,S09,1240.0,1240.0,1.0,1.7708991038935997,1.1877383750340609,68.90900020522682
active,42.0,C10,1740.0,1740.0,1.0,5.58656006262649,5.319218624025634,51.233177065963886
active,42.0,C11,1740.0,1740.0,1.0,5.58656006262649,5.317577120817688,51.23372652992558
active,42.0,C12,1740.0,1740.0,1.0,5.58656006262649,5.316274232984486,51.23416215036698
active,42.0,C13,1740.0,1740.0,1.0,5.58656006262649,5.315268266799522,51.23449787095299
active,42.0,C14,1740.0,1740.0,1.0,5.58656006262649,5.314517119883442,51.234747813077064
active,42.0,C15,1740.0,1740.0,1.0,5.58656006262649,5.313978199769121,51.23492629282739
active,42.0,C16,1740.0,1740.0,1.0,5.58656006262649,5.313608290264523,51.235047856860035
active,42.0,C17,1740.0,1740.0,1.0,5.58656006262649,5.3133633114362455,51.23512735532762
active,42.0,C18,1740.0,1740.0,1.0,5.58656006262649,5.313203434904507,51.23517825086719
active,44.0,C01,1740.0,1740.0,1.0,5.472234562873842,5.359433790254295,51.21905827167794
active,44.0,C02,1740.0,1740.0,1.0,5.472234562873842,5.351523937238171,51.22179598550274
active,44.0,C03,1740.0,1740.0,1.0,5.472234562873842,5.344379984832275,51.22427236802094
active,44.0,C04,1740.0,1740.0,1.0,5.472234562873842,5.33796412946819,51.22649915885716
active,44.0,C05,1740.0,1740.0,1.0,5.472234562873842,5.33223823958188,51.228488451321425
active,44.0,C06,1740.0,1740.0,1.0,5.472234562873842,5.3271638694956565,51.23025266532787
active,44.0,C07,1740.0,1740.0,1.0,5.472234562873842,5.322702271482398,51.23180452145539
active,44.0,C08,1740.0,1740.0,1.0,5.472234562873842,5.318814405620634,51.23315701643462
active,44.0,C09,1740.0,1740.0,1.0,5.472234562873842,5.3154609469677645,51.23432340036302
active,44.0,S01,1240.0,1240.0,1.0,1.7670308731657576,1.1878497814719255,68.92611682652611
active,44.0,S02,1240.0,1240.0,1.0,1.7675796677205289,1.1879096939732952,68.92600893124204
active,44.0,S03,1240.0,1240.0,1.0,1.7681092232363282,1.1879681569807314,68.92590437862813
active,44.0,S04,1240.0,1240.0,1.0,1.768619828741696,1.1880251734045348,68.9258031396798
active,44.0,S05,1240.0,1240.0,1.0,1.7691117788349955,1.1880807465886438,68.92570518431381
active,44.0,S06,1240.0,1240.0,1.0,1.7695853735396267,1.1881348803014224,68.925610481395
active,44.0,S07,1240.0,1240.0,1.0,1.7700409181592747,1.1881875787260965,68.92551899876477
active,44.0,S08,1240.0,1240.0,1.0,1.770478723133451,1.188238846450854,68.92543070326847
active,44.0,S09,1240.0,1240.0,1.0,1.7708991038935997,1.1882886884586186,68.92534556078425
active,44.0,C10,1740.0,1740.0,1.0,5.472234562873842,5.291331602185463,51.242766704716054
active,44.0,C11,1740.0,1740.0,1.0,5.472234562873842,5.289715369652971,51.243336201874236
active,44.0,C12,1740.0,1740.0,1.0,5.472234562873842,5.288432243828306,51.2437877467013
active,44.0,C13,1740.0,1740.0,1.0,5.472234562873842,5.287441213370258,51.244135785046026
active,44.0,C14,1740.0,1740.0,1.0,5.472234562873842,5.286700864910824,51.24439494713011
active,44.0,C15,1740.0,1740.0,1.0,5.472234562873842,5.286169302723118,51.24458006510574
active,44.0,C16,1740.0,1740.0,1.0,5.472234562873842,5.285804016986761,51.24470621021722
active,44.0,C17,1740.0,1740.0,1.0,5.472234562873842,5.285561647283542,51.24478876838134
active,44.0,C18,1740.0,1740.0,1.0,5.472234562873842,5.2854030288217055,51.24484168570611
active,46.0,C01,1740.0,1740.0,1.0,5.355469063386405,5.326857994105134,51.228192807267
active,46.0,C02,1740.0,1740.0,1.0,5.355469063386405,5.319083221107138,51.23102315055321
active,46.0,C03,1740.0,1740.0,1.0,5.355469063386405,5.31206061806339,51.23358341216992
active,46.0,C04,1740.0,1740.0,1.0,5.355469063386405,5.305753079163192,51.23588571728512
active,46.0,C05,1740.0,1740.0,1.0,5.355469063386405,5.30012317899225,51.2379425573888
active,46.0,C06,1740.0,1740.0,1.0,5.355469063386405,5.295133185940584,51.239766762243164
active,46.0,C07,1740.0,1740.0,1.0,5.355469063386405,5.290745073829548,51.241371473013
active,46.0,C08,1740.0,1740.0,1.0,5.355469063386405,5.286920531376837,51.24277011687062
active,46.0,C09,1740.0,1740.0,1.0,5.355469063386405,5.283620969038736,51.24397638338767
active,46.0,S01,1240.0,1240.0,1.0,1.7670308731657576,1.1885124629049082,68.94220967248735
active,46.0,S02,1240.0,1240.0,1.0,1.7675796677205289,1.188578405624614,68.94209198924763
active,46.0,S03,1240.0,1240.0,1.0,1.7681092232363282,1.1886427942655218,68.94197788544575
active,46.0,S04,1240.0,1240.0,1.0,1.768619828741696,1.1887056307235435,68.9418673316015
active,46.0,S05,1240.0,1240.0,1.0,1.7691117788349955,1.1887669173546624,68.94176029708656
active,46.0,S06,1240.0,1240.0,1.0,1.7695853735396267,1.1888266569653905,68.94165675015276
active,46.0,S07,1240.0,1240.0,1.0,1.7700409181592747,1.18888485280284,68.94155665796211
active,46.0,S08,1240.0,1240.0,1.0,1.770478723133451,1.188941508544407,68.94145998661577
active,46.0,S09,1240.0,1240.0,1.0,1.7708991038935997,1.1889966282870845,68.9413667011846
active,46.0,C10,1740.0,1740.0,1.0,5.355469063386405,5.2598937652586155,51.25270732485857
active,46.0,C11,1740.0,1740.0,1.0,5.355469063386405,5.258305921341202,51.25329611115116
active,46.0,C12,1740.0,1740.0,1.0,5.355469063386405,5.257045001112996,51.253762995222935
active,46.0,C13,1740.0,1740.0,1.0,5.355469063386405,5.256070759046112,51.25412290559958
active,46.0,C14,1740.0,1740.0,1.0,5.355469063386405,5.255342555023452,51.25439096156449
active,46.0,C15,1740.0,1740.0,1.0,5.355469063386405,5.254819275250557,51.254582491290684
active,46.0,C16,1740.0,1740.0,1.0,5.355469063386405,5.25445920266392,51.25471307024795
active,46.0,C17,1740.0,1740.0,1.0,5.355469063386405,5.25421978437935,51.25479859934151
active,46.0,C18,1740.0,1740.0,1.0,5.355469063386405,5.25406259946482,51.254853489114424
active,48.0,C01,1740.0,1740.0,1.0,5.236100330080262,5.289948142730151,51.23778011694111
active,48.0,C02,1740.0,1740.0,1.0,5.236100330080262,5.2823253258673395,51.24069950262577
active,48.0,C03,1740.0,1740.0,1.0,5.236100330080262,5.275439241229145,51.24334040825388
active,48.0,C04,1740.0,1740.0,1.0,5.236100330080262,5.26925356739359,51.245715328757825
active,48.0,C05,1740.0,1740.0,1.0,5.236100330080262,5.2637316726939725,51.24783713742923
active,48.0,C06,1740.0,1740.0,1.0,5.236100330080262,5.258836628100819,51.24971905694848
active,48.0,C07,1740.0,1740.0,1.0,5.236100330080262,5.254531218364465,51.25137463163111
active,48.0,C08,1740.0,1740.0,1.0,5.236100330080262,5.250777951048595,51.252817701194836
active,48.0,C09,1740.0,1740.0,1.0,5.236100330080262,5.247539063007368,51.254062376369404
active,48.0,S01,1240.0,1240.0,1.0,1.7670308731657576,1.1893374420215004,68.95794857722679
active,48.0,S02,1240.0,1240.0,1.0,1.7675796677205289,1.189410248693775,68.95782015869949
active,48.0,S03,1240.0,1240.0,1.0,1.7681092232363282,1.1894813814166343,68.95769557166594
active,48.0,S04,1240.0,1240.0,1.0,1.768619828741696,1.1895508409321394,68.95757478636163
active,48.0,S05,1240.0,1240.0,1.0,1.7691117788349955,1.1896186284725858,68.95745777180105
active,48.0,S06,1240.0,1240.0,1.0,1.7695853735396267,1.1896847457505864,68.95734449580733
active,48.0,S07,1240.0,1240.0,1.0,1.7700409181592747,1.1897491949487058,68.95723492504398
active,48.0,S08,1240.0,1240.0,1.0,1.770478723133451,1.1898119787086618,68.95712902504538
active,48.0,S09,1240.0,1240.0,1.0,1.7708991038935997,1.1898731001200982,68.95702676024924
active,48.0,C10,1740.0,1740.0,1.0,5.236100330080262,5.2242644134713165,51.26307001744665
active,48.0,C11,1740.0,1740.0,1.0,5.236100330080262,5.222708500418981,51.26367732826937
active,48.0,C12,1740.0,1740.0,1.0,5.236100330080262,5.2214725620837825,51.26415895072139
active,48.0,C13,1740.0,1740.0,1.0,5.236100330080262,5.220517213505638,51.264530275908704
active,48.0,C14,1740.0,1740.0,1.0,5.236100330080262,5.219802683491913,51.26480689180896
active,48.0,C15,1740.0,1740.0,1.0,5.236100330080262,5.219288736934946,51.26500460196141
active,48.0,C16,1740.0,1740.0,1.0,5.236100330080262,5.21893454763766,51.26513946507608
active,48.0,C17,1740.0,1740.0,1.0,5.236100330080262,5.218698470216774,51.265227875635794
active,48.0,C18,1740.0,1740.0,1.0,5.236100330080262,5.21854291860209,51.26528468899559
active,50.0,C01,1740.0,1740.0,1.0,5.113946073673871,5.247937158178195,51.24790603682356
active,50.0,C02,1740.0,1740.0,1.0,5.113946073673871,5.240485466597762,51.25091076937523
active,50.0,C03,1740.0,1740.0,1.0,5.113946073673871,5.23375313297998,51.25362898674587
active,50.0,C04,1740.0,1740.0,1.0,5.113946073673871,5.227704718519497,51.25607353741026
active,50.0,C05,1740.0,1740.0,1.0,5.113946073673871,5.2223044845965205,51.25825765959863
active,50.0,C06,1740.0,1740.0,1.0,5.113946073673871,5.217516405076158,51.260194951457
active,50.0,C07,1740.0,1740.0,1.0,5.113946073673871,5.213304176915168,51.261899342459316
active,50.0,C08,1740.0,1740.0,1.0,5.113946073673871,5.209631228719301,51.26338506638382
active,50.0,C09,1740.0,1740.0,1.0,5.113946073673871,5.206460726818636,51.264666636185666
active,50.0,S01,1240.0,1240.0,1.0,1.7670308731657576,1.1903393856803584,68.97329850371344
active,50.0,S02,1240.0,1240.0,1.0,1.7675796677205289,1.1904200153873654,68.97315826661735
active,50.0,S03,1240.0,1240.0,1.0,1.7681092232363282,1.1904988334387139,68.9730221308575
active,50.0,S04,1240.0,1240.0,1.0,1.768619828741696,1.1905758392613717,68.97289006659794
active,50.0,S05,1240.0,1240.0,1.0,1.7691117788349955,1.1906510328070212,68.97276204270463
active,50.0,S06,1240.0,1240.0,1.0,1.7695853735396267,1.190724414541687,68.97263802677658
active,50.0,S07,1240.0,1240.0,1.0,1.7700409181592747,1.1907959854348638,68.97251798517928
active,50.0,S08,1240.0,1240.0,1.0,1.770478723133451,1.1908657469481478,68.97240188307701
active,50.0,S09,1240.0,1240.0,1.0,1.7708991038935997,1.1909337010233818,68.97228968446689
active,50.0,C10,1740.0,1740.0,1.0,5.113946073673871,5.183695902517749,51.273939714543694
active,50.0,C11,1740.0,1740.0,1.0,5.113946073673871,5.182175935240953,51.274564760015046
active,50.0,C12,1740.0,1740.0,1.0,5.113946073673871,5.180968126055759,51.27506050060431
active,50.0,C13,1740.0,1740.0,1.0,5.113946073673871,5.180034057892037,51.27544276917856
active,50.0,C14,1740.0,1740.0,1.0,5.113946073673871,5.179334936842098,51.27572760130652
active,50.0,C15,1740.0,1740.0,1.0,5.113946073673871,5.178831516068866,51.27593125449076
active,50.0,C16,1740.0,1740.0,1.0,5.113946073673871,5.17848397136169,51.276070248935014
active,50.0,C17,1740.0,1740.0,1.0,5.113946073673871,5.178251678065597,51.2761614505122
active,50.0,C18,1740.0,1740.0,1.0,5.113946073673871,5.178097987813273,51.27622013905189
active,52.0,C01,1740.0,1740.0,1.0,4.988801681989592,5.199924149925199,51.258673205755905
active,52.0,C02,1740.0,1740.0,1.0,4.988801681989592,5.19266529580196,51.26175945599076
active,52.0,C03,1740.0,1740.0,1.0,4.988801681989592,5.186106235308033,51.26455153304795
active,52.0,C04,1740.0,1740.0,1.0,4.988801681989592,5.180212523275873,51.26706262216232
active,52.0,C05,1740.0,1740.0,1.0,4.988801681989592,5.174949426333051,51.26930630903298
active,52.0,C06,1740.0,1740.0,1.0,4.988801681989592,5.170281934557738,51.271296549169726
active,52.0,C07,1740.0,1740.0,1.0,4.988801681989592,5.166174771494428,51.27304763852436
active,52.0,C08,1740.0,1740.0,1.0,4.988801681989592,5.162592402187247,51.27457418572776
active,52.0,C09,1740.0,1740.0,1.0,4.988801681989592,5.159499038814794,51.27589108627313
active,52.0,S01,1240.0,1240.0,1.0,1.7670308731657576,1.191537748915131,68.98822424618346
active,52.0,S02,1240.0,1240.0,1.0,1.7675796677205289,1.191627306541617,68.9880709514338
active,52.0,S03,1240.0,1240.0,1.0,1.7681092232363282,1.1917148939209485,68.98792204856004
active,52.0,S04,1240.0,1240.0,1.0,1.768619828741696,1.1918005089783272,68.9877775078921
active,52.0,S05,1240.0,1240.0,1.0,1.7691117788349955,1.1918841502031277,68.98763729837992
active,52.0,S06,1240.0,1240.0,1.0,1.7695853735396267,1.1919658166379916,68.98750138762614
active,52.0,S07,1240.0,1240.0,1.0,1.7700409181592747,1.192045507867354,68.98736974192131
active,52.0,S08,1240.0,1240.0,1.0,1.770478723133451,1.192123224005403,68.98724232627802
active,52.0,S09,1240.0,1240.0,1.0,1.7708991038935997,1.1921989656834824,68.98711910446674
active,52.0,C10,1740.0,1740.0,1.0,4.988801681989592,5.137308927705323,51.28541794004844
active,52.0,C11,1740.0,1740.0,1.0,4.988801681989592,5.1358294435606,51.28605989957639
active,52.0,C12,1740.0,1740.0,1.0,4.988801681989592,5.1346533212316485,51.28656911448456
active,52.0,C13,1740.0,1740.0,1.0,4.988801681989592,5.133743232691654,51.2869618377069
active,52.0,C14,1740.0,1740.0,1.0,4.988801681989592,5.1330614836404616,51.28725453041002
active,52.0,C15,1740.0,1740.0,1.0,4.988801681989592,5.132569939214816,51.28746388175205
active,52.0,C16,1740.0,1740.0,1.0,4.988801681989592,5.132229902630275,51.28760685076374
active,52.0,C17,1740.0,1740.0,1.0,4.988801681989592,5.132002090369269,51.28770074951056
active,52.0,C18,1740.0,1740.0,1.0,4.988801681989592,5.131850522390057,51.28776126524294
active,54.0,C01,1740.0,1740.0,1.0,4.860436194417119,5.144845146669871,51.270204625371555
active,54.0,C02,1740.0,1740.0,1.0,4.860436194417119,5.137803632137192,51.273368401634634
active,54.0,C03,1740.0,1740.0,1.0,4.860436194417119,5.131439879999277,51.27623074066694
active,54.0,C04,1740.0,1740.0,1.0,4.860436194417119,5.125720563684535,51.27880514698506
active,54.0,C05,1740.0,1740.0,1.0,4.860436194417119,5.120612081312534,51.281105535539545
active,54.0,C06,1740.0,1740.0,1.0,4.860436194417119,5.116080566640369,51.28314620030704
active,54.0,C07,1740.0,1740.0,1.0,4.860436194417119,5.1120918984288775,51.284941784198615
active,54.0,C08,1740.0,1740.0,1.0,4.860436194417119,5.108611707901723,51.28650725061269
active,54.0,C09,1740.0,1740.0,1.0,4.860436194417119,5.105605383899675,51.2878578569809
active,54.0,S01,1240.0,1240.0,1.0,1.7670308731657576,1.1929570562899066,69.00268933010148
active,54.0,S02,1240.0,1240.0,1.0,1.7675796677205289,1.1930568157493775,69.00252155983789
active,54.0,S03,1240.0,1240.0,1.0,1.7681092232363282,1.1931544218319112,69.00235849608717
active,54.0,S04,1240.0,1240.0,1.0,1.768619828741696,1.1932498707445696,69.0022001096105
active,54.0,S05,1240.0,1240.0,1.0,1.7691117788349955,1.1933431593038133,69.00204636970157
active,54.0,S06,1240.0,1240.0,1.0,1.7695853735396267,1.193434284923959,69.00189724422097
active,54.0,S07,1240.0,1240.0,1.0,1.7700409181592747,1.1935232456049876,69.0017526996332
active,54.0,S08,1240.0,1240.0,1.0,1.770478723133451,1.1936100399197092,69.00161270104262
active,54.0,S09,1240.0,1240.0,1.0,1.7708991038935997,1.1936946670002833,69.00147721223136
active,54.0,C10,1740.0,1740.0,1.0,4.860436194417119,5.084063245504924,51.29762633934961
active,54.0,C11,1740.0,1740.0,1.0,4.860436194417119,5.082629352332161,51.29828435544638
active,54.0,C12,1740.0,1740.0,1.0,4.860436194417119,5.081488923302911,51.298806372500266
active,54.0,C13,1740.0,1740.0,1.0,4.860436194417119,5.080605855609442,51.29920904076981
active,54.0,C14,1740.0,1740.0,1.0,4.860436194417119,5.079943692045851,51.2995092239608
active,54.0,C15,1740.0,1740.0,1.0,4.860436194417119,5.079465548761373,51.29972401949668
active,54.0,C16,1740.0,1740.0,1.0,4.860436194417119,5.0791339973923195,51.29987080146766
active,54.0,C17,1740.0,1740.0,1.0,4.860436194417119,5.078911374164886,51.299967299333666
active,54.0,C18,1740.0,1740.0,1.0,4.860436194417119,5.078762227249116,51.30002959464707
active,56.0,C01,1740.0,1740.0,1.0,4.728587291969743,5.081438704006549,51.2826482171238
active,56.0,C02,1740.0,1740.0,1.0,4.728587291969743,5.074642041230423,51.28588533259097
active,56.0,C03,1740.0,1740.0,1.0,4.728587291969743,5.06849834594923,51.288814160881174
active,56.0,C04,1740.0,1740.0,1.0,4.728587291969743,5.062975550038116,51.29144850746212
active,56.0,C05,1740.0,1740.0,1.0,4.728587291969743,5.0580413243462425,51.2938025974092
active,56.0,C06,1740.0,1740.0,1.0,4.728587291969743,5.053663088865779,51.29589104330759
active,56.0,C07,1740.0,1740.0,1.0,4.728587291969743,5.0498080213879994,51.29772881450023
active,56.0,C08,1740.0,1740.0,1.0,4.728587291969743,5.046443064336714,51.29933120801597
active,56.0,C09,1740.0,1740.0,1.0,4.728587291969743,5.043534929401647,51.30071382153458
active,56.0,S01,1240.0,1240.0,1.0,1.7670308731657576,1.1946271619779565,69.01665491138746
active,56.0,S02,1240.0,1240.0,1.0,1.7675796677205289,1.1947385920918077,69.01647104249582
active,56.0,S03,1240.0,1240.0,1.0,1.7681092232363282,1.1948476567812014,69.01629222283437
active,56.0,S04,1240.0,1240.0,1.0,1.768619828741696,1.1949543502840894,69.01611842389318
active,56.0,S05,1240.0,1240.0,1.0,1.7691117788349955,1.195058667499724,69.01594961560083
active,56.0,S06,1240.0,1240.0,1.0,1.7695853735396267,1.1951606039763503,69.01578576636054
active,56.0,S07,1240.0,1240.0,1.0,1.7700409181592747,1.1952601558981568,69.0156268430892
active,56.0,S08,1240.0,1240.0,1.0,1.770478723133451,1.195357320071487,69.0154728112552
active,56.0,S09,1240.0,1240.0,1.0,1.7708991038935997,1.1954520939103113,69.01532363491856
active,56.0,C10,1740.0,1740.0,1.0,4.728587291969743,5.022723075073385,51.31071120396872
active,56.0,C11,1740.0,1740.0,1.0,4.728587291969743,5.021340492101639,51.31138437528543
active,56.0,C12,1740.0,1740.0,1.0,4.728587291969743,5.020240244477558,51.311918488573625
active,56.0,C13,1740.0,1740.0,1.0,4.728587291969743,5.019387606778304,51.312330567431104
active,56.0,C14,1740.0,1740.0,1.0,4.728587291969743,5.018747512519262,51.31263785378132
active,56.0,C15,1740.0,1740.0,1.0,4.728587291969743,5.018284484224207,51.312857828640304
active,56.0,C16,1740.0,1740.0,1.0,4.728587291969743,5.01796251950375,51.313008256086476
active,56.0,C17,1740.0,1740.0,1.0,4.728587291969743,5.017745755738974,51.313107251384444
active,56.0,C18,1740.0,1740.0,1.0,4.728587291969743,5.0175993720438505,51.31317127899238
active,58.0,C01,1740.0,1740.0,1.0,4.592954991675351,5.008205998375426,51.29618266206451
active,58.0,C02,1740.0,1740.0,1.0,4.592954991675351,5.0016848654614074,51.29948869809863
active,58.0,C03,1740.0,1740.0,1.0,4.592954991675351,4.995788832131039,51.302480035031515
active,58.0,C04,1740.0,1740.0,1.0,4.592954991675351,4.990487244006453,51.305170759921026
active,58.0,C05,1740.0,1740.0,1.0,4.592954991675351,4.9857492014374545,51.30757538774842
active,58.0,C06,1740.0,1740.0,1.0,4.592954991675351,4.981543568823818,51.30970882870012
active,58.0,C07,1740.0,1740.0,1.0,4.592954991675351,4.97783898250018,51.31158635682253
active,58.0,C08,1740.0,1740.0,1.0,4.592954991675351,4.974603856892894,51.313223580390115
active,58.0,C09,1740.0,1740.0,1.0,4.592954991675351,4.971806388593817,51.314636414350105
active,58.0,S01,1240.0,1240.0,1.0,1.7670308731657576,1.196583383441367,69.03007867560989
active,58.0,S02,1240.0,1240.0,1.0,1.7675796677205289,1.1967081759964384,69.02987684938591
active,58.0,S03,1240.0,1240.0,1.0,1.7681092232363282,1.1968303569118521,69.029680447868
active,58.0,S04,1240.0,1240.0,1.0,1.768619828741696,1.196949918165323,69.02948944360966
active,58.0,S05,1240.0,1240.0,1.0,1.7691117788349955,1.1970668524554946,69.02930380750134
active,58.0,S06,1240.0,1240.0,1.0,1.7695853735396267,1.1971811531887029,69.02912350880851
active,58.0,S07,1240.0,1240.0,1.0,1.7700409181592747,1.1972928144648929,69.02894851521275
active,58.0,S08,1240.0,1240.0,1.0,1.770478723133451,1.1974018310626842,69.0287787928517
active,58.0,S09,1240.0,1240.0,1.0,1.7708991038935997,1.19750819842358,69.0286143063615
active,58.0,C10,1740.0,1740.0,1.0,4.592954991675351,4.951816678443884,51.32484927849379
active,58.0,C11,1740.0,1740.0,1.0,4.592954991675351,4.9504917618138204,51.32553665209546
active,58.0,C12,1740.0,1740.0,1.0,4.592954991675351,4.949436686542536,51.32608211599775
active,58.0,C13,1740.0,1740.0,1.0,4.592954991675351,4.948618273258754,51.326503041693165
active,58.0,C14,1740.0,1740.0,1.0,4.592954991675351,4.94800301648129,51.3268170235197
active,58.0,C15,1740.0,1740.0,1.0,4.592954991675351,4.947557017315702,51.32704189990918
active,58.0,C16,1740.0,1740.0,1.0,4.592954991675351,4.947245873992054,51.32719579832828
active,58.0,C17,1740.0,1740.0,1.0,4.592954991675351,4.947035720393852,51.32729718573784
active,58.0,C18,1740.0,1740.0,1.0,4.592954991675351,4.946892491252235,51.32736289862792
active,60.0,C01,1740.0,1740.0,1.0,4.453193610582556,4.923365517230466,51.31102490183403
active,60.0,C02,1740.0,1740.0,1.0,4.453193610582556,4.917153793445509,51.3143951676593
active,60.0,C03,1740.0,1740.0,1.0,4.453193610582556,4.911535919742948,51.317444788523794
active,60.0,C04,1740.0,1740.0,1.0,4.453193610582556,4.906482826083375,51.32018811248408
active,60.0,C05,1740.0,1740.0,1.0,4.453193610582556,4.901965214434187,51.32263992291158
active,60.0,C06,1740.0,1740.0,1.0,4.453193610582556,4.897953567177072,51.32481540522917
active,60.0,C07,1740.0,1740.0,1.0,4.453193610582556,4.8944181541630725,51.326730115045514
active,60.0,C08,1740.0,1740.0,1.0,4.453193610582556,4.891329038144968,51.328399948032605
active,60.0,C09,1740.0,1740.0,1.0,4.453193610582556,4.88865607825664,51.32984111191549
active,60.0,S01,1240.0,1240.0,1.0,1.7670308731657576,1.1988663289595278,69.04291375506679
active,60.0,S02,1240.0,1240.0,1.0,1.7675796677205289,1.1990064278350443,69.04269184276957
active,60.0,S03,1240.0,1240.0,1.0,1.7681092232363282,1.1991436284030903,69.04247576891994
active,60.0,S04,1240.0,1240.0,1.0,1.768619828741696,1.1992779200436996,69.04226550751159
active,60.0,S05,1240.0,1240.0,1.0,1.7691117788349955,1.1994092929263749,69.04206103076488
active,60.0,S06,1240.0,1240.0,1.0,1.7695853735396267,1.1995377379957233,69.0418623091671
active,60.0,S07,1240.0,1240.0,1.0,1.7700409181592747,1.1996632469561153,69.04166931151559
active,60.0,S08,1240.0,1240.0,1.0,1.770478723133451,1.1997858122553584,69.04148200496017
active,60.0,S09,1240.0,1240.0,1.0,1.7708991038935997,1.199905427067378,69.04130035504801
active,60.0,C10,1740.0,1740.0,1.0,4.453193610582556,4.869590069335516,51.34025523104767
active,60.0,C11,1740.0,1740.0,1.0,4.453193610582556,4.8683298099084436,51.3409557940348
active,60.0,C12,1740.0,1740.0,1.0,4.453193610582556,4.867325400664472,51.34151181674752
active,60.0,C13,1740.0,1740.0,1.0,4.453193610582556,4.8665453931587885,51.34194099143449
active,60.0,C14,1740.0,1740.0,1.0,4.453193610582556,4.865958029554617,51.34226123732634
active,60.0,C15,1740.0,1740.0,1.0,4.453193610582556,4.865531178293693,51.3424907223496
active,60.0,C16,1740.0,1740.0,1.0,4.453193610582556,4.8652322296649775,51.342647908986805
active,60.0,C17,1740.0,1740.0,1.0,4.453193610582556,4.865029520447761,51.342751579290336
active,60.0,C18,1740.0,1740.0,1.0,4.453193610582556,4.864889892229221,51.34281893068036
active,62.0,C01,1740.0,1740.0,1.0,4.308901380991573,4.824803455257185,51.32743980101498
active,62.0,C02,1740.0,1740.0,1.0,4.308901380991573,4.818938053091515,51.33086929054314
active,62.0,C03,1740.0,1740.0,1.0,4.308901380991573,4.813631584122047,51.33397268777459
active,62.0,C04,1740.0,1740.0,1.0,4.308901380991573,4.808856747202871,51.33676457972287
active,62.0,C05,1740.0,1740.0,1.0,4.308901380991573,4.8045860320057265,51.33925999511458
active,62.0,C06,1740.0,1740.0,1.0,4.308901380991573,4.800791726450548,51.34147437066157
active,62.0,C07,1740.0,1740.0,1.0,4.308901380991573,4.79744592287785,51.34342351875284
active,62.0,C08,1740.0,1740.0,1.0,4.308901380991573,4.794520522715666,51.34512359691633
active,62.0,C09,1740.0,1740.0,1.0,4.308901380991573,4.791987239337116,51.34659107942408
active,62.0,S01,1240.0,1240.0,1.0,1.7670308731657576,1.201521125777189,69.05510771034365
active,62.0,S02,1240.0,1240.0,1.0,1.7675796677205289,1.2016787549820616,69.05486327459106
active,62.0,S03,1240.0,1240.0,1.0,1.7681092232363282,1.2018331512595444,69.05462513578713
active,62.0,S04,1240.0,1240.0,1.0,1.768619828741696,1.2019843010015936,69.05439326979072
active,62.0,S05,1240.0,1240.0,1.0,1.7691117788349955,1.2021321914684173,69.05416765056701
active,62.0,S06,1240.0,1240.0,1.0,1.7695853735396267,1.2022768107727193,69.05394825023008
active,62.0,S07,1240.0,1240.0,1.0,1.7700409181592747,1.2024181478628182,69.05373503908845
active,62.0,S08,1240.0,1240.0,1.0,1.770478723133451,1.2025561925046162,69.05352798569005
active,62.0,S09,1240.0,1240.0,1.0,1.7708991038935997,1.2026909352624173,69.05332705686982
active,62.0,C10,1740.0,1740.0,1.0,4.308901380991573,4.773955742726546,51.35719129221872
active,62.0,C11,1740.0,1740.0,1.0,4.308901380991573,4.772767718371986,51.35790396294333
active,62.0,C12,1740.0,1740.0,1.0,4.308901380991573,4.771819936322617,51.35846969969361
active,62.0,C13,1740.0,1740.0,1.0,4.308901380991573,4.771082878551615,51.35890648639538
active,62.0,C14,1740.0,1740.0,1.0,4.308901380991573,4.770526736258961,51.35923253768219
active,62.0,C15,1740.0,1740.0,1.0,4.308901380991573,4.770121348901499,51.359466321058285
active,62.0,C16,1740.0,1740.0,1.0,4.308901380991573,4.769836105421914,51.35962660362183
active,62.0,C17,1740.0,1740.0,1.0,4.308901380991573,4.769641757798159,51.35973244334225
active,62.0,C18,1740.0,1740.0,1.0,4.308901380991573,4.769506237371372,51.359801386654965
active,64.0,C01,1740.0,1740.0,1.0,4.159606819026152,4.710022788688526,51.34575262874996
active,64.0,C02,1740.0,1740.0,1.0,4.159606819026152,4.7045431676772465,51.349235976317765
active,64.0,C03,1740.0,1740.0,1.0,4.159606819026152,4.699583666583696,51.3523883197541
active,64.0,C04,1740.0,1740.0,1.0,4.159606819026152,4.695118948546903,51.35522446130477
active,64.0,C05,1740.0,1740.0,1.0,4.159606819026152,4.691123487801387,51.35775965026416
active,64.0,C06,1740.0,1740.0,1.0,4.159606819026152,4.687571576079095,51.360009548869215
active,64.0,C07,1740.0,1740.0,1.0,4.159606819026152,4.684437327857848,51.361990199632615
active,64.0,C08,1740.0,1740.0,1.0,4.159606819026152,4.68169468423325,51.363717994468445
active,64.0,C09,1740.0,1740.0,1.0,4.159606819026152,4.679317415138828,51.36520964598804
active,64.0,S01,1240.0,1240.0,1.0,1.7670308731657576,1.2045955997049576,69.06660166822552
active,64.0,S02,1240.0,1240.0,1.0,1.7675796677205289,1.20477328657886,69.06633192054774
active,64.0,S03,1240.0,1240.0,1.0,1.7681092232363282,1.2049473490572578,69.06606898074385
active,64.0,S04,1240.0,1240.0,1.0,1.768619828741696,1.2051177700938929,69.06581282701741
active,64.0,S05,1240.0,1240.0,1.0,1.7691117788349955,1.2052845336012148,69.06556343554645
active,64.0,S06,1240.0,1240.0,1.0,1.7695853735396267,1.2054476244328975,69.06532078052865
active,64.0,S07,1240.0,1240.0,1.0,1.7700409181592747,1.2056070283650484,69.06508483422932
active,64.0,S08,1240.0,1240.0,1.0,1.770478723133451,1.2057627320760758,69.06485556702935
active,64.0,S09,1240.0,1240.0,1.0,1.7708991038935997,1.2059147231252043,69.06463294747572
active,64.0,C10,1740.0,1740.0,1.0,4.159606819026152,4.662439123316785,51.37597972808605
active,64.0,C11,1740.0,1740.0,1.0,4.159606819026152,4.6613313811813315,51.37670334743426
active,64.0,C12,1740.0,1740.0,1.0,4.159606819026152,4.660446565589772,51.37727789374964
active,64.0,C13,1740.0,1740.0,1.0,4.159606819026152,4.659757299473876,51.377721611370504
active,64.0,C14,1740.0,1740.0,1.0,4.159606819026152,4.659235935612482,51.3780529786288
active,64.0,C15,1740.0,1740.0,1.0,4.159606819026152,4.658854499442754,51.37829073044367
active,64.0,C16,1740.0,1740.0,1.0,4.159606819026152,4.658584596630858,51.37845390584762
active,64.0,C17,1740.0,1740.0,1.0,4.159606819026152,4.658399604362325,51.37856179691148
active,64.0,C18,1740.0,1740.0,1.0,4.159606819026152,4.658268763444609,51.37863228578411
active,66.0,C01,1740.0,1740.0,1.0,4.004750512412308,4.576097138942996,51.36636521841531
active,66.0,C02,1740.0,1740.0,1.0,4.004750512412308,4.571044349754487,51.369896656625286
active,66.0,C03,1740.0,1740.0,1.0,4.004750512412308,4.566468848207015,51.37309275563149
active,66.0,C04,1740.0,1740.0,1.0,4.004750512412308,4.562347462211201,51.375968507272454
active,66.0,C05,1740.0,1740.0,1.0,4.004750512412308,4.558656852352688,51.378539354641916
active,66.0,C06,1740.0,1740.0,1.0,4.004750512412308,4.555373517231887,51.38082115769624
active,66.0,C07,1740.0,1740.0,1.0,4.004750512412308,4.552473797765048,51.38283016031725
active,66.0,C08,1740.0,1740.0,1.0,4.004750512412308,4.549933880249183,51.38458295918633
active,66.0,C09,1740.0,1740.0,1.0,4.004750512412308,4.547729797946329,51.38609647485036
active,66.0,S01,1240.0,1240.0,1.0,1.7670308731657576,1.2081367371431337,69.07732977671247
active,66.0,S02,1240.0,1240.0,1.0,1.7675796677205289,1.2083373246404538,69.07703153217973
active,66.0,S03,1240.0,1240.0,1.0,1.7681092232363282,1.2085338289744476,69.0767406679143
active,66.0,S04,1240.0,1240.0,1.0,1.768619828741696,1.2087262291443495,69.07645716500575
active,66.0,S05,1240.0,1240.0,1.0,1.7691117788349955,1.2089145052116899,69.07618100237306
active,66.0,S06,1240.0,1240.0,1.0,1.7695853735396267,1.209098638280653,69.0759121568124
active,66.0,S07,1240.0,1240.0,1.0,1.7700409181592747,1.2092786104768927,69.07565060304826
active,66.0,S08,1240.0,1240.0,1.0,1.770478723133451,1.209454404924783,69.07539631378451
active,66.0,S09,1240.0,1240.0,1.0,1.7708991038935997,1.209626005723062,69.0751492597583
active,66.0,C10,1740.0,1740.0,1.0,4.004750512412308,4.5321285356968755,51.39701901805109
active,66.0,C11,1740.0,1740.0,1.0,4.004750512412308,4.531109372734551,51.397752341601795
active,66.0,C12,1740.0,1740.0,1.0,4.004750512412308,4.530294072700946,51.398334727263
active,66.0,C13,1740.0,1740.0,1.0,4.004750512412308,4.529657614661976,51.398784646113725
active,66.0,C14,1740.0,1740.0,1.0,4.004750512412308,4.529174730193145,51.39912080604232
active,66.0,C15,1740.0,1740.0,1.0,4.004750512412308,4.528819850422697,51.399362174749754
active,66.0,C16,1740.0,1740.0,1.0,4.004750512412308,4.528567020664043,51.39952802801286
active,66.0,C17,1740.0,1740.0,1.0,4.004750512412308,4.5283924388722845,51.39963784755834
active,66.0,C18,1740.0,1740.0,1.0,4.004750512412308,4.528266916219891,51.39970983590891
active,68.0,C01,1740.0,1740.0,1.0,3.8542828203275574,4.429087838846896,51.38966204987237
active,68.0,C02,1740.0,1740.0,1.0,3.8543921065752413,4.424592130557549,51.393234151989134
active,68.0,C03,1740.0,1740.0,1.0,3.8544912603562262,4.4205185756747545,51.396467313309294
active,68.0,C04,1740.0,1740.0,1.0,3.8545807288022007,4.416846779001311,51.399376682509825
active,68.0,C05,1740.0,1740.0,1.0,3.8546609712932445,4.413556199864786,51.40197786243521
active,68.0,C06,1740.0,1740.0,1.0,3.8547324585567475,4.410626156632581,51.404286875522025
active,68.0,C07,1740.0,1740.0,1.0,3.8547956718087133,4.40803583031826,51.40632013069112
active,68.0,C08,1740.0,1740.0,1.0,3.8548511019461382,4.405764267110249,51.40809439206514
active,68.0,C09,1740.0,1740.0,1.0,3.8548992487998044,4.403790379613368,51.40962674989328
active,68.0,S01,1240.0,1240.0,1.0,1.7670308731657576,1.2115206633108484,69.08725436025861
active,68.0,S02,1240.0,1240.0,1.0,1.7675796677205289,1.211745257540844,69.08692409578974
active,68.0,S03,1240.0,1240.0,1.0,1.7681092232363282,1.2119652731000539,69.08660185389863
active,68.0,S04,1240.0,1240.0,1.0,1.768619828741696,1.2121806847911398,69.08628761915423
active,68.0,S05,1240.0,1240.0,1.0,1.7691117788349955,1.21239146858777,69.08598137379506
active,68.0,S06,1240.0,1240.0,1.0,1.7695853735396267,1.2125976016124531,69.0856830977801
active,68.0,S07,1240.0,1240.0,1.0,1.7700409181592747,1.2127990621125866,69.08539276884343
active,68.0,S08,1240.0,1240.0,1.0,1.770478723133451,1.212995829434661,69.08511036254869
active,68.0,S09,1240.0,1240.0,1.0,1.7708991038935997,1.2131878839965866,69.08483585234691
active,68.0,C10,1740.0,1740.0,1.0,3.85524127202865,4.3898664299339085,51.42067922429157
active,68.0,C11,1740.0,1740.0,1.0,3.8552636897867414,4.388961661947888,51.42142066956055
active,68.0,C12,1740.0,1740.0,1.0,3.855281629958955,4.388236548536744,51.422009655464535
active,68.0,C13,1740.0,1740.0,1.0,3.8552956389236783,4.387669056721671,51.422464837691294
active,68.0,C14,1740.0,1740.0,1.0,3.8553062700071097,4.387236934334013,51.42280511098183
active,68.0,C15,1740.0,1740.0,1.0,3.855314084285969,4.386917662822552,51.4230496325091
active,68.0,C16,1740.0,1740.0,1.0,3.8553196521558792,4.386688381287627,51.42321787078739
active,68.0,C17,1740.0,1740.0,1.0,3.8553234971641124,4.386528640756581,51.423329445047344
active,68.0,C18,1740.0,1740.0,1.0,3.8553262618559048,4.386411684307399,51.42340285232196
active,70.0,C01,1740.0,1740.0,1.0,3.7114998179215566,4.273232298718369,51.41598315289471
active,70.0,C02,1740.0,1740.0,1.0,3.7117048316036487,4.269293187982482,51.41958760191835
active,70.0,C03,1740.0,1740.0,1.0,3.711890885023652,4.265721409090078,51.422850324650035
active,70.0,C04,1740.0,1740.0,1.0,3.712058814537884,4.262499316711458,51.42578659010175
active,70.0,C05,1740.0,1740.0,1.0,3.7122094789772784,4.259609141276704,51.42841212300664
active,70.0,C06,1740.0,1740.0,1.0,3.7123437580027314,4.257032992709797,51.43074306916832
active,70.0,C07,1740.0,1740.0,1.0,3.712462550539141,4.2547528633828176,51.432795962286114
active,70.0,C08,1740.0,1740.0,1.0,3.7125667733038523,4.252750630148679,51.43458769261417
active,70.0,C09,1740.0,1740.0,1.0,3.712657359446521,4.251008055276457,51.43613547783706
active,70.0,S01,1240.0,1240.0,1.0,1.7670308731657576,1.2145164012368397,69.09637138046251
active,70.0,S02,1240.0,1240.0,1.0,1.7675796677205289,1.2147653635465998,69.09600531861935
active,70.0,S03,1240.0,1240.0,1.0,1.7681092232363282,1.2150092276669533,69.0956479988884
active,70.0,S04,1240.0,1240.0,1.0,1.768619828741696,1.2152479640768443,69.09529940994982
active,70.0,S05,1240.0,1240.0,1.0,1.7691117788349955,1.2154815445364642,69.09495953797779
active,70.0,S06,1240.0,1240.0,1.0,1.7695853735396267,1.2157099420622322,69.09462836669498
active,70.0,S07,1240.0,1240.0,1.0,1.7700409181592747,1.215933130899696,69.094305877431
active,70.0,S08,1240.0,1240.0,1.0,1.770478723133451,1.2161510864943017,69.09399204918095
active,70.0,S09,1240.0,1240.0,1.0,1.7708991038935997,1.2163637854599585,69.0936868586677
active,70.0,C10,1740.0,1740.0,1.0,3.7132997444987628,4.238763108822456,51.447292597981644
active,70.0,C11,1740.0,1740.0,1.0,3.7133417384719998,4.237972186025957,51.44804040598104
active,70.0,C12,1740.0,1740.0,1.0,3.713375374215514,4.237336926566401,51.44863461213058
active,70.0,C13,1740.0,1740.0,1.0,3.7134016714064435,4.236838256641442,51.44909401024898
active,70.0,C14,1740.0,1740.0,1.0,3.7134216626467014,4.236456911408542,51.449437634831
active,70.0,C15,1740.0,1740.0,1.0,3.7134363949911116,4.2361733935794765,51.449684784758674
active,70.0,C16,1740.0,1740.0,1.0,3.7134469329069075,4.235967906871986,51.44985507275114
active,70.0,C17,1740.0,1740.0,1.0,3.7134542418598286,4.235823225343958,51.449968200400626
active,70.0,C18,1740.0,1740.0,1.0,3.7134595443835448,4.235715189178818,51.450042926174746
active,72.0,C01,1740.0,1740.0,1.0,3.576461317420324,4.110841875872171,51.44563205443437
active,72.0,C02,1740.0,1740.0,1.0,3.576749155699665,4.10744486358001,51.449260105861725
active,72.0,C03,1740.0,1740.0,1.0,3.577010445639564,4.104362070574953,51.45254449946553
active,72.0,C04,1740.0,1740.0,1.0,3.5772463577957465,4.101578502207417,51.45550058632575
active,72.0,C05,1740.0,1740.0,1.0,3.5774580935367384,4.099079060037813,51.45814417344768
active,72.0,C06,1740.0,1740.0,1.0,3.5776468828022745,4.096848544819297,51.46049148914223
active,72.0,C07,1740.0,1740.0,1.0,3.5778139819707793,4.094871658825862,51.462559149885614
active,72.0,C08,1740.0,1740.0,1.0,3.57796067185723,4.09313300740976,51.46436412901663
active,72.0,C09,1740.0,1740.0,1.0,3.578088255864557,4.091617099643993,51.46592372765272
active,72.0,S01,1240.0,1240.0,1.0,1.7670308731657576,1.217041090263534,69.10470649735414
active,72.0,S02,1240.0,1240.0,1.0,1.7675796677205289,1.2173143291156676,69.1043006933787
active,72.0,S03,1240.0,1240.0,1.0,1.7681092232363282,1.217581934109976,69.1039044342905
active,72.0,S04,1240.0,1240.0,1.0,1.768619828741696,1.2178438713442685,69.10351771353716
active,72.0,S05,1240.0,1240.0,1.0,1.7691117788349955,1.21810010830707,69.10314052186853
active,72.0,S06,1240.0,1240.0,1.0,1.7695853735396267,1.2183506138493996,69.10277284739516
active,72.0,S07,1240.0,1240.0,1.0,1.7700409181592747,1.218595358154159,69.10241467565113
active,72.0,S08,1240.0,1240.0,1.0,1.770478723133451,1.2188343127030525,69.1020659896573
active,72.0,S09,1240.0,1240.0,1.0,1.7708991038935997,1.2190674502409506,69.10172676998849
active,72.0,C10,1740.0,1740.0,1.0,3.5789913566363327,4.081010958669065,51.47715887486419
active,72.0,C11,1740.0,1740.0,1.0,3.5790502306829097,4.080330485290404,51.47791120812351
active,72.0,C12,1740.0,1740.0,1.0,3.5790974319014164,4.079782507350832,51.47850919104467
active,72.0,C13,1740.0,1740.0,1.0,3.5791343839816054,4.07935080646892,51.47897170727791
active,72.0,C14,1740.0,1740.0,1.0,3.5791625285994484,4.079019000581369,51.47931788213559
active,72.0,C15,1740.0,1740.0,1.0,3.5791833275947673,4.0787705081871195,51.47956710658698
active,72.0,C16,1740.0,1740.0,1.0,3.5791982671510363,4.0785884909830985,51.47973908713426
active,72.0,C17,1740.0,1740.0,1.0,3.5792086788182336,4.0784587361662386,51.47985355256089
active,72.0,C18,1740.0,1740.0,1.0,3.579216302941469,4.0783597088224,51.47992948528345
active,74.0,C01,1740.0,1740.0,1.0,3.4491752361380636,3.9444584757459245,51.478874882672635
active,74.0,C02,1740.0,1740.0,1.0,3.4495337499273435,3.9415765584362097,51.48251768084859
active,74.0,C03,1740.0,1740.0,1.0,3.449859292728164,3.93895868320052,51.48581575073321
active,74.0,C04,1740.0,1740.0,1.0,3.4501533175116657,3.936592344655956,51.488784486806495
active,74.0,C05,1740.0,1740.0,1.0,3.4504173146730177,3.9344649531078666,51.49143973839049
active,74.0,C06,1740.0,1740.0,1.0,3.4506528093262747,3.932563836802733,51.49379777516031
active,74.0,C07,1740.0,1740.0,1.0,3.4508613587331047,3.930876243645565,51.495875254134305
active,74.0,C08,1740.0,1740.0,1.0,3.451044549890986,3.929389342289471,51.497689188499706
active,74.0,C09,1740.0,1740.0,1.0,3.4512039973088036,3.9280902224819845,51.499256918653714
active,74.0,S01,1240.0,1240.0,1.0,1.7670308731657576,1.2190277132886413,69.11231109309206
active,74.0,S02,1240.0,1240.0,1.0,1.7675796677205289,1.219324701486816,69.11186152260177
active,74.0,S03,1240.0,1240.0,1.0,1.7681092232363282,1.2196155125384667,69.11142238760594
active,74.0,S04,1240.0,1240.0,1.0,1.768619828741696,1.2199001081723257,69.11099368698642
active,74.0,S05,1240.0,1240.0,1.0,1.7691117788349955,1.2201784516142515,69.11057541671904
active,74.0,S06,1240.0,1240.0,1.0,1.7695853735396267,1.2204505075554684,69.11016756993669
active,74.0,S07,1240.0,1240.0,1.0,1.7700409181592747,1.2207162421180708,69.10977013699716
active,74.0,S08,1240.0,1240.0,1.0,1.770478723133451,1.220975622817696,69.10938310555157
active,74.0,S09,1240.0,1240.0,1.0,1.7708991038935997,1.2212286185232342,69.10900646061746
active,74.0,C10,1740.0,1740.0,1.0,3.4523304860740702,3.919045082225636,51.510543109402015
active,74.0,C11,1740.0,1740.0,1.0,3.452403710544223,3.9184691528967286,51.51129811900189
active,74.0,C12,1740.0,1740.0,1.0,3.4524624782066073,3.9180039026372824,51.51189842453027
active,74.0,C13,1740.0,1740.0,1.0,3.452508551823557,3.917635799581277,51.51236295109402
active,74.0,C14,1740.0,1740.0,1.0,3.4525437163539494,3.91735117416906,51.51271086581965
active,74.0,C15,1740.0,1740.0,1.0,3.452569781705839,3.91713618876096,51.512961602077795
active,74.0,C16,1740.0,1740.0,1.0,3.4525885879731253,3.916976789001677,51.513134909666476
active,74.0,C17,1740.0,1740.0,1.0,3.4526017633749646,3.9168615042404245,51.51325049138481
active,74.0,C18,1740.0,1740.0,1.0,3.4526115063751117,3.9167714683342703,51.51332751237398
active,76.0,C01,1740.0,1740.0,1.0,3.3296013539596054,3.776700824017104,51.51593580535771
active,76.0,C02,1740.0,1740.0,1.0,3.3300192211204367,3.7742969242150792,51.51958462371928
active,76.0,C03,1740.0,1740.0,1.0,3.330398778771703,3.772110791812448,51.52288848803676
active,76.0,C04,1740.0,1740.0,1.0,3.33074171403947,3.7701322015342105,51.5258627981769
active,76.0,C05,1740.0,1740.0,1.0,3.331049756535929,3.768350862090207,51.52852340657521
active,76.0,C06,1740.0,1740.0,1.0,3.331324675309455,3.7667564177197326,51.53088658396895
active,76.0,C07,1740.0,1740.0,1.0,3.3315682759481167,3.765338449311658,51.53296898660487
active,76.0,C08,1740.0,1740.0,1.0,3.331782397865434,3.7640864750290115,51.53478762527554
active,76.0,C09,1740.0,1740.0,1.0,3.3319689117998585,3.76298995034871,51.53635983656163
active,76.0,S01,1240.0,1240.0,1.0,1.7670308731657576,1.2204325979181967,69.11925790836608
active,76.0,S02,1240.0,1240.0,1.0,1.7675796677205289,1.2207524195473884,69.11876055235115
active,76.0,S03,1240.0,1240.0,1.0,1.7681092232363282,1.2210655217537931,69.11827461334171
active,76.0,S04,1240.0,1240.0,1.0,1.768619828741696,1.2213718619740115,69.11780009631762
active,76.0,S05,1240.0,1240.0,1.0,1.7691117788349955,1.2216713992430284,69.11733700312834
active,76.0,S06,1240.0,1240.0,1.0,1.7695853735396267,1.2219640941585914,69.11688533256124
active,76.0,S07,1240.0,1240.0,1.0,1.7700409181592747,1.2222499088424814,69.11644508041513
active,76.0,S08,1240.0,1240.0,1.0,1.770478723133451,1.2225288068985432,69.11601623957473
active,76.0,S09,1240.0,1240.0,1.0,1.7708991038935997,1.2228007533673118,69.1155988000903
active,76.0,C10,1740.0,1740.0,1.0,3.3332840043640903,3.75539745130366,51.54767045409213
active,76.0,C11,1740.0,1740.0,1.0,3.333369231546968,3.7549181688710696,51.54842633009754
active,76.0,C12,1740.0,1740.0,1.0,3.333437709795797,3.7545295130843814,51.54902753301927
active,76.0,C13,1740.0,1740.0,1.0,3.333491480759481,3.754220419011417,51.54949298229453
active,76.0,C14,1740.0,1740.0,1.0,3.333532611713096,3.753979708166861,51.54984183913395
active,76.0,C15,1740.0,1740.0,1.0,3.3335631988127488,3.7537960631023255,51.5500935309191
active,76.0,C16,1740.0,1740.0,1.0,3.3335853732339102,3.75365798686621,51.550267801572446
active,76.0,C17,1740.0,1740.0,1.0,3.333600997242643,3.7535564408983366,51.55038427816604
active,76.0,C18,1740.0,1740.0,1.0,3.333612668609932,3.7534751956037664,51.55046226444562
active,78.0,C01,1740.0,1740.0,1.0,3.2176542233768597,3.6101090246604732,51.556991670377236
active,78.0,C02,1740.0,1740.0,1.0,3.218120999209104,3.6081389504054067,51.560638104055
active,78.0,C03,1740.0,1740.0,1.0,3.218545124993523,3.606344931537743,51.56394016752233
active,78.0,C04,1740.0,1740.0,1.0,3.218928477484025,3.6047187826602123,51.566913229538486
active,78.0,C05,1740.0,1740.0,1.0,3.2192729796186734,3.6032522692568922,51.5695731080884
active,78.0,C06,1740.0,1740.0,1.0,3.2195805972284326,3.6019371085589516,51.57193603641844
active,78.0,C07,1740.0,1740.0,1.0,3.21985333591423,3.600764970086975,51.57401863053874
active,78.0,C08,1740.0,1740.0,1.0,3.220093238123326,3.5997274758176383,51.575837858542464
active,78.0,C09,1740.0,1740.0,1.0,3.2203023804589885,3.5988161999081196,51.57741101211644
active,78.0,S01,1240.0,1240.0,1.0,1.7670308731657576,1.2212396087870874,69.12563620620385
active,78.0,S02,1240.0,1240.0,1.0,1.7675796677205289,1.2215810285204314,69.12508712984639
active,78.0,S03,1240.0,1240.0,1.0,1.7681092232363282,1.2219151957551384,69.12455054442165
active,78.0,S04,1240.0,1240.0,1.0,1.768619828741696,1.2222420637694527,69.12402646165596
active,78.0,S05,1240.0,1240.0,1.0,1.7691117788349955,1.2225615875343439,69.12351488990551
active,78.0,S06,1240.0,1240.0,1.0,1.7695853735396267,1.2228737236737304,69.1230158342305
active,78.0,S07,1240.0,1240.0,1.0,1.7700409181592747,1.223178430421188,69.12252929647512
active,78.0,S08,1240.0,1240.0,1.0,1.770478723133451,1.2234756675729686,69.12205527534893
active,78.0,S09,1240.0,1240.0,1.0,1.7708991038935997,1.2237653964371242,69.12159376651391
active,78.0,C10,1740.0,1740.0,1.0,3.2217739894020623,3.5925461174247357,51.58872039046756
active,78.0,C11,1740.0,1740.0,1.0,3.221869063709326,3.592154210491285,51.58947540166007
active,78.0,C12,1740.0,1740.0,1.0,3.221945547824803,3.5918349186426166,51.59007613693293
active,78.0,C13,1740.0,1740.0,1.0,3.2220057071238872,3.5915793904923397,51.59054146522069
active,78.0,C14,1740.0,1740.0,1.0,3.222051835330682,3.5913786830431254,51.59089049641871
active,78.0,C15,1740.0,1740.0,1.0,3.2220862582045204,3.5912237407826826,51.59114260589555
active,78.0,C16,1740.0,1740.0,1.0,3.222111340433804,3.59110536248174,51.59131748493022
active,78.0,C17,1740.0,1740.0,1.0,3.222129122641957,3.591016892566931,51.59143463555737
active,78.0,C18,1740.0,1740.0,1.0,3.2221425445208416,3.59094407980926,51.59151346212859
active,80.0,C01,0.0,0.0,0.0,3.2176542233768597,0.0,51.38628712067632
active,80.0,C02,1740.0,1740.0,1.0,3.1137118744877186,3.4695700719090485,51.60544568876167
active,80.0,C03,1740.0,1740.0,1.0,3.114171939620052,3.468116959078056,51.60873867358385
active,80.0,C04,1740.0,1740.0,1.0,3.1145879489122668,3.4667975429969844,51.61170394409725
active,80.0,C05,1740.0,1740.0,1.0,3.1149619767932135,3.4656053469377652,51.61435724820397
active,80.0,C06,1740.0,1740.0,1.0,3.1152961429497243,3.4645338604518137,51.616714745145856
active,80.0,C07,1740.0,1740.0,1.0,3.1155926090613684,3.463576539367309,51.61879297336824
active,80.0,C08,1740.0,1740.0,1.0,3.11585357574653,3.4627268055155103,51.620608820185154
active,80.0,C09,1740.0,1740.0,1.0,3.1160812797554382,3.4619780461392065,51.622179493616244
active,80.0,S01,1240.0,1240.0,1.0,1.7670308731657576,1.2299034621508715,69.13110222103212
active,80.0,S02,1240.0,1240.0,1.0,1.7675796677205289,1.2302679511542092,69.13049756298278
active,80.0,S03,1240.0,1240.0,1.0,1.7681092232363282,1.2306246121988575,69.12990656372638
active,80.0,S04,1240.0,1240.0,1.0,1.768619828741696,1.2309733943754724,69.12932924235827
active,80.0,S05,1240.0,1240.0,1.0,1.7691117788349955,1.2313142485695479,69.12876561434906
active,80.0,S06,1240.0,1240.0,1.0,1.7695853735396267,1.2316471274169458,69.12821569162556
active,80.0,S07,1240.0,1240.0,1.0,1.7700409181592747,1.2319719852554494,69.12767948265787
active,80.0,S08,1240.0,1240.0,1.0,1.770478723133451,1.232288778072115,69.12715699254862
active,80.0,S09,1240.0,1240.0,1.0,1.7708991038935997,1.2325974634461663,69.12664822312856
active,80.0,C10,1740.0,1740.0,1.0,3.1176801014313154,3.4568673599154724,51.6334628999217
active,80.0,C11,1740.0,1740.0,1.0,3.1177830647168667,3.456552007743167,51.63421538648247
active,80.0,C12,1740.0,1740.0,1.0,3.117866005256065,3.4562937880049143,51.63481433988085
active,80.0,C13,1740.0,1740.0,1.0,3.1179313621618063,3.456085748254541,51.63527853629075
active,80.0,C14,1740.0,1740.0,1.0,3.117981604985535,3.455920863708584,51.635626991504196
active,80.0,C15,1740.0,1740.0,1.0,3.118019237767612,3.4557920202749983,51.63587898549888
active,80.0,C16,1740.0,1740.0,1.0,3.1180468065503044,3.455691987768207,51.63605411282481
active,80.0,C17,1740.0,1740.0,1.0,3.1180664740142126,3.4556161306200854,51.63617170338337
active,80.0,C18,1740.0,1740.0,1.0,3.1180814813323376,3.4555519702736714,51.63625122719146
active,82.0,C01,0.0,0.0,0.0,3.2176542233768597,0.0,51.26923257230998
active,82.0,C02,1740.0,1740.0,1.0,3.015951162521757,3.3045368664936463,51.6543529531592
active,82.0,C03,1740.0,1740.0,1.0,3.0164389600827004,3.3033925729006177,51.65763017048938
active,82.0,C04,1740.0,1740.0,1.0,3.016880235710553,3.3023512026146955,51.66058163207527
active,82.0,C05,1740.0,1740.0,1.0,3.01727717607919,3.30140784732055,51.66322298320024
active,82.0,C06,1740.0,1740.0,1.0,3.0176320145266105,3.3005575781210896,51.66557027581753
active,82.0,C07,1740.0,1740.0,1.0,3.0179470277192446,3.299795445023499,51.66763993683089
active,82.0,C08,1740.0,1740.0,1.0,3.0182245325350525,3.29911647624706,51.66944873815752
active,82.0,C09,1740.0,1740.0,1.0,3.01846688320194,3.2985156773226736,51.67101376893892
active,82.0,S01,1240.0,1240.0,1.0,1.7670308731657576,1.2275407745207696,69.13598196193705
active,82.0,S02,1240.0,1240.0,1.0,1.7675796677205289,1.2279232755224232,69.13531811701995
active,82.0,S03,1240.0,1240.0,1.0,1.7681092232363282,1.2282974626990706,69.13466919042003
active,82.0,S04,1240.0,1240.0,1.0,1.768619828741696,1.2286632813863971,69.13403520918844
active,82.0,S05,1240.0,1240.0,1.0,1.7691117788349955,1.229020678788983,69.13341619648396
active,82.0,S06,1240.0,1240.0,1.0,1.7695853735396267,1.229369603931206,69.13281217166117
active,82.0,S07,1240.0,1240.0,1.0,1.7700409181592747,1.2297100076036913,69.132223150366
active,82.0,S08,1240.0,1240.0,1.0,1.770478723133451,1.2300418423050248,69.13164914463357
active,82.0,S09,1240.0,1240.0,1.0,1.7708991038935997,1.230365062178411,69.13109016299332
active,82.0,C10,1740.0,1740.0,1.0,3.020164777362362,3.2944500116959903,51.682248524226054
active,82.0,C11,1740.0,1740.0,1.0,3.020273754936179,3.2942025370091166,51.68299698260541
active,82.0,C12,1740.0,1740.0,1.0,3.020361658894859,3.2939983542765234,51.6835929638435
active,82.0,C13,1740.0,1740.0,1.0,3.02043105549189,3.2938322087203824,51.68405511305457
active,82.0,C14,1740.0,1740.0,1.0,3.0204845429212526,3.2936987904622494,51.68440231315641
active,82.0,C15,1740.0,1740.0,1.0,3.020524755662245,3.293592721061691,51.684653709435224
active,82.0,C16,1740.0,1740.0,1.0,3.0205543724773243,3.2935093270534406,51.684828747513876
active,82.0,C17,1740.0,1740.0,1.0,3.0205756267636796,3.2934441460066166,51.6849465668748
active,82.0,C18,1740.0,1740.0,1.0,3.020592020478515,3.293387161608465,51.685026659552115
active,84.0,C01,0.0,0.0,0.0,3.2176542233768597,0.0,51.18896659628735
active,84.0,C02,1740.0,1740.0,1.0,2.9255149834421585,3.148445356782109,51.70749983521094
active,84.0,C03,1740.0,1740.0,1.0,2.9260236501905297,3.147564507278755,51.71075525271906
active,84.0,C04,1740.0,1740.0,1.0,2.9264840164015427,3.146760575519687,51.7136874742488
active,84.0,C05,1740.0,1740.0,1.0,2.9268983478082653,3.1460299660422932,51.71631201340456
active,84.0,C06,1740.0,1740.0,1.0,2.927268957442935,3.1453690740791425,51.718644785171705
active,84.0,C07,1740.0,1740.0,1.0,2.927598202287984,3.1447742845943645,51.72070207465856
active,84.0,C08,1740.0,1740.0,1.0,2.9278884801496203,3.1442419712198415,51.72250050759856
active,84.0,C09,1740.0,1740.0,1.0,2.9281422267907615,3.143768495074345,51.72405702297291
active,84.0,S01,1240.0,1240.0,1.0,1.7670308731657576,1.2250702990842715,69.14052876965734
active,84.0,S02,1240.0,1240.0,1.0,1.7675796677205289,1.225469153146128,69.1398024181374
active,84.0,S03,1240.0,1240.0,1.0,1.7681092232363282,1.2258592343418806,69.1390923328269
active,84.0,S04,1240.0,1240.0,1.0,1.768619828741696,1.2262404844989103,69.13839854927764
active,84.0,S05,1240.0,1240.0,1.0,1.7691117788349955,1.2266128473782938,69.13772109886979
active,84.0,S06,1240.0,1240.0,1.0,1.7695853735396267,1.2269762686209038,69.13706000890862
active,84.0,S07,1240.0,1240.0,1.0,1.7700409181592747,1.2273306956885393,69.136415302729
active,84.0,S08,1240.0,1240.0,1.0,1.770478723133451,1.2276760777997502,69.13578699980327
active,84.0,S09,1240.0,1240.0,1.0,1.7708991038935997,1.2280123658599456,69.1351751158568
active,84.0,C10,1740.0,1740.0,1.0,2.9299159679404445,3.1405975730082396,51.735222679218246
active,84.0,C11,1740.0,1740.0,1.0,2.9300294291367877,3.1404077504804158,51.73596576975264
active,84.0,C12,1740.0,1740.0,1.0,2.9301210859975537,3.1402495848889234,51.736557717170825
active,84.0,C13,1740.0,1740.0,1.0,2.9301935927630267,3.140119246645421,51.73701700155938
active,84.0,C14,1740.0,1740.0,1.0,2.930249636635046,3.140012865748247,51.73736233858125
active,84.0,C15,1740.0,1740.0,1.0,2.930291942357425,3.139926521308448,51.73761270398327
active,84.0,C16,1740.0,1740.0,1.0,2.930323257049056,3.1398575857685445,51.737787342992156
active,84.0,C17,1740.0,1740.0,1.0,2.9303458879148554,3.1398018132824754,51.73790520059505
active,84.0,C18,1740.0,1740.0,1.0,2.930363542230928,3.1397514289279496,51.737985743304186
active,86.0,C01,0.0,0.0,0.0,3.2176542233768597,0.0,51.13392706987183
active,86.0,C02,1740.0,1740.0,1.0,2.842124042069638,3.0021490980455408,51.76489669806936
active,86.0,C03,1740.0,1740.0,1.0,2.842647488992715,3.0014894546316224,51.76812497285444
active,86.0,C04,1740.0,1740.0,1.0,2.843121463487664,3.0008851186970804,51.771033139113854
active,86.0,C05,1740.0,1740.0,1.0,2.8435482810777346,3.0003335747413447,51.77363655336491
active,86.0,C06,1740.0,1740.0,1.0,2.8439303045851094,2.9998323073968556,51.775950967719474
active,86.0,C07,1740.0,1740.0,1.0,2.844269940814449,2.999378800085438,51.77799249912153
active,86.0,C08,1740.0,1740.0,1.0,2.844569637459623,2.998970533637794,51.779777600320465
active,86.0,C09,1740.0,1740.0,1.0,2.8448318802702364,2.9986049848708896,51.78132303293455
active,86.0,S01,1240.0,1240.0,1.0,1.7670308731657576,1.2225021835249723,69.14493979935826
active,86.0,S02,1240.0,1240.0,1.0,1.7675796677205289,1.2229157327708884,69.14414792828579
active,86.0,S03,1240.0,1240.0,1.0,1.7681092232363282,1.2233200800466604,69.14337375545065
active,86.0,S04,1240.0,1240.0,1.0,1.768619828741696,1.223715163929066,69.14261732540349
active,86.0,S05,1240.0,1240.0,1.0,1.7691117788349955,1.2241009249841466,69.14187867823449
active,86.0,S06,1240.0,1240.0,1.0,1.7695853735396267,1.2244773057083755,69.14115784967949
active,86.0,S07,1240.0,1240.0,1.0,1.7700409181592747,1.2248442504643082,69.14045487123462
active,86.0,S08,1240.0,1240.0,1.0,1.770478723133451,1.2252017054103121,69.13976977027508
active,86.0,S09,1240.0,1240.0,1.0,1.7708991038935997,1.2255496184238655,69.13910257018254
active,86.0,C10,1740.0,1740.0,1.0,2.846660846724277,2.996188436431275,51.79240145722481
active,86.0,C11,1740.0,1740.0,1.0,2.8467774425868724,2.9960468047895685,51.79313800660666
active,86.0,C12,1740.0,1740.0,1.0,2.8468717840733304,2.9959272192814725,51.79372498851121
active,86.0,C13,1740.0,1740.0,1.0,2.8469465791055444,2.9958270258406317,51.7941806885035
active,86.0,C14,1740.0,1740.0,1.0,2.8470045691716273,2.9957435422789063,51.79452362514398
active,86.0,C15,1740.0,1740.0,1.0,2.847048534087116,2.9956740503166563,51.794772574387686
active,86.0,C16,1740.0,1740.0,1.0,2.8470812349308634,2.99561746144229,51.79494653562465
active,86.0,C17,1740.0,1740.0,1.0,2.847105054750764,2.9955698992529176,51.79506425984503
active,86.0,C18,1740.0,1740.0,1.0,2.847123852751438,2.995525515276454,51.79514514079213
active,88.0,C01,0.0,0.0,0.0,3.2176542233768597,0.0,51.09618568032977
active,88.0,C02,1740.0,1740.0,1.0,2.7654754697155335,2.866163293410332,51.82646601637241
active,88.0,C03,1740.0,1740.0,1.0,2.7660083592042817,2.8656866433507484,51.829662504675
active,88.0,C04,1740.0,1740.0,1.0,2.766491132896523,2.86524762975476,51.832542425418026
active,88.0,C05,1740.0,1740.0,1.0,2.766926130647032,2.8648446106996337,51.83512095631439
active,88.0,C06,1740.0,1740.0,1.0,2.767315739095402,2.864475952079081,51.837413664499046
active,88.0,C07,1740.0,1740.0,1.0,2.767662388417951,2.864140025952159,51.83943647628738
active,88.0,C08,1740.0,1740.0,1.0,2.7679685493008694,2.863835208906274,51.84120564864298
active,88.0,C09,1740.0,1740.0,1.0,2.768236730170657,2.86355988043722,51.842737742702944
active,88.0,S01,1240.0,1240.0,1.0,1.7670308731657576,1.2198623372288748,69.1493678132637
active,88.0,S02,1240.0,1240.0,1.0,1.7675796677205289,1.2202889770641023,69.14850772927555
active,88.0,S03,1240.0,1240.0,1.0,1.7681092232363282,1.2207060175590934,69.14766685465572
active,88.0,S04,1240.0,1240.0,1.0,1.768619828741696,1.2211133943005024,69.14684524340245
active,88.0,S05,1240.0,1240.0,1.0,1.7691117788349955,1.2215110449109474,69.14604294475694
active,88.0,S06,1240.0,1240.0,1.0,1.7695853735396267,1.2218989089851582,69.14526000331988
active,88.0,S07,1240.0,1240.0,1.0,1.7700409181592747,1.2222769280200412,69.1444964591772
active,88.0,S08,1240.0,1240.0,1.0,1.770478723133451,1.2226450453381632,69.1437523480309
active,88.0,S09,1240.0,1240.0,1.0,1.7708991038935997,1.2230032060040417,69.14302770133962
active,88.0,C10,1740.0,1740.0,1.0,2.770102824299179,2.8617702964990333,51.85371313663726
active,88.0,C11,1740.0,1740.0,1.0,2.7702213807793448,2.8616683458011862,51.85444213650963
active,88.0,C12,1740.0,1740.0,1.0,2.7703174755797666,2.861580636781616,51.855023349861746
active,88.0,C13,1740.0,1740.0,1.0,2.770393840658559,2.8615054684564174,51.85547484270598
active,88.0,C14,1740.0,1740.0,1.0,2.7704532417887515,2.861441121825819,51.85581491117211
active,88.0,C15,1740.0,1740.0,1.0,2.770498483450105,2.861385853974971,51.856062105751946
active,88.0,C16,1740.0,1740.0,1.0,2.7705322975298285,2.861339702807707,51.85623514264878
active,88.0,C17,1740.0,1740.0,1.0,2.770557139871694,2.8612991536754198,51.856352581205584
active,88.0,C18,1740.0,1740.0,1.0,2.770576973350962,2.861260172316758,51.85643369460663
active,90.0,C01,0.0,0.0,0.0,3.2176542233768597,0.0,51.07030587035806
active,90.0,C02,1740.0,1740.0,1.0,2.6952462584735897,2.740695190930184,51.89206710500119
active,90.0,C03,1740.0,1740.0,1.0,2.6957839714069514,2.740367777516154,51.89522785318359
active,90.0,C04,1740.0,1740.0,1.0,2.6962713791492927,2.740063777320096,51.898075955528384
active,90.0,C05,1740.0,1740.0,1.0,2.696710824075981,2.739782243356937,51.900626392846725
active,90.0,C06,1740.0,1740.0,1.0,2.6971046944258514,2.739522242520552,51.90289452891361
active,90.0,C07,1740.0,1740.0,1.0,2.6974554211487582,2.7392828536977545,51.904896080764345
active,90.0,C08,1740.0,1740.0,1.0,2.697765474970379,2.7390631659351428,51.906647090672436
active,90.0,C09,1740.0,1740.0,1.0,2.6980373637094006,2.738862276669251,51.90816390015097
active,90.0,S01,1240.0,1240.0,1.0,1.7670308731657576,1.2171852275387844,69.1539297741144
active,90.0,S02,1240.0,1240.0,1.0,1.7675796677205289,1.2176234439358338,69.15299910799028
active,90.0,S03,1240.0,1240.0,1.0,1.7681092232363282,1.2180516960144057,69.15208923579749
active,90.0,S04,1240.0,1240.0,1.0,1.768619828741696,1.2184699166277235,69.15120022137977
active,90.0,S05,1240.0,1240.0,1.0,1.7691117788349955,1.21887804070341,69.15033212352144
active,90.0,S06,1240.0,1240.0,1.0,1.7695853735396267,1.2192760051745881,69.14948499607524
active,90.0,S07,1240.0,1240.0,1.0,1.7700409181592747,1.2196637489043016,69.14865888810029
active,90.0,S08,1240.0,1240.0,1.0,1.770478723133451,1.2200412126026652,69.14785384400615
active,90.0,S09,1240.0,1240.0,1.0,1.7708991038935997,1.2204083387360058,69.14706990370777
active,90.0,C10,1740.0,1740.0,1.0,2.6999248984162563,2.7375867437490045,51.919022763889714
active,90.0,C11,1740.0,1740.0,1.0,2.700044407251684,2.7375169991233013,51.919743365988545
active,90.0,C12,1740.0,1740.0,1.0,2.7001414539208897,2.7374552657127484,51.92031813260023
active,90.0,C13,1740.0,1740.0,1.0,2.7002187691825497,2.737400602089625,51.92076488948461
active,90.0,C14,1740.0,1740.0,1.0,2.700279117558879,2.7373520569721697,51.921101689397865
active,90.0,C15,1740.0,1740.0,1.0,2.7003253023128444,2.7373086650153184,51.92134683614113
active,90.0,C16,1740.0,1740.0,1.0,2.7003599927612365,2.7372712623103745,51.921518733847776
active,90.0,C17,1740.0,1740.0,1.0,2.7003857141021204,2.737236751253353,51.92163575180655
active,90.0,C18,1740.0,1740.0,1.0,2.7004064832596306,2.7372025957024353,51.92171699758778
active,92.0,C01,0.0,0.0,0.0,3.2176542233768597,0.0,51.0525597149489
active,92.0,C02,1740.0,1740.0,1.0,2.631097293723081,2.6256896014907296,51.96151242320266
active,92.0,C03,1740.0,1740.0,1.0,2.631635888717773,2.6254821967565825,51.96463414302952
active,92.0,C04,1740.0,1740.0,1.0,2.6321243730136628,2.6252869395366267,51.96744744983818
active,92.0,C05,1740.0,1740.0,1.0,2.632565073135563,2.62510342621479,51.969967112901536
active,92.0,C06,1740.0,1740.0,1.0,2.6329603602354603,2.624931271663341,51.97220827780094
active,92.0,C07,1740.0,1740.0,1.0,2.6333126470558095,2.62477010718962,51.974186437271285
active,92.0,C08,1740.0,1740.0,1.0,2.6336243851044405,2.6246195785652104,51.97591740369838
active,92.0,C09,1740.0,1740.0,1.0,2.633898062075116,2.6244793441523506,51.97741728360446
active,92.0,S01,1240.0,1240.0,1.0,1.7670308731657576,1.2145082026328102,69.15871329287717
active,92.0,S02,1240.0,1240.0,1.0,1.7675796677205289,1.2149565958577977,69.1577099967527
active,92.0,S03,1240.0,1240.0,1.0,1.7681092232363282,1.2153946919069154,69.15672914641509
active,92.0,S04,1240.0,1240.0,1.0,1.768619828741696,1.2158224211479223,69.15577081590068
active,92.0,S05,1240.0,1240.0,1.0,1.7691117788349955,1.216239716053924,69.15483507388002
active,92.0,S06,1240.0,1240.0,1.0,1.7695853735396267,1.2166465111294467,69.15392198379777
active,92.0,S07,1240.0,1240.0,1.0,1.7700409181592747,1.2170427428292163,69.15303160402415
active,92.0,S08,1240.0,1240.0,1.0,1.770478723133451,1.2174283494689375,69.15216398801346
active,92.0,S09,1240.0,1240.0,1.0,1.7708991038935997,1.2178032711272189,69.15131918447463
active,92.0,C10,1740.0,1740.0,1.0,2.635793621468611,2.6236197811772635,51.988148331617424
active,92.0,C11,1740.0,1740.0,1.0,2.6359132293580734,2.6235758068870876,51.988859839895404
active,92.0,C12,1740.0,1740.0,1.0,2.636010547883671,2.6235349572684474,51.98942760037152
active,92.0,C13,1740.0,1740.0,1.0,2.6360882854832832,2.6234968854623593,51.98986918195789
active,92.0,C14,1740.0,1740.0,1.0,2.636149184057965,2.62346124122594,51.99020237724929
active,92.0,C15,1740.0,1740.0,1.0,2.6361960239944735,2.6234276680856863,51.99044522633942
active,92.0,C16,1740.0,1740.0,1.0,2.636231387021041,2.6233975446640687,51.99061580039491
active,92.0,C17,1740.0,1740.0,1.0,2.6362578613174987,2.6233682255230146,51.990732278305195
active,92.0,C18,1740.0,1740.0,1.0,2.636279474366988,2.6233383528198235,51.990813562130434
active,94.0,C01,0.0,0.0,0.0,3.2176542233768597,0.0,51.04039092266832
active,94.0,C02,1740.0,1740.0,1.0,2.572677775804811,2.5208808159595084,52.034579572428285
active,94.0,C03,1740.0,1740.0,1.0,2.5732139426648057,2.520768539894997,52.03765960372256
active,94.0,C04,1740.0,1740.0,1.0,2.573700512179107,2.5206596393913046,52.04043570066478
active,94.0,C05,1740.0,1740.0,1.0,2.574139779848126,2.5205541277850276,52.0429224095861
active,94.0,C06,1740.0,1740.0,1.0,2.574534084327096,2.520452040242338,52.04513464635085
active,94.0,C07,1740.0,1740.0,1.0,2.574885804519201,2.520353431600072,52.0470876677548
active,94.0,C08,1740.0,1740.0,1.0,2.5751973568734643,2.5202583743101616,52.04879704454574
active,94.0,C09,1740.0,1740.0,1.0,2.5754711929201477,2.5201669565056775,52.050278636396364
active,94.0,S01,1240.0,1240.0,1.0,1.7670308731657576,1.2118673879836037,69.16378165013913
active,94.0,S02,1240.0,1240.0,1.0,1.7675796677205289,1.2123246849881724,69.16270398860755
active,94.0,S03,1240.0,1240.0,1.0,1.7681092232363282,1.2127713830967042,69.16165048556923
active,94.0,S04,1240.0,1240.0,1.0,1.768619828741696,1.2132074104272703,69.1606212255503
active,94.0,S05,1240.0,1240.0,1.0,1.7691117788349955,1.2136326972276192,69.15961628740232
active,94.0,S06,1240.0,1240.0,1.0,1.7695853735396267,1.2140471757962867,69.15863574445532
active,94.0,S07,1240.0,1240.0,1.0,1.7700409181592747,1.214450780395785,69.15767966468371
active,94.0,S08,1240.0,1240.0,1.0,1.770478723133451,1.2148434471570406,69.15674811088057
active,94.0,S09,1240.0,1240.0,1.0,1.7708991038935997,1.2152251139740944,69.15584114084508
active,94.0,C10,1740.0,1740.0,1.0,2.5773634742321523,2.5196395953569843,52.06087267341905
active,94.0,C11,1740.0,1740.0,1.0,2.5774824708449136,2.519615943578319,52.06157453374231
active,94.0,C12,1740.0,1740.0,1.0,2.577579493302423,2.519591657454597,52.062134839572515
active,94.0,C13,1740.0,1740.0,1.0,2.5776572103880224,2.5195668464821965,52.062570890186045
active,94.0,C14,1740.0,1740.0,1.0,2.577718323845053,2.5195416217998603,52.06290020508173
active,94.0,C15,1740.0,1740.0,1.0,2.5777655734098204,2.5195164536055614,52.06314054075454
active,94.0,C16,1740.0,1740.0,1.0,2.5778014352495484,2.519492349464223,52.06330963516887
active,94.0,C17,1740.0,1740.0,1.0,2.577828551510833,2.5194674750281822,52.06342546769478
active,94.0,C18,1740.0,1740.0,1.0,2.5778509242422882,2.5194413838008742,52.06350670109824
active,96.0,C01,0.0,0.0,0.0,3.2176542233768597,0.0,51.03204660796165
active,96.0,C02,1740.0,1740.0,1.0,2.5196298162654474,2.4258444506727863,52.111020921101556
active,96.0,C03,1740.0,1740.0,1.0,2.5201608254405516,2.425806430801971,52.114057185011745
active,96.0,C04,1740.0,1740.0,1.0,2.5206430099231434,2.425765086102878,52.11679417917414
active,96.0,C05,1740.0,1740.0,1.0,2.521078621945882,2.4257207429866563,52.119246218532304
active,96.0,C06,1740.0,1740.0,1.0,2.521469955254491,2.4256737519563667,52.121427980733706
active,96.0,C07,1740.0,1740.0,1.0,2.521819342339928,2.4256244853957134,52.1233544780807
active,96.0,C08,1740.0,1740.0,1.0,2.522129151867558,2.425573335475348,52.125041031074
active,96.0,C09,1740.0,1740.0,1.0,2.5224017863346706,2.4255207121969535,52.12650324387163
active,96.0,S01,1240.0,1240.0,1.0,1.7670308731657576,1.2092950332888064,69.1691778635325
active,96.0,S02,1240.0,1240.0,1.0,1.7675796677205289,1.2097600913864188,69.16802439998058
active,96.0,S03,1240.0,1240.0,1.0,1.7681092232363282,1.2102142785082912,69.16689686188832
active,96.0,S04,1240.0,1240.0,1.0,1.768619828741696,1.210657520744166,69.16579534452076
active,96.0,S05,1240.0,1240.0,1.0,1.7691117788349955,1.2110897463320662,69.16471993715862
active,96.0,S06,1240.0,1240.0,1.0,1.7695853735396267,1.2115108855745587,69.16367072326572
active,96.0,S07,1240.0,1240.0,1.0,1.7700409181592747,1.2119208707464486,69.16264778067027
active,96.0,S08,1240.0,1240.0,1.0,1.770478723133451,1.2123196359929658,69.16165118175614
active,96.0,S09,1240.0,1240.0,1.0,1.7708991038935997,1.212707117217296,69.16068099366868
active,96.0,C10,1740.0,1740.0,1.0,2.5242814292677935,2.4252550324863877,52.13695301082422
active,96.0,C11,1740.0,1740.0,1.0,2.5243992345511557,2.425247158340734,52.1376447989253
active,96.0,C12,1740.0,1740.0,1.0,2.524495495212119,2.4252358223868855,52.138197303226654
active,96.0,C13,1740.0,1740.0,1.0,2.524572826487707,2.425221476457991,52.138627544042365
active,96.0,C14,1740.0,1740.0,1.0,2.524633875910286,2.4252045778438123,52.138952758343684
active,96.0,C15,1740.0,1740.0,1.0,2.5246813132804107,2.4251863752353544,52.13919039713222
active,96.0,C16,1740.0,1740.0,1.0,2.5247175271622573,2.425167320210325,52.13935788019875
active,96.0,C17,1740.0,1740.0,1.0,2.5247451880720293,2.4251462379925592,52.139472974970055
active,96.0,C18,1740.0,1740.0,1.0,2.524768243395167,2.425123472107717,52.139554075482735
active,98.0,C01,0.0,0.0,0.0,3.2176542233768597,0.0,51.026324792162775
active,98.0,C02,1740.0,1740.0,1.0,2.4715930032795956,2.340044929245514,52.19057172571469
active,98.0,C03,1740.0,1740.0,1.0,2.4721166529240617,2.3400638754692835,52.19356267177345
active,98.0,C04,1740.0,1740.0,1.0,2.4725924559634866,2.340074494806387,52.19625914464202
active,98.0,C05,1740.0,1740.0,1.0,2.4730226117682883,2.3400773425095873,52.19867522208321
active,98.0,C06,1740.0,1740.0,1.0,2.4734093594665474,2.34007299928941,52.20082533773602
active,98.0,C07,1740.0,1740.0,1.0,2.473754975320445,2.3400620690954015,52.20272425361502
active,98.0,C08,1740.0,1740.0,1.0,2.4740617702913306,2.340045177023366,52.20438703417223
active,98.0,C09,1740.0,1740.0,1.0,2.4743320878233024,2.340022967370373,52.205829022237914
active,98.0,S01,1240.0,1240.0,1.0,1.7670308731657576,1.2068180351394349,69.17492810006969
active,98.0,S02,1240.0,1240.0,1.0,1.7675796677205289,1.2072898393421612,69.1736976795605
active,98.0,S03,1240.0,1240.0,1.0,1.7681092232363282,1.207750528295444,69.17249499913206
active,98.0,S04,1240.0,1240.0,1.0,1.768619828741696,1.2082000262663917,69.17132016499154
active,98.0,S05,1240.0,1240.0,1.0,1.7691117788349955,1.208638259684151,69.17017327705277
active,98.0,S06,1240.0,1240.0,1.0,1.7695853735396267,1.2090651570514697,69.16905442911865
active,98.0,S07,1240.0,1240.0,1.0,1.7700409181592747,1.2094806488470433,69.16796370907916
active,98.0,S08,1240.0,1240.0,1.0,1.770478723133451,1.209884667417591,69.16690119912074
active,98.0,S09,1240.0,1240.0,1.0,1.7708991038935997,1.210277146858339,69.16586697595179
active,98.0,C10,1740.0,1740.0,1.0,2.476191496646058,2.3399603340445885,52.21612902208539
active,98.0,C11,1740.0,1740.0,1.0,2.4763076478201382,2.3399644937022326,52.216810430460335
active,98.0,C12,1740.0,1740.0,1.0,2.4764027730173996,2.3399631232232605,52.21735487788954
active,98.0,C13,1740.0,1740.0,1.0,2.4764794231246685,2.3399569240048166,52.21777909948647
active,98.0,C14,1740.0,1740.0,1.0,2.47654018053459,2.3399466057130405,52.21810004338828
active,98.0,C15,1740.0,1740.0,1.0,2.476587614639772,2.3399339299698965,52.218334836168964
active,98.0,C16,1740.0,1740.0,1.0,2.476624053513604,2.3399191495988867,52.218500596255
active,98.0,C17,1740.0,1740.0,1.0,2.4766521740992293,2.339901294761847,52.21861487281431
active,98.0,C18,1740.0,1740.0,1.0,2.4766758415896253,2.339881444021756,52.21869576403277
active,100.0,C01,0.0,0.0,0.0,3.2176542233768597,0.0,51.02240126132927
active,100.0,C02,5800.0,5800.0,1.0,2.7153405304091924,2.7066980496482147,52.92006218716303
active,100.0,C03,5800.0,5800.0,1.0,2.7158171823388053,2.7062345075031193,52.92301487038297
active,100.0,C04,5800.0,5800.0,1.0,2.716250296918487,2.7058089596213843,52.92567718971238
active,100.0,C05,5800.0,5800.0,1.0,2.7166418719697796,2.705419694765921,52.92806301901207
active,100.0,C06,5800.0,5800.0,1.0,2.7169939421572034,2.705065003274309,52.93018658172883
active,100.0,C07,5800.0,5800.0,1.0,2.7173085765412948,2.704743175979856,52.93206242390914
active,100.0,C08,5800.0,5800.0,1.0,2.7175878763048855,2.7044525031125097,52.9337053887482
active,100.0,C09,5800.0,5800.0,1.0,2.717833972680128,2.704191273177361,52.935130592984514
active,100.0,S01,1240.0,1240.0,1.0,1.7670308731657576,1.1876466854750047,69.18193620556458
active,100.0,S02,1240.0,1240.0,1.0,1.7675796677205289,1.1880693998904261,69.18063061803925
active,100.0,S03,1240.0,1240.0,1.0,1.7681092232363282,1.1884825126872325,69.17935453844947
active,100.0,S04,1240.0,1240.0,1.0,1.768619828741696,1.1888859585594247,69.17810808361449
active,100.0,S05,1240.0,1240.0,1.0,1.7691117788349955,1.189279674199898,69.17689136375856
active,100.0,S06,1240.0,1240.0,1.0,1.7695853735396267,1.18966359823442,69.17570448270808
active,100.0,S07,1240.0,1240.0,1.0,1.7700409181592747,1.1900376711492187,69.17454753810566
active,100.0,S08,1240.0,1240.0,1.0,1.770478723133451,1.1904018352116121,69.17342062163684
active,100.0,S09,1240.0,1240.0,1.0,1.7708991038935997,1.1907560343830041,69.17232381927454
active,100.0,C10,5800.0,5800.0,1.0,2.7195268982461753,2.7024579924342147,52.945305165315126
active,100.0,C11,5800.0,5800.0,1.0,2.7196326569731304,2.7023554291673975,52.9459777755678
active,100.0,C12,5800.0,5800.0,1.0,2.719719271621704,2.702267874828557,52.94651543641281
active,100.0,C13,5800.0,5800.0,1.0,2.7197890645015317,2.7021935293645276,52.94693463566579
active,100.0,C14,5800.0,5800.0,1.0,2.719844386729602,2.702130573267992,52.94725207098214
active,100.0,C15,5800.0,5800.0,1.0,2.7198875776784113,2.7020770879445157,52.947484599202625
active,100.0,C16,5800.0,5800.0,1.0,2.719920757056054,2.70203294385092,52.94764904671468
active,100.0,C17,5800.0,5800.0,1.0,2.71994636228229,2.701994526323252,52.94776278275126
active,100.0,C18,5800.0,5800.0,1.0,2.7199679127768954,2.7019582313352015,52.94784367790632
active,102.0,C01,0.0,0.0,0.0,3.2176542233768597,0.0,51.01971084018629
active,102.0,C02,5800.0,5800.0,1.0,2.938941377146726,3.3124572041112947,53.61743442613125
active,102.0,C03,5800.0,5800.0,1.0,2.939381770051129,3.311397840687734,53.62036080304693
active,102.0,C04,5800.0,5800.0,1.0,2.9397819473103772,3.3104358635499986,53.6229997272024
active,102.0,C05,5800.0,5800.0,1.0,2.940143752057319,3.309566579567099,53.62536492747162
active,102.0,C06,5800.0,5800.0,1.0,2.9404690618915144,3.3087852711210504,53.62747047686533
active,102.0,C07,5800.0,5800.0,1.0,2.9407597865801787,3.308087196135384,53.629330766007506
active,102.0,C08,5800.0,5800.0,1.0,2.9410178659201507,3.3074675879088473,53.630960478124344
active,102.0,C09,5800.0,5800.0,1.0,2.9412452677864978,3.306921654722501,53.63237456585089
active,102.0,S01,1240.0,1240.0,1.0,1.7670308731657576,1.2790622897306834,69.1850376302002
active,102.0,S02,1240.0,1240.0,1.0,1.7675796677205289,1.2794788113863211,69.18366006379587
active,102.0,S03,1240.0,1240.0,1.0,1.7681092232363282,1.2798862146777426,69.18231367740464
active,102.0,S04,1240.0,1240.0,1.0,1.768619828741696,1.2802844403884195,69.18099859772123
active,102.0,S05,1240.0,1240.0,1.0,1.7691117788349955,1.2806734313345065,69.17971494455382
active,102.0,S06,1240.0,1240.0,1.0,1.7695853735396267,1.2810531323096068,69.17846283103457
active,102.0,S07,1240.0,1240.0,1.0,1.7700409181592747,1.2814234900245054,69.17724236384818
active,102.0,S08,1240.0,1240.0,1.0,1.770478723133451,1.2817844530415283,69.17605364347459
active,102.0,S09,1240.0,1240.0,1.0,1.7708991038935997,1.2821359717031215,69.17489676445055
active,102.0,C10,5800.0,5800.0,1.0,2.9428096731706397,3.3032254873814475,53.64246308165137
active,102.0,C11,5800.0,5800.0,1.0,2.9429074078361603,3.303000783259796,53.64312936766129
active,102.0,C12,5800.0,5800.0,1.0,2.9429874513243703,3.302817455835484,53.64366217555569
active,102.0,C13,5800.0,5800.0,1.0,2.943051949525243,3.3026704648701863,53.64407781208926
active,102.0,C14,5800.0,5800.0,1.0,2.94310307502927,3.302554718188861,53.64439279139659
active,102.0,C15,5800.0,5800.0,1.0,2.943142989633966,3.302464987915661,53.64462377768769
active,102.0,C16,5800.0,5800.0,1.0,2.9431736521800067,3.3023962409713725,53.64478738938436
active,102.0,C17,5800.0,5800.0,1.0,2.9431973151514805,3.3023449197677093,53.644900815685524
active,102.0,C18,5800.0,5800.0,1.0,2.9432172309834908,3.302302083041241,53.64498181825713
active,104.0,C01,0.0,0.0,0.0,3.2176542233768597,0.0,51.01786597997396
active,104.0,C02,5800.0,5800.0,1.0,3.146693286694355,3.87607947840442,54.28118477304433
active,104.0,C03,5800.0,5800.0,1.0,3.1471046077833407,3.87433404144064,54.28409978417817
active,104.0,C04,5800.0,5800.0,1.0,3.147478374819153,3.872755734463709,54.28672872492083
active,104.0,C05,5800.0,5800.0,1.0,3.1478163073762597,3.8713362789945034,54.28908525543434
active,104.0,C06,5800.0,5800.0,1.0,3.1481201575167654,3.8700673421210507,54.29118337574819
active,104.0,C07,5800.0,5800.0,1.0,3.148391707616656,3.868940537764125,54.29303739962089
active,104.0,C08,5800.0,5800.0,1.0,3.1486327683430693,3.867947427537166,54.29466192989737
active,104.0,C09,5800.0,5800.0,1.0,3.1488451768066796,3.867079521131556,54.29607183566414
active,104.0,S01,1240.0,1240.0,1.0,1.7589536743647178,1.3405657232790322,69.18201470272533
active,104.0,S02,1240.0,1240.0,1.0,1.759468623689958,1.340922362765572,69.18057188107788
active,104.0,S03,1240.0,1240.0,1.0,1.7599651058038992,1.3412712841430825,69.1791617376405
active,104.0,S04,1240.0,1240.0,1.0,1.7604434132611448,1.3416124481176384,69.17778440735844
active,104.0,S05,1240.0,1240.0,1.0,1.7609038439748703,1.341945817387293,69.1764400180125
active,104.0,S06,1240.0,1240.0,1.0,1.7613467010778823,1.3422713565978464,69.17512869044135
active,104.0,S07,1240.0,1240.0,1.0,1.7617722927841317,1.3425890322950758,69.17385053878265
active,104.0,S08,1240.0,1240.0,1.0,1.7621809322509572,1.3428988128732813,69.17260567072921
active,104.0,S09,1240.0,1240.0,1.0,1.7625729374423538,1.3432006685199682,69.17139418780535
active,104.0,C10,5800.0,5800.0,1.0,3.150306492189119,3.861123443916266,54.306122997078134
active,104.0,C11,5800.0,5800.0,1.0,3.15039778969564,3.8607537721874876,54.30678607289055
active,104.0,C12,5800.0,5800.0,1.0,3.150472561517547,3.8604568871564933,54.307316443026714
active,104.0,C13,5800.0,5800.0,1.0,3.1505328120536307,3.860223875596965,54.30773031919502
active,104.0,C14,5800.0,5800.0,1.0,3.150580570699465,3.860045734937706,54.30804411894679
active,104.0,C15,5800.0,5800.0,1.0,3.1506178568105945,3.8599132864732963,54.30827440697947
active,104.0,C16,5800.0,5800.0,1.0,3.150646500181958,3.8598168224688982,54.30843770418081
active,104.0,C17,5800.0,5800.0,1.0,3.1506686049372292,3.8597494380053026,54.30855106145338
active,104.0,C18,5800.0,5800.0,1.0,3.1506872093212213,3.8596991622824084,54.30863222345837
active,106.0,C01,0.0,0.0,0.0,3.2176542233768597,0.0,51.01660093297123
active,106.0,C02,5800.0,5800.0,1.0,3.341553660013489,4.383916035303619,54.91224813673763
active,106.0,C03,5800.0,5800.0,1.0,3.341940998065848,4.3814380350946385,54.91516775218639
active,106.0,C04,5800.0,5800.0,1.0,3.342292976711712,4.379202778127246,54.91780101833483
active,106.0,C05,5800.0,5800.0,1.0,3.34261121388745,4.377198027698536,54.92016161034397
active,106.0,C06,5800.0,5800.0,1.0,3.342897358338363,4.375411460536702,54.92226354046171
active,106.0,C07,5800.0,5800.0,1.0,3.34315308755246,4.3738306693774165,54.92412113216294
active,106.0,C08,5800.0,5800.0,1.0,3.3433801058369004,4.372443164900317,54.92574899577728
active,106.0,C09,5800.0,5800.0,1.0,3.343580142559905,4.371236376913624,54.927162005903796
active,106.0,S01,1240.0,1240.0,1.0,1.7464516060697686,1.3787770979926606,69.17250265061618
active,106.0,S02,1240.0,1240.0,1.0,1.7469385659603165,1.3790787422603776,69.17100330244224
active,106.0,S03,1240.0,1240.0,1.0,1.7474077100630347,1.3793737433445084,69.16953792418701
active,106.0,S04,1240.0,1240.0,1.0,1.7478593320918883,1.3796620843331968,69.16810665669259
active,106.0,S05,1240.0,1240.0,1.0,1.748293730919735,1.3799437503171543,69.16670963337236
active,106.0,S06,1240.0,1240.0,1.0,1.7487112104440359,1.3802187283511456,69.165346980443
active,106.0,S07,1240.0,1240.0,1.0,1.7491120794532844,1.3804870074130096,69.16401881717594
active,106.0,S08,1240.0,1240.0,1.0,1.7494966514944417,1.3807485783601843,69.16272525616495
active,106.0,S09,1240.0,1240.0,1.0,1.7498652447416854,1.3810034338836947,69.16146640361438
active,106.0,C10,5800.0,5800.0,1.0,3.344956384910143,4.362866864603412,54.9372278275302
active,106.0,C11,5800.0,5800.0,1.0,3.345042369767743,4.362338636776765,54.93789110784266
active,106.0,C12,5800.0,5800.0,1.0,3.345112790788549,4.361917641169185,54.93842168263968
active,106.0,C13,5800.0,5800.0,1.0,3.345169535621294,4.361590706790624,54.93883576386683
active,106.0,C14,5800.0,5800.0,1.0,3.3452145154969046,4.36134453329129,54.939149768805216
active,106.0,C15,5800.0,5800.0,1.0,3.3452496322211895,4.36116560188456,54.93938026273202
active,106.0,C16,5800.0,5800.0,1.0,3.3452766090909494,4.361039836668685,54.93954377811477
active,106.0,C17,5800.0,5800.0,1.0,3.345297427787151,4.360955438609253,54.9396573130419
active,106.0,C18,5800.0,5800.0,1.0,3.345314949777161,4.360897228025822,54.93973866995887
active,108.0,C01,0.0,0.0,0.0,3.2176542233768597,0.0,51.01573347216935
active,108.0,C02,5800.0,5800.0,1.0,3.5167770311041058,4.820963254892631,55.512956420576984
active,108.0,C03,5800.0,5800.0,1.0,3.517326041882902,4.818064897466192,55.515891229580085
active,108.0,C04,5800.0,5800.0,1.0,3.5178240018871683,4.8154549772213855,55.518538255761186
active,108.0,C05,5800.0,5800.0,1.0,3.518273292899201,4.8131188457150715,55.520911247775054
active,108.0,C06,5800.0,5800.0,1.0,3.518676338379585,4.811041726160689,55.52302429016102
active,108.0,C07,5800.0,5800.0,1.0,3.519035600709919,4.809208718999674,55.524891777633414
active,108.0,C08,5800.0,5800.0,1.0,3.5193535786416583,4.807604806590418,55.52652839085917
active,108.0,C09,5800.0,5800.0,1.0,3.519632804982652,4.806214856864531,55.527949074020434
active,108.0,S01,1240.0,1240.0,1.0,1.731460370567095,1.4007277636040165,69.15712339165468
active,108.0,S02,1240.0,1240.0,1.0,1.7319238625242004,1.4009757689343414,69.15557734421768
active,108.0,S03,1240.0,1240.0,1.0,1.7323701082450995,1.4012180155660343,69.15406634449326
active,108.0,S04,1240.0,1240.0,1.0,1.7327994005961382,1.4014545103775167,69.15259053631215
active,108.0,S05,1240.0,1240.0,1.0,1.7332120374096958,1.4016852622160978,69.15115005582672
active,108.0,S06,1240.0,1240.0,1.0,1.7336083213539526,1.401910281861719,69.14974503175117
active,108.0,S07,1240.0,1240.0,1.0,1.7339885598035556,1.4021295819891189,69.14837558562131
active,108.0,S08,1240.0,1240.0,1.0,1.73435306471146,1.4023431771284502,69.14704183207142
active,108.0,S09,1240.0,1240.0,1.0,1.7347021524822623,1.402551083624414,69.14574387913203
active,108.0,C10,5800.0,5800.0,1.0,3.5215587951713623,4.796481468824192,55.538063504620894
active,108.0,C11,5800.0,5800.0,1.0,3.521679503980024,4.795857809912495,55.53872934805874
active,108.0,C12,5800.0,5800.0,1.0,3.5217776385974586,4.795363321013234,55.53926192411391
active,108.0,C13,5800.0,5800.0,1.0,3.521855945459359,4.794982107228442,55.53967751458464
active,108.0,C14,5800.0,5800.0,1.0,3.521917204007053,4.794698116615808,55.539992606903
active,108.0,C15,5800.0,5800.0,1.0,3.5219641984447425,4.794495055464992,55.54022383939066
active,108.0,C16,5800.0,5800.0,1.0,3.521999566597025,4.794356081129021,55.540387832362505
active,108.0,C17,5800.0,5800.0,1.0,3.52202606689298,4.794265393200843,55.54050161823372
active,108.0,C18,5800.0,5800.0,1.0,3.5220475661745287,4.794207268084682,55.54058307761258
active,110.0,C01,0.0,0.0,0.0,3.2176542233768597,0.0,51.0151386419052
active,110.0,C02,5800.0,5800.0,1.0,3.6692965278589766,5.185912412012833,56.08616094127172
active,110.0,C03,5800.0,5800.0,1.0,3.6700121676038657,5.182633491060446,56.08911833045731
active,110.0,C04,5800.0,5800.0,1.0,3.6706603275410017,5.179684582249782,56.091785664025075
active,110.0,C05,5800.0,5800.0,1.0,3.6712441948464205,5.177048841457416,56.094176806683976
active,110.0,C06,5800.0,5800.0,1.0,3.6717670113619922,5.174709252941302,56.096305959402905
active,110.0,C07,5800.0,5800.0,1.0,3.672232069949151,5.172648638201787,56.098187633714566
active,110.0,C08,5800.0,5800.0,1.0,3.672642711122488,5.170849663712029,56.099836627513334
active,110.0,C09,5800.0,5800.0,1.0,3.673002320005308,5.169294847329276,56.10126800264481
active,110.0,S01,1240.0,1240.0,1.0,1.7151782856201634,1.4110477452476577,69.13696667145166
active,110.0,S02,1240.0,1240.0,1.0,1.7156222365262248,1.4112506577109534,69.13538388256052
active,110.0,S03,1240.0,1240.0,1.0,1.7160494474459238,1.4114484376840648,69.13383701830494
active,110.0,S04,1240.0,1240.0,1.0,1.716460208627605,1.4116411137464833,69.13232622232539
active,110.0,S05,1240.0,1240.0,1.0,1.716854815101554,1.411828716422507,69.13085163034901
active,110.0,S06,1240.0,1240.0,1.0,1.7172335665535474,1.4120112781448486,69.12941337043644
active,110.0,S07,1240.0,1240.0,1.0,1.7175967671994146,1.412188833217318,69.12801156324839
active,110.0,S08,1240.0,1240.0,1.0,1.7179447256608742,1.4123614177766712,69.12664632232986
active,110.0,S09,1240.0,1240.0,1.0,1.7182777548429535,1.4125290697537132,69.1253177544155
active,110.0,C10,5800.0,5800.0,1.0,3.6754915768484144,5.158318562325113,56.11145457303117
active,110.0,C11,5800.0,5800.0,1.0,3.675648385825784,5.157606337217125,56.11212472036489
active,110.0,C12,5800.0,5800.0,1.0,3.6757751811020465,5.15704347540479,56.112660611267685
active,110.0,C13,5800.0,5800.0,1.0,3.67587562212297,5.1566115738796565,56.11307865044172
active,110.0,C14,5800.0,5800.0,1.0,3.675953411439963,5.15629204641593,56.11339544918485
active,110.0,C15,5800.0,5800.0,1.0,3.6760122705162113,5.156066042539588,56.11362777370173
active,110.0,C16,5800.0,5800.0,1.0,3.6760558032652404,5.1559141666291985,56.113792388230046
active,110.0,C17,5800.0,5800.0,1.0,3.6760876786362564,5.15581663974761,56.11390644461342
active,110.0,C18,5800.0,5800.0,1.0,3.676112685220745,5.1557577817674165,56.11398788998475
active,112.0,C01,0.0,0.0,0.0,3.2176542233768597,0.0,51.01473075829551
active,112.0,C02,5800.0,5800.0,1.0,3.80461923656492,5.491935885812098,56.63457719275384
active,112.0,C03,5800.0,5800.0,1.0,3.805505430620071,5.488315357807214,56.63756271319093
active,112.0,C04,5800.0,5800.0,1.0,3.8063071338460013,5.4850623170063795,56.6402552563291
active,112.0,C05,5800.0,5800.0,1.0,3.8070283716699618,5.482157941768828,56.64266883569826
active,112.0,C06,5800.0,5800.0,1.0,3.807673238985359,5.479583195095526,56.644817802995775
active,112.0,C07,5800.0,5800.0,1.0,3.808245895442647,5.47731883696487,56.64671682226608
active,112.0,C08,5800.0,5800.0,1.0,3.8087505611030075,5.475345435288789,56.64838084558782
active,112.0,C09,5800.0,5800.0,1.0,3.8091915125088667,5.473643375263069,56.6498250905671
active,112.0,S01,1240.0,1240.0,1.0,1.6983919570828765,1.4128774526392303,69.11328905006859
active,112.0,S02,1240.0,1240.0,1.0,1.6988194922189066,1.413042767952876,69.11167901224887
active,112.0,S03,1240.0,1240.0,1.0,1.6992307488486589,1.413203398249637,69.11010559776273
active,112.0,S04,1240.0,1240.0,1.0,1.6996260131632435,1.413359390923891,69.10856894684747
active,112.0,S05,1240.0,1240.0,1.0,1.7000055759584234,1.4135107952918762,69.10706919160585
active,112.0,S06,1240.0,1240.0,1.0,1.7003697325118898,1.4136576625539783,69.10560645625843
active,112.0,S07,1240.0,1240.0,1.0,1.7007187824615912,1.4138000457565845,69.10418085741583
active,112.0,S08,1240.0,1240.0,1.0,1.7010530296854025,1.4139379997536288,69.10279250436864
active,112.0,S09,1240.0,1240.0,1.0,1.7013727821824105,1.4140715811679558,69.10144149939883
active,112.0,C10,5800.0,5800.0,1.0,3.8122552926392292,5.461544759557654,56.66010156687617
active,112.0,C11,5800.0,5800.0,1.0,3.812449380584646,5.4607512889746435,56.660777407352555
active,112.0,C12,5800.0,5800.0,1.0,3.812605670814367,5.460125580138879,56.66131765953515
active,112.0,C13,5800.0,5800.0,1.0,3.812728779283244,5.4596469451235325,56.66173889364144
active,112.0,C14,5800.0,5800.0,1.0,3.81282337571793,5.459294488220749,56.6620578880218
active,112.0,C15,5800.0,5800.0,1.0,3.8128941629679756,5.459047028073445,56.662291580612525
active,112.0,C16,5800.0,5800.0,1.0,3.812945752978705,5.458882838716224,56.66245692351604
active,112.0,C17,5800.0,5800.0,1.0,3.81298284297348,5.45877974647733,56.66257124703585
active,112.0,C18,5800.0,5800.0,1.0,3.8130110562999397,5.458719616970083,56.66265258060926
active,114.0,C01,0.0,0.0,0.0,3.2176542233768597,0.0,51.01445106667743
active,114.0,C02,5800.0,5800.0,1.0,3.926550772973529,5.749699573724209,57.16056192933227
active,114.0,C03,5800.0,5800.0,1.0,3.9276106091912952,5.745773077876427,57.16358010652463
active,114.0,C04,5800.0,5800.0,1.0,3.9285684809054104,5.74224774672968,57.166301849194184
active,114.0,C05,5800.0,5800.0,1.0,3.9294292781702516,5.739102985279863,57.168741346490805
active,114.0,C06,5800.0,5800.0,1.0,3.9301979768458497,5.736317939597461,57.17091312911187
active,114.0,C07,5800.0,5800.0,1.0,3.9308796326746096,5.733871512747338,57.17283204322279
active,114.0,C08,5800.0,5800.0,1.0,3.9314793758120072,5.731742379081802,57.17451322590432
active,114.0,C09,5800.0,5800.0,1.0,3.9320024058784866,5.729908996644089,57.17597208242797
active,114.0,S01,1240.0,1240.0,1.0,1.6816413332340225,1.4086331430281158,69.08733558725584
active,114.0,S02,1240.0,1240.0,1.0,1.682054992867417,1.4087672333186596,69.08570699970872
active,114.0,S03,1240.0,1240.0,1.0,1.6824528021205365,1.408896967119274,69.08411558154724
active,114.0,S04,1240.0,1240.0,1.0,1.6828350419832716,1.4090224074203332,69.0825614665376
active,114.0,S05,1240.0,1240.0,1.0,1.6832019978785844,1.4091436191064106,69.08104478010308
active,114.0,S06,1240.0,1240.0,1.0,1.6835539595435194,1.4092606689168188,69.07956563958109
active,114.0,S07,1240.0,1240.0,1.0,1.6838912209113044,1.4093736254060936,69.07812415450002
active,114.0,S08,1240.0,1240.0,1.0,1.684214079994792,1.4094825589045588,69.07672042687396
active,114.0,S09,1240.0,1240.0,1.0,1.6845228387715316,1.4095875414791228,69.07535455151876
active,114.0,C10,5800.0,5800.0,1.0,3.935649866385977,5.716799570179468,57.18635314157454
active,114.0,C11,5800.0,5800.0,1.0,3.9358822301459613,5.715931921490479,57.18703586696401
active,114.0,C12,5800.0,5800.0,1.0,3.93606873299384,5.715248733681328,57.18758138174992
active,114.0,C13,5800.0,5800.0,1.0,3.936214982622942,5.714727245831351,57.18800645774
active,114.0,C14,5800.0,5800.0,1.0,3.936326651638472,5.714344466234799,57.188328076933566
active,114.0,C15,5800.0,5800.0,1.0,3.9364094600819994,5.714077097272723,57.18856338603784
active,114.0,C16,5800.0,5800.0,1.0,3.9364690622152585,5.713901294870971,57.188729561716926
active,114.0,C17,5800.0,5800.0,1.0,3.9365112193781164,5.713792731777113,57.18884415701773
active,114.0,C18,5800.0,5800.0,1.0,3.9365424391274795,5.713730983053282,57.18892531221002
active,116.0,C01,0.0,0.0,0.0,3.2176542233768597,0.0,51.01425927813932
active,116.0,C02,5800.0,5800.0,1.0,4.0378274376340775,5.967812260253688,57.666086906586315
active,116.0,C03,5800.0,5800.0,1.0,4.039063335059975,5.9636112085295,57.669141696872934
active,116.0,C04,5800.0,5800.0,1.0,4.040179423971794,5.959841615098993,57.67189612795558
active,116.0,C05,5800.0,5800.0,1.0,4.041181480539733,5.956481295104249,57.674364587703096
active,116.0,C06,5800.0,5800.0,1.0,4.0420753843719925,5.953507761746376,57.67656181032671
active,116.0,C07,5800.0,5800.0,1.0,4.042867111246707,5.950898245848057,57.6785028499099
active,116.0,C08,5800.0,5800.0,1.0,4.0435627263966465,5.948629713544731,57.680203055490374
active,116.0,C09,5800.0,5800.0,1.0,4.044168378428084,5.94667888180561,57.68167804799896
active,116.0,S01,1240.0,1240.0,1.0,1.6652967305871318,1.4001707700993486,69.06024210341346
active,116.0,S02,1240.0,1240.0,1.0,1.6656986164105818,1.4002789653249956,69.05860272402391
active,116.0,S03,1240.0,1240.0,1.0,1.6660850536669378,1.400383056713249,69.05700093218199
active,116.0,S04,1240.0,1240.0,1.0,1.6664563172604616,1.4004831196127006,69.05543685238419
active,116.0,S05,1240.0,1240.0,1.0,1.666812686362108,1.400579231230404,69.0539106005877
active,116.0,S06,1240.0,1240.0,1.0,1.667154444294334,1.4006714705907215,69.0524222844715
active,116.0,S07,1240.0,1240.0,1.0,1.667481878416993,1.4007599184943869,69.05097200371725
active,116.0,S08,1240.0,1240.0,1.0,1.6677952800145617,1.4008446574779376,69.0495598503079
active,116.0,S09,1240.0,1240.0,1.0,1.6680949441849704,1.400925771773688,69.04818590884747
active,116.0,C10,5800.0,5800.0,1.0,4.048406869393926,5.932657720323383,57.69217673730976
active,116.0,C11,5800.0,5800.0,1.0,4.048678347555582,5.931722382401576,57.69286742679965
active,116.0,C12,5800.0,5800.0,1.0,4.048895673648002,5.93098666353737,57.69341902595864
active,116.0,C13,5800.0,5800.0,1.0,4.049065475857991,5.930425922330359,57.69384854009682
active,116.0,C14,5800.0,5800.0,1.0,4.049194458819174,5.930015265034365,57.694173187262805
active,116.0,C15,5800.0,5800.0,1.0,4.0492893890267725,5.929729472831066,57.69441035568122
active,116.0,C16,5800.0,5800.0,1.0,4.049356991215665,5.929542776844037,57.694577478872304
active,116.0,C17,5800.0,5800.0,1.0,4.049404119247026,5.929428892462378,57.69469236878978
active,116.0,C18,5800.0,5800.0,1.0,4.049438207627542,5.929365305646337,57.69477330978954
active,118.0,C01,0.0,0.0,0.0,3.2176542233768597,0.0,51.0141277659989
active,118.0,C02,5800.0,5800.0,1.0,4.14047698531208,6.153229351090403,58.1527859069493
active,118.0,C03,5800.0,5800.0,1.0,4.141890825249414,6.148780827744893,58.155880944015834
active,118.0,C04,5800.0,5800.0,1.0,4.1431667150827804,6.144791108049428,58.158671272198546
active,118.0,C05,5800.0,5800.0,1.0,4.144311334837433,6.1412365784538485,58.16117149878213
active,118.0,C06,5800.0,5800.0,1.0,4.145331486677172,6.138093281223268,58.16339658355218
active,118.0,C07,5800.0,5800.0,1.0,4.146234086179998,6.135336937667153,58.16536181180695
active,118.0,C08,5800.0,5800.0,1.0,4.147026154272466,6.132942969254578,58.16708276895182
active,118.0,C09,5800.0,5800.0,1.0,4.147714809919108,6.1308865162844794,58.168575316985915
active,118.0,S01,1240.0,1240.0,1.0,1.6496081779716865,1.3889079630331698,69.03298869895251
active,118.0,S02,1240.0,1240.0,1.0,1.6500000544713798,1.388994684892056,69.03134531034996
active,118.0,S03,1240.0,1240.0,1.0,1.650376862208675,1.3890775096170904,69.02973982163026
active,118.0,S04,1240.0,1240.0,1.0,1.65073886934374,1.3891565218569009,69.02817234556842
active,118.0,S05,1240.0,1240.0,1.0,1.651086348142171,1.3892318080733868,69.02664298621521
active,118.0,S06,1240.0,1240.0,1.0,1.6514195748636533,1.3893034564991809,69.02515183916185
active,118.0,S07,1240.0,1240.0,1.0,1.6517388296516835,1.3893715570955354,69.02369899182446
active,118.0,S08,1240.0,1240.0,1.0,1.6520443964246037,1.389436201510789,69.02228452374595
active,118.0,S09,1240.0,1240.0,1.0,1.6523365627681847,1.389497483039579,69.02090850691889
active,118.0,C10,5800.0,5800.0,1.0,4.152550149682421,6.116039598284488,58.17920381225697
active,118.0,C11,5800.0,5800.0,1.0,4.1528614444202505,6.11504236465184,58.17990347714675
active,118.0,C12,5800.0,5800.0,1.0,4.153110109068072,6.11425854453539,58.180461936311936
active,118.0,C13,5800.0,5800.0,1.0,4.15330381587921,6.113661786613189,58.180896457709
active,118.0,C14,5800.0,5800.0,1.0,4.153450325413869,6.113225466962335,58.18122452504651
active,118.0,C15,5800.0,5800.0,1.0,4.1535574746234865,6.112922618457878,58.18146379798501
active,118.0,C16,5800.0,5800.0,1.0,4.153633081884677,6.112725719011946,58.181631996392944
active,118.0,C17,5800.0,5800.0,1.0,4.153685116958044,6.112606700804722,58.18174722268688
active,118.0,C18,5800.0,5800.0,1.0,4.153721976669134,6.112541024798758,58.1818279412954
active,120.0,C01,0.0,0.0,0.0,3.2176542233768597,0.0,51.01403758624547
active,120.0,C02,5800.0,5800.0,1.0,4.236037797234985,6.327380116032392,58.62178818898459
active,120.0,C03,5800.0,5800.0,1.0,4.237631020175091,6.32284461791415,58.624924703500064
active,120.0,C04,5800.0,5800.0,1.0,4.239067912576044,6.3187863843756595,58.627751872918196
active,120.0,C05,5800.0,5800.0,1.0,4.240356073121153,6.315180371580772,58.630284544734465
active,120.0,C06,5800.0,5800.0,1.0,4.241503242192675,6.312001153233133,58.63253792627582
active,120.0,C07,5800.0,5800.0,1.0,4.242517291597543,6.309222947053629,58.63452755707997
active,120.0,C08,5800.0,5800.0,1.0,4.2434062150645975,6.306819638817301,58.6362692828947
active,120.0,C09,5800.0,5800.0,1.0,4.24417811962511,6.304764803566225,58.63777923161305
active,120.0,S01,1240.0,1240.0,1.0,1.634738624877984,1.3795488731352676,69.00620806624738
active,120.0,S02,0.0,0.0,0.0,1.6500000544713798,0.0,68.48308020700262
active,120.0,S03,1240.0,1240.0,1.0,1.6354906489420127,1.3797037783054475,69.00296210901458
active,120.0,S04,1240.0,1240.0,1.0,1.6358448593479304,1.3797656905466353,69.0013969051918
active,120.0,S05,1240.0,1240.0,1.0,1.6361848872226368,1.3798240582618377,68.99987001547224
active,120.0,S06,1240.0,1240.0,1.0,1.6365110013100967,1.3798789763898207,68.99838152130782
active,120.0,S07,1240.0,1240.0,1.0,1.636823474089825,1.3799305415473118,68.99693149580806
active,120.0,S08,1240.0,1240.0,1.0,1.637122581671729,1.3799788519867051,68.99552000404468
active,120.0,S09,1240.0,1240.0,1.0,1.6374086036924493,1.3800240075546606,68.99414710337722
active,120.0,C10,5800.0,5800.0,1.0,4.249614815600208,6.289319071320772,58.648546236875475
active,120.0,C11,5800.0,5800.0,1.0,4.2499665102918875,6.288262953407596,58.64925582464874
active,120.0,C12,5800.0,5800.0,1.0,4.250246943868507,6.2874334065836655,58.649821873199144
active,120.0,C13,5800.0,5800.0,1.0,4.2504648519680845,6.286802448000856,58.65026194006592
active,120.0,C14,5800.0,5800.0,1.0,4.250629070657315,6.286341802616994,58.65059380199997
active,120.0,C15,5800.0,5800.0,1.0,4.250748527010841,6.286022834367736,58.650835417768825
active,120.0,C16,5800.0,5800.0,1.0,4.250832152060751,6.2858163452756655,58.651004820899026
active,120.0,C17,5800.0,5800.0,1.0,4.25088905065179,6.285692562932691,58.65112043276933
active,120.0,C18,5800.0,5800.0,1.0,4.250928615981832,6.285624997671451,58.651200934040915
active,122.0,C01,0.0,0.0,0.0,3.2176542233768597,0.0,51.01397574870026
active,122.0,C02,5800.0,5800.0,1.0,4.325099792413952,6.462964389379321,59.07437326556082
active,122.0,C03,5800.0,5800.0,1.0,4.326867740004773,6.458222693401257,59.077553599813506
active,122.0,C04,5800.0,5800.0,1.0,4.328461073326085,6.453980858063498,59.08041962765632
active,122.0,C05,5800.0,5800.0,1.0,4.329888326540905,6.450212677599745,59.08298645518688
active,122.0,C06,5800.0,5800.0,1.0,4.331158195375248,6.446891524070241,59.08526955685394
active,122.0,C07,5800.0,5800.0,1.0,4.332279525241913,6.443990377466291,59.087284747088454
active,122.0,C08,5800.0,5800.0,1.0,4.333261300259246,6.441481853136335,59.0890481535978
active,122.0,C09,5800.0,5800.0,1.0,4.334112633293027,6.439338226121046,59.09057619264646
active,122.0,S01,1240.0,1240.0,1.0,1.620563073281498,1.3653578308111767,68.98060174176881
active,122.0,S02,0.0,0.0,0.0,1.6500000544713798,0.0,68.01866741357898
active,122.0,S03,1240.0,1240.0,1.0,1.621299654042397,1.3654801976921174,68.97736800176159
active,122.0,S04,1240.0,1240.0,1.0,1.6216472693393311,1.3655273667450287,68.97580990814681
active,122.0,S05,1240.0,1240.0,1.0,1.621981030879117,1.3655711893245044,68.97429024965605
active,122.0,S06,1240.0,1240.0,1.0,1.6223011995813077,1.3656117637332137,68.9728090919851
active,122.0,S07,1240.0,1240.0,1.0,1.6226080399580025,1.3656491898656984,68.9713664923318
active,122.0,S08,1240.0,1240.0,1.0,1.6229018200124983,1.3656835691665352,68.969962499703
active,122.0,S09,1240.0,1240.0,1.0,1.623182811139377,1.365715004589496,68.96859715524243
active,122.0,C10,5800.0,5800.0,1.0,4.340146385110418,6.423205859528676,59.10149162309945
active,122.0,C11,5800.0,5800.0,1.0,4.3405389130223675,6.42209783583356,59.10221204278509
active,122.0,C12,5800.0,5800.0,1.0,4.340851430118654,6.421227854353399,59.10278638518542
active,122.0,C13,5800.0,5800.0,1.0,4.341093750522886,6.420566512990591,59.10323252260492
active,122.0,C14,5800.0,5800.0,1.0,4.341275801103646,6.420084099514756,59.10356855045266
active,122.0,C15,5800.0,5800.0,1.0,4.341407614403298,6.419750524456872,59.1038127525043
active,122.0,C16,5800.0,5800.0,1.0,4.341499248895394,6.419535129960409,59.10398350156186
active,122.0,C17,5800.0,5800.0,1.0,4.34156095939684,6.419406658127213,59.104099564365704
active,122.0,C18,5800.0,5800.0,1.0,4.341603164438551,6.419336921808194,59.104179872413496
active,124.0,C01,0.0,0.0,0.0,3.2176542233768597,0.0,51.01393334581212
active,124.0,C02,5800.0,5800.0,1.0,4.409223294897809,6.57983435679604,59.51157999369167
active,124.0,C03,5800.0,5800.0,1.0,4.4111669650911445,6.574903123562689,59.514806974930686
active,124.0,C04,5800.0,5800.0,1.0,4.412917579409443,6.570492505035258,59.51771435104697
active,124.0,C05,5800.0,5800.0,1.0,4.414484617631619,6.566575235208085,59.52031750362005
active,124.0,C06,5800.0,5800.0,1.0,4.415877741444121,6.5631235871760145,59.52263219228972
active,124.0,C07,5800.0,5800.0,1.0,4.417106780901869,6.560109406835454,59.52467452552367
active,124.0,C08,5800.0,5800.0,1.0,4.41818172191394,6.5575041436712596,59.52646093309629
active,124.0,C09,5800.0,5800.0,1.0,4.419112694898476,6.555278878189377,59.528008140611036
active,124.0,S01,1240.0,1240.0,1.0,1.6073741819244818,1.3508713712975247,68.95670032375858
active,124.0,S02,0.0,0.0,0.0,1.6500000544713798,0.0,67.62528245914955
active,124.0,S03,1240.0,1240.0,1.0,1.608097709057007,1.350967917803071,68.95348675364647
active,124.0,S04,1240.0,1240.0,1.0,1.6084398215270757,1.3510034255140533,68.95193982651273
active,124.0,S05,1240.0,1240.0,1.0,1.6087683901856629,1.3510357399673452,68.9504313929019
active,124.0,S06,1240.0,1240.0,1.0,1.609083668025609,1.351064961629182,68.94896150151185
active,124.0,S07,1240.0,1240.0,1.0,1.6093859114965225,1.351091192494213,68.9475301923982
active,124.0,S08,1240.0,1240.0,1.0,1.6096753804071697,1.3511145360436694,68.94613749728374
active,124.0,S09,1240.0,1240.0,1.0,1.6099523378292224,1.351135097204566,68.94478343988789
active,124.0,C10,5800.0,5800.0,1.0,4.425746086078011,6.53851277789174,59.539082427315186
active,124.0,C11,5800.0,5800.0,1.0,4.426179822348183,6.537356661367709,59.53981456100927
active,124.0,C12,5800.0,5800.0,1.0,4.426524700667217,6.536449176061583,59.540397884270575
active,124.0,C13,5800.0,5800.0,1.0,4.426791626019702,6.535759611062349,59.54085060811986
active,124.0,C14,5800.0,5800.0,1.0,4.42699162859696,6.535256928304421,59.54119117099938
active,124.0,C15,5800.0,5800.0,1.0,4.427135858964237,6.53490969701808,59.541438206355394
active,124.0,C16,5800.0,5800.0,1.0,4.4272355151428675,6.534685911010836,59.541610450717556
active,124.0,C17,5800.0,5800.0,1.0,4.427302014119311,6.534552940082518,59.54172704123372
active,124.0,C18,5800.0,5800.0,1.0,4.427346823213373,6.534481032659963,59.541807193175934
active,126.0,C01,0.0,0.0,0.0,3.2176542233768597,0.0,51.01390426954596
active,126.0,C02,5800.0,5800.0,1.0,4.489145885435064,6.6810475190754435,59.93428232663849
active,126.0,C03,5800.0,5800.0,1.0,4.491265961712205,6.675940784474696,59.93755896701406
active,126.0,C04,5800.0,5800.0,1.0,4.493174419757717,6.671373854971254,59.94051036639153
active,126.0,C05,5800.0,5800.0,1.0,4.494881693536113,6.667318490900492,59.94315219763708
active,126.0,C06,5800.0,5800.0,1.0,4.496398419566373,6.663745953976415,59.94550052256555
active,126.0,C07,5800.0,5800.0,1.0,4.497735421674736,6.660627044549257,59.947571761730195
active,126.0,C08,5800.0,5800.0,1.0,4.498903696908272,6.657932135714737,59.94938266597687
active,126.0,C09,5800.0,5800.0,1.0,4.499914402769694,6.65563120380933,59.95095029010484
active,126.0,S01,1240.0,1240.0,1.0,1.59518695056437,1.3364930702391922,68.9348871139628
active,126.0,S02,0.0,0.0,0.0,1.6500000544713798,0.0,67.29206226245638
active,126.0,S03,1240.0,1240.0,1.0,1.5958994142824257,1.336567945560248,68.93170044706255
active,126.0,S04,1240.0,1240.0,1.0,1.5962369340713112,1.3365937677388473,68.9301680566118
active,126.0,S05,1240.0,1240.0,1.0,1.5965612040633002,1.3366165481513113,68.92867416606133
active,126.0,S06,1240.0,1240.0,1.0,1.5968724692871852,1.3366363876766387,68.92721880622881
active,126.0,S07,1240.0,1240.0,1.0,1.5971709780983594,1.3366533886529117,68.92580199915689
active,126.0,S08,1240.0,1240.0,1.0,1.5974569820848932,1.336667654835862,68.92442375842462
active,126.0,S09,1240.0,1240.0,1.0,1.597730735974902,1.3366792913585126,68.92308408947864
active,126.0,C10,5800.0,5800.0,1.0,4.507149061806253,6.638276119498752,59.962194018194
active,126.0,C11,5800.0,5800.0,1.0,4.507624296136832,6.637075205356528,59.9629387243758
active,126.0,C12,5800.0,5800.0,1.0,4.5080017496109335,6.63613275259787,59.96353169962005
active,126.0,C13,5800.0,5800.0,1.0,4.508293427764707,6.635416836466306,59.96399151661389
active,126.0,C14,5800.0,5800.0,1.0,4.508511473894847,6.634895188849667,59.964336980198766
active,126.0,C15,5800.0,5800.0,1.0,4.508668166375974,6.634535134140672,59.96458709714756
active,126.0,C16,5800.0,5800.0,1.0,4.508775852168945,6.634303413843581,59.96476099122584
active,126.0,C17,5800.0,5800.0,1.0,4.508847119875134,6.634166122910957,59.9648781940036
active,126.0,C18,5800.0,5800.0,1.0,4.508894504845335,6.63409206221027,59.964958235800324
active,128.0,C01,0.0,0.0,0.0,3.2176542233768597,0.0,51.01388433153488
active,128.0,C02,5800.0,5800.0,1.0,4.565459398131774,6.769111264103295,60.34323539964968
active,128.0,C03,5800.0,5800.0,1.0,4.567756277934684,6.76384085281541,60.346564754636226
active,128.0,C04,5800.0,5800.0,1.0,4.5698228897403625,6.759128109259662,60.34956290160488
active,128.0,C05,5800.0,5800.0,1.0,4.571670628920927,6.75494389378004,60.35224581966109
active,128.0,C06,5800.0,5800.0,1.0,4.573311114177721,6.751258531392605,60.35462988890911
active,128.0,C07,5800.0,5800.0,1.0,4.574756170556045,6.748041852551953,60.35673185915151
active,128.0,C08,5800.0,5800.0,1.0,4.576017813762867,6.745263230536316,60.358568820410845
active,128.0,C09,5800.0,5800.0,1.0,4.5771082359634745,6.742891614962087,60.360158175626914
active,128.0,S01,1240.0,1240.0,1.0,1.583992785113731,1.3225259188491303,68.91542058782144
active,128.0,S02,0.0,0.0,0.0,1.6500000544713798,0.0,67.00980515466922
active,128.0,S03,1240.0,1240.0,1.0,1.5846959281537831,1.3225825967080478,68.91226647124608
active,128.0,S04,1240.0,1240.0,1.0,1.5850296479477988,1.3226003783000917,68.9107513922518
active,128.0,S05,1240.0,1240.0,1.0,1.585350396315068,1.3226152701156053,68.90927477554006
active,128.0,S06,1240.0,1240.0,1.0,1.585658410382356,1.3226273720232036,68.90783663350018
active,128.0,S07,1240.0,1240.0,1.0,1.5859539304787476,1.3226367852769927,68.90643696962536
active,128.0,S08,1240.0,1240.0,1.0,1.586237200045347,1.3226436124759189,68.90507577882582
active,128.0,S09,1240.0,1240.0,1.0,1.5865084655461945,1.3226479575241739,68.9037530477614
active,128.0,C10,5800.0,5800.0,1.0,4.584944892076484,6.724985406447435,60.371581897275796
active,128.0,C11,5800.0,5800.0,1.0,4.585461833717192,6.723742545507218,60.372340011269216
active,128.0,C12,5800.0,5800.0,1.0,4.585872015623405,6.722767322517118,60.37294329338771
active,128.0,C13,5800.0,5800.0,1.0,4.586188551133013,6.722026680620317,60.37341070004394
active,128.0,C14,5800.0,5800.0,1.0,4.586424703937841,6.721487204143343,60.373761424945265
active,128.0,C15,5800.0,5800.0,1.0,4.58659388748235,6.721115055735805,60.37401487094947
active,128.0,C16,5800.0,5800.0,1.0,4.586709604566458,6.720875807363939,60.37419057171958
active,128.0,C17,5800.0,5800.0,1.0,4.586785622321387,6.720734363133316,60.37430847637356
active,128.0,C18,5800.0,5800.0,1.0,4.586835559602073,6.720658178696681,60.3743884599466
active,130.0,C01,0.0,0.0,0.0,3.2176542233768597,0.0,51.01387065975585
active,130.0,C02,5800.0,5800.0,1.0,4.638642929608846,6.84609007511324,60.73910479955124
active,130.0,C03,5800.0,5800.0,1.0,4.641116744355403,6.840665982551989,60.74248990193515
active,130.0,C04,5800.0,5800.0,1.0,4.643341584542645,6.835816290000639,60.745537506689786
active,130.0,C05,5800.0,5800.0,1.0,4.645329812986282,6.831511020521143,60.74826391338209
active,130.0,C06,5800.0,5800.0,1.0,4.647094036561608,6.827719626166219,60.75068583576824
active,130.0,C07,5800.0,5800.0,1.0,4.648647087465429,6.82441103220041,60.752820369292365
active,130.0,C08,5800.0,5800.0,1.0,4.650002005929369,6.82155367770762,60.754684960469646
active,130.0,C09,5800.0,5800.0,1.0,4.65117202457515,6.8191155520742965,60.756297378519584
active,130.0,S01,1240.0,1240.0,1.0,1.5737649484575238,1.3091761589770154,68.89845576316912
active,130.0,S02,0.0,0.0,0.0,1.6500000544713798,0.0,66.77071678101423
active,130.0,S03,1240.0,1240.0,1.0,1.5744603001131503,1.3092175553274832,68.89533888838301
active,130.0,S04,1240.0,1240.0,1.0,1.5747909115892045,1.3092286686485684,68.89384338295662
active,130.0,S05,1240.0,1240.0,1.0,1.5751088145478556,1.3092370453792987,68.8923862641884
active,130.0,S06,1240.0,1240.0,1.0,1.5754142383568936,1.3092427832496627,68.89096752579356
active,130.0,S07,1240.0,1240.0,1.0,1.5757074154682595,1.3092459812988317,68.88958715248177
active,130.0,S08,1240.0,1240.0,1.0,1.575988581331276,1.3092467398355865,68.88824512027213
active,130.0,S09,1240.0,1240.0,1.0,1.5762579743070233,1.309245160399799,68.88694139682698
active,130.0,C10,5800.0,5800.0,1.0,4.65961054566195,6.800690369788336,60.76791151520306
active,130.0,C11,5800.0,5800.0,1.0,4.66016932700225,6.799408035312095,60.768683848821546
active,130.0,C12,5800.0,5800.0,1.0,4.6606123321952975,6.798401950797982,60.769298075702785
active,130.0,C13,5800.0,5800.0,1.0,4.660953787369426,6.797637997831955,60.76977355721283
active,130.0,C14,5800.0,5800.0,1.0,4.6612080815879215,6.797081684395934,60.77012989755199
active,130.0,C15,5800.0,5800.0,1.0,4.66138976827687,6.796698083167621,60.770386917581284
active,130.0,C16,5800.0,5800.0,1.0,4.661513510644792,6.796451668097653,60.7705645827235
active,130.0,C17,5800.0,5800.0,1.0,4.66159425889871,6.7963062250462585,60.77068328194913
active,130.0,C18,5800.0,5800.0,1.0,4.661646727451381,6.796227954010781,60.77076326315841
active,132.0,C01,0.0,0.0,0.0,3.2176542233768597,0.0,51.013861284821665
active,132.0,C02,5800.0,5800.0,1.0,4.70908723017155,6.913688881048585,61.12248607522823
active,132.0,C03,5800.0,5800.0,1.0,4.711737858711799,6.908119599693583,61.1259299045375
active,132.0,C04,5800.0,5800.0,1.0,4.714120777996225,6.903140484364736,61.129029633589774
active,132.0,C05,5800.0,5800.0,1.0,4.716249323254762,6.898720774307556,61.13180189597874
active,132.0,C06,5800.0,5800.0,1.0,4.718137094292188,6.894829103112807,61.13426375379382
active,132.0,C07,5800.0,5800.0,1.0,4.719797934997655,6.891433546332187,61.13643266380937
active,132.0,C08,5800.0,5800.0,1.0,4.721245914460133,6.888501665248798,61.13832644562529
active,132.0,C09,5800.0,5800.0,1.0,4.7224953098939775,6.886000546271976,61.13996325213777
active,132.0,S01,1240.0,1240.0,1.0,1.5644639660447903,1.2965763483720452,68.8840636513126
active,132.0,S02,0.0,0.0,0.0,1.6500000544713798,0.0,66.56819486450647
active,132.0,S03,1240.0,1240.0,1.0,1.5651528696898835,1.2966049175256376,68.88098787631594
active,132.0,S04,1240.0,1240.0,1.0,1.56548097683583,1.2966105098846008,68.87951376768103
active,132.0,S05,1240.0,1240.0,1.0,1.5657966230706502,1.2966135197974542,68.87807793649318
active,132.0,S06,1240.0,1240.0,1.0,1.5661000302109827,1.2966140419860175,68.87668035781489
active,132.0,S07,1240.0,1240.0,1.0,1.5663914230457094,1.296612172403629,68.87532099760587
active,132.0,S08,1240.0,1240.0,1.0,1.5666710292526134,1.2966080081969171,68.87399981303965
active,132.0,S09,1240.0,1240.0,1.0,1.5669390793161029,1.2966016476685807,68.87271675283831
active,132.0,C10,5800.0,5800.0,1.0,4.731534725880111,6.867083845129094,61.15177804171512
active,132.0,C11,5800.0,5800.0,1.0,4.732135405064743,6.865764192062478,61.15256538277893
active,132.0,C12,5800.0,5800.0,1.0,4.732611271590713,6.864728911246136,61.15319117457237
active,132.0,C13,5800.0,5800.0,1.0,4.732977667236583,6.863942883827784,61.15367520384973
active,132.0,C14,5800.0,5800.0,1.0,4.733250109232907,6.863370603182853,61.154037506129136
active,132.0,C15,5800.0,5800.0,1.0,4.733444293681726,6.862976114264734,61.15429834138898
active,132.0,C16,5800.0,5800.0,1.0,4.733576046559472,6.8627228550728105,61.15447812790262
active,132.0,C17,5800.0,5800.0,1.0,4.733661503444961,6.862573556236625,61.15459771601178
active,132.0,C18,5800.0,5800.0,1.0,4.733716483220684,6.862493240550462,61.1546777532044
active,134.0,C01,0.0,0.0,0.0,3.2176542233768597,0.0,51.01385485629537
active,134.0,C02,5800.0,5800.0,1.0,4.7771130954847445,6.973319828414785,61.49391837173793
active,134.0,C03,5800.0,5800.0,1.0,4.779940173068131,6.967612622452999,61.49742383996033
active,134.0,C04,5800.0,5800.0,1.0,4.782480805822733,6.9625105180301485,61.50057830220689
active,134.0,C05,5800.0,5800.0,1.0,4.784749305388359,6.957982016275953,61.50339873905552
active,134.0,C06,5800.0,5800.0,1.0,4.786760268110406,6.9539949790677085,61.50590257497587
active,134.0,C07,5800.0,5800.0,1.0,4.7885285528124655,6.95051667997528,61.50810764310276
active,134.0,C08,5800.0,5800.0,1.0,4.790069260335534,6.947513851129562,61.51003215203226
active,134.0,C09,5800.0,5800.0,1.0,4.791397715060328,6.944952725466274,61.51169465503365
active,134.0,S01,1240.0,1240.0,1.0,1.5560418010068022,1.2848035320577784,68.87224844655431
active,134.0,S02,0.0,0.0,0.0,1.6500000544713798,0.0,66.39664688817048
active,134.0,S03,1240.0,1240.0,1.0,1.5567254368192076,1.284821345143581,68.8692169069593
active,134.0,S04,1240.0,1240.0,1.0,1.5570515669372762,1.2848223777361079,68.86776564415801
active,134.0,S05,1240.0,1240.0,1.0,1.557365468627358,1.2848209822159364,68.86635251925229
active,134.0,S06,1240.0,1240.0,1.0,1.5576673564132155,1.2848172496494377,68.8649774889045
active,134.0,S07,1240.0,1240.0,1.0,1.5579574476852955,1.2848112722566787,68.86364050058943
active,134.0,S08,1240.0,1240.0,1.0,1.5582359626206832,1.2848031433747251,68.86234149291221
active,134.0,S09,1240.0,1240.0,1.0,1.5585031241040592,1.2847929574219175,68.86108039594401
active,134.0,C10,5800.0,5800.0,1.0,4.801036231623906,6.9255681210902065,61.523720120908806
active,134.0,C11,5800.0,5800.0,1.0,4.801678794512077,6.924213037453935,61.52452323281834
active,134.0,C12,5800.0,5800.0,1.0,4.8021875048133085,6.923150021216385,61.52516119133377
active,134.0,C13,5800.0,5800.0,1.0,4.802578820787386,6.922343006316499,61.52565422826659
active,134.0,C14,5800.0,5800.0,1.0,4.802869388547809,6.921755525327592,61.52602283050189
active,134.0,C15,5800.0,5800.0,1.0,4.803076047448545,6.9213506497560155,61.52628771747062
active,134.0,C16,5800.0,5800.0,1.0,4.803215786473378,6.921090835798573,61.526469780633995
active,134.0,C17,5800.0,5800.0,1.0,4.803305926708582,6.920937813846792,61.526590352459195
active,134.0,C18,5800.0,5800.0,1.0,4.803363397500159,6.920855498387943,61.526670505406365
active,136.0,C01,0.0,0.0,0.0,3.2176542233768597,0.0,51.01385044816304
active,136.0,C02,5800.0,5800.0,1.0,4.842985437257091,7.026155972306412,61.85389436692019
active,136.0,C03,5800.0,5800.0,1.0,4.845988361521632,7.020317106270549,61.857464311501666
active,136.0,C04,5800.0,5800.0,1.0,4.848686130739318,7.01509755869861,61.86067605129744
active,136.0,C05,5800.0,5800.0,1.0,4.851094036048459,7.010465131801776,61.86354692625531
active,136.0,C06,5800.0,5800.0,1.0,4.853227672870992,7.006386956002229,61.86609473667206
active,136.0,C07,5800.0,5800.0,1.0,4.85510291697875,7.00282954413749,61.86833770644715
active,136.0,C08,5800.0,5800.0,1.0,4.856735902493135,6.99975884135684,61.870294448434734
active,136.0,C09,5800.0,5800.0,1.0,4.858143002045368,6.997140270146211,61.87198393230271
active,136.0,S01,1240.0,1240.0,1.0,1.548445075775707,1.2738934832177402,68.86296239006751
active,136.0,S02,0.0,0.0,0.0,1.6500000544713798,0.0,66.25133566115646
active,136.0,S03,1240.0,1240.0,1.0,1.5491244798543584,1.273902292290797,68.85997759817056
active,136.0,S04,1240.0,1240.0,1.0,1.54944909281518,1.2738995719739084,68.85855031219702
active,136.0,S05,1240.0,1240.0,1.0,1.5497616949379438,1.2738945770424237,68.85716099662245
active,136.0,S06,1240.0,1240.0,1.0,1.5500624937497862,1.273887394447614,68.85580959015746
active,136.0,S07,1240.0,1240.0,1.0,1.5503516995453268,1.2738781122174547,68.85449602225269
active,136.0,S08,1240.0,1240.0,1.0,1.550629525309788,1.273866819421605,68.85322021341818
active,136.0,S09,1240.0,1240.0,1.0,1.5508961866430486,1.273853606137319,68.8519820755595
active,136.0,C10,5800.0,5800.0,1.0,4.86837800845301,6.977308253303648,61.88422986324513
active,136.0,C11,5800.0,5800.0,1.0,4.869062370162414,6.975919404124869,61.88504948462955
active,136.0,C12,5800.0,5800.0,1.0,4.869603852034843,6.974829942520332,61.88570019285926
active,136.0,C13,5800.0,5800.0,1.0,4.870020027691291,6.974002901867546,61.88620268372633
active,136.0,C14,5800.0,5800.0,1.0,4.870328670841894,6.9734009011243145,61.886577914776176
active,136.0,C15,5800.0,5800.0,1.0,4.870547762627396,6.9729860859799695,61.88684708446699
active,136.0,C16,5800.0,5800.0,1.0,4.870695453228896,6.972719978376607,61.88703157704446
active,136.0,C17,5800.0,5800.0,1.0,4.870790247285433,6.972563356772335,61.88715322710479
active,136.0,C18,5800.0,5800.0,1.0,4.870850187865149,6.972479088078241,61.88723355620652
active,138.0,C01,0.0,0.0,0.0,3.2176542233768597,0.0,51.013847425443736
active,138.0,C02,5800.0,5800.0,1.0,4.906924182274442,7.0731745979235,62.20286777030314
active,138.0,C03,5800.0,5800.0,1.0,4.910102117362152,7.067209525476962,62.206504950270094
active,138.0,C04,5800.0,5800.0,1.0,4.912956237998947,7.06187736185118,62.20977644353176
active,138.0,C05,5800.0,5800.0,1.0,4.915502817054337,7.057145244100275,62.212699961247665
active,138.0,C06,5800.0,5800.0,1.0,4.917758450540169,7.052979606028314,62.215293692415045
active,138.0,C07,5800.0,5800.0,1.0,4.919740032016217,7.049346235578474,62.21757626550112
active,138.0,C08,5800.0,5800.0,1.0,4.921464729102024,7.046210327682833,62.219566712254135
active,138.0,C09,5800.0,5800.0,1.0,4.9229499623310105,7.043536531995689,62.2212844341175
active,138.0,S01,1240.0,1240.0,1.0,1.5416175453633583,1.2638517998808345,68.85611840260104
active,138.0,S02,0.0,0.0,0.0,1.6500000544713798,0.0,66.12824850415636
active,138.0,S03,1240.0,1240.0,1.0,1.5422936260777313,1.2638530904164706,68.85318233462367
active,138.0,S04,1240.0,1240.0,1.0,1.5426171222251015,1.263847295703628,68.85177988675733
active,138.0,S05,1240.0,1240.0,1.0,1.5429288105247845,1.2638393779389439,68.85041521564914
active,138.0,S06,1240.0,1240.0,1.0,1.5432288918307477,1.2638294196548396,68.84908824266796
active,138.0,S07,1240.0,1240.0,1.0,1.543517569671553,1.2638175043850934,68.847798879863
active,138.0,S08,1240.0,1240.0,1.0,1.5437950501765,1.2638037166315919,68.84654703028426
active,138.0,S09,1240.0,1240.0,1.0,1.5440615420026318,1.2637881418319639,68.84533258831911
active,138.0,C10,5800.0,5800.0,1.0,4.933778036164947,7.023275059313738,62.23376036915941
active,138.0,C11,5800.0,5800.0,1.0,4.934504042380337,7.021853923789445,62.23459721358056
active,138.0,C12,5800.0,5800.0,1.0,4.935078169804639,7.020739164428231,62.235261235310595
active,138.0,C13,5800.0,5800.0,1.0,4.935519104411936,7.019892955214942,62.235773612315555
active,138.0,C14,5800.0,5800.0,1.0,4.935845744284062,7.019277043171134,62.2361557913536
active,138.0,C15,5800.0,5800.0,1.0,4.936077208905055,7.018852690268316,62.236429468738095
active,138.0,C16,5800.0,5800.0,1.0,4.936232805851427,7.01858052625102,62.23661654036464
active,138.0,C17,5800.0,5800.0,1.0,4.9363322193271255,7.018420420386237,62.236739362220106
active,138.0,C18,5800.0,5800.0,1.0,4.9363946067986495,7.018334245797652,62.236819927899575
active,140.0,C01,0.0,0.0,0.0,3.2176542233768597,0.0,51.013845352721916
active,140.0,C02,1740.0,1740.0,1.0,4.776358729028577,7.010925442705886,61.88841653522717
active,140.0,C03,1740.0,1740.0,1.0,4.779623476875776,7.005535057165495,61.892112945803824
active,140.0,C04,1740.0,1740.0,1.0,4.782555464839958,7.0007153394867006,61.89543705429492
active,140.0,C05,1740.0,1740.0,1.0,4.785171441259644,6.99643712263952,61.89840689324392
active,140.0,C06,1740.0,1740.0,1.0,4.78748848099262,6.992670498222011,61.90104099063895
active,140.0,C07,1740.0,1740.0,1.0,4.789523959685421,6.989384879739938,61.90335832988867
active,140.0,C08,1740.0,1740.0,1.0,4.791295530185239,6.98654906120927,61.90537831205595
active,140.0,C09,1740.0,1740.0,1.0,4.792821101334024,6.984131270533397,61.90712072078967
active,140.0,S01,1240.0,1240.0,1.0,1.5416175453633583,1.269183034611746,68.85086718875755
active,140.0,S02,0.0,0.0,0.0,1.6500000544713798,0.0,66.02398644175628
active,140.0,S03,1240.0,1240.0,1.0,1.5422936260777313,1.2692060164731052,68.84798003987531
active,140.0,S04,1240.0,1240.0,1.0,1.5426171222251015,1.2692108884749578,68.84660243888676
active,140.0,S05,1240.0,1240.0,1.0,1.5429288105247845,1.2692134661306946,68.84526241063375
active,140.0,S06,1240.0,1240.0,1.0,1.5432288918307477,1.2692138311065126,68.84395985971939
active,140.0,S07,1240.0,1240.0,1.0,1.543517569671553,1.2692120661068225,68.84269468137556
active,140.0,S08,1240.0,1240.0,1.0,1.5437950501765,1.2692082548404575,68.84146676178436
active,140.0,S09,1240.0,1240.0,1.0,1.5440615420026318,1.269202481987725,68.84027597841492
active,140.0,C10,1740.0,1740.0,1.0,4.803942494235481,6.9657694681966715,61.91980002823258
active,140.0,C11,1740.0,1740.0,1.0,4.804688119123411,6.964479753208202,61.92065225143328
active,140.0,C12,1740.0,1740.0,1.0,4.805277756785769,6.9634682164446815,61.921328142294456
active,140.0,C13,1740.0,1740.0,1.0,4.805730600834068,6.96270055271786,61.92184931113734
active,140.0,C14,1740.0,1740.0,1.0,4.8060660616709034,6.962142049472794,61.92223764376143
active,140.0,C15,1740.0,1740.0,1.0,4.806303776297302,6.961757536213678,61.922515283675054
active,140.0,C16,1740.0,1740.0,1.0,4.806463574327972,6.961511241814983,61.92270458706833
active,140.0,C17,1740.0,1740.0,1.0,4.806565671801942,6.961366695757666,61.92282837906882
active,140.0,C18,1740.0,1740.0,1.0,4.806629743573826,6.961289425504906,61.92290907524354
active,142.0,C01,0.0,0.0,0.0,3.2176542233768597,0.0,51.01384393142696
active,142.0,C02,1740.0,1740.0,1.0,4.642122411801014,6.839073076015088,61.587010213287236
active,142.0,C03,1740.0,1740.0,1.0,4.645481499099944,6.834413045827989,61.590752020368136
active,142.0,C04,1740.0,1740.0,1.0,4.648498096379983,6.830244772428361,61.59411639856127
active,142.0,C05,1740.0,1740.0,1.0,4.651189471524964,6.82654369590961,61.59712161893664
active,142.0,C06,1740.0,1740.0,1.0,4.653573222096629,6.823284481659929,61.59978646521992
active,142.0,C07,1740.0,1740.0,1.0,4.655667249511985,6.820441089350766,61.6021301921153
active,142.0,C08,1740.0,1740.0,1.0,4.657489735399405,6.817986837159703,61.60417248596162
active,142.0,C09,1740.0,1740.0,1.0,4.659059120377252,6.815894460715249,61.60593342817738
active,142.0,S01,1240.0,1240.0,1.0,1.5416175453633583,1.257378647370296,68.84743066202329
active,142.0,S02,0.0,0.0,0.0,1.6500000544713798,0.0,65.93567034184092
active,142.0,S03,1240.0,1240.0,1.0,1.5422936260777313,1.2574256007910247,68.84459106318307
active,142.0,S04,1240.0,1240.0,1.0,1.5426171222251015,1.2574423451753587,68.84323756621518
active,142.0,S05,1240.0,1240.0,1.0,1.5364414563095978,1.2474484032759117,68.84242866735164
active,142.0,S06,1240.0,1240.0,1.0,1.5367403646175999,1.2474607955885129,68.84114975162773
active,142.0,S07,1240.0,1240.0,1.0,1.5370280584429385,1.2474709818006153,68.83990797187724
active,142.0,S08,1240.0,1240.0,1.0,1.537304737480922,1.2474790385805141,68.83870319823087
active,142.0,S09,1240.0,1240.0,1.0,1.5375706038709631,1.2474850435342049,68.83753529206292
active,142.0,C10,1740.0,1740.0,1.0,4.670499038186304,6.799939067259913,61.618770117640494
active,142.0,C11,1740.0,1740.0,1.0,4.671265963293403,6.798813332877338,61.61963455136024
active,142.0,C12,1740.0,1740.0,1.0,4.671872440214721,6.797929992686531,61.62031983692785
active,142.0,C13,1740.0,1740.0,1.0,4.672338213953562,6.797259217415988,61.62084793062331
active,142.0,C14,1740.0,1740.0,1.0,4.672683251293912,6.796770796855188,61.62124107017222
active,142.0,C15,1740.0,1740.0,1.0,4.672927751188486,6.7964340981515345,61.621521758283805
active,142.0,C16,1740.0,1740.0,1.0,4.673092110061538,6.796217929499093,61.62171272238174
active,142.0,C17,1740.0,1740.0,1.0,4.673197121363771,6.796090475495438,61.62183716613454
active,142.0,C18,1740.0,1740.0,1.0,4.673263021656962,6.796022078514516,61.62191783496682
active,144.0,C01,0.0,0.0,0.0,3.2176542233768597,0.0,51.0138429568247
active,144.0,C02,1740.0,1740.0,1.0,4.503887017224461,6.676273992352233,61.29824033977309
active,144.0,C03,1740.0,1740.0,1.0,4.507349125179637,6.672413150347245,61.302009934281465
active,144.0,C04,1740.0,1740.0,1.0,4.510458106426232,6.668957541772017,61.30539886723618
active,144.0,C05,1740.0,1740.0,1.0,4.513231799697691,6.665887687317425,61.30842554302834
active,144.0,C06,1740.0,1740.0,1.0,4.515688376227104,6.66318329283958,61.3111088953369
active,144.0,C07,1740.0,1740.0,1.0,4.517846313892968,6.660823324978887,61.31346834380922
active,144.0,C08,1740.0,1740.0,1.0,4.5197243735795,6.658786081921958,61.31552375314651
active,144.0,C09,1740.0,1740.0,1.0,4.521341577999637,6.657049258830035,61.31729539506296
active,144.0,S01,1240.0,1240.0,1.0,1.5416175453633583,1.2498340684773515,68.84575401819407
active,144.0,S02,0.0,0.0,0.0,1.6500000544713798,0.0,65.8608614101479
active,144.0,S03,1240.0,1240.0,1.0,1.5422936260777313,1.2499071629811889,68.84295934276507
active,144.0,S04,1240.0,1240.0,1.0,1.5426171222251015,1.2499368244756413,68.84162860217886
active,144.0,S05,1240.0,1240.0,1.0,1.5364414563095978,1.2400139893057507,68.8417270480821
active,144.0,S06,1240.0,1240.0,1.0,1.5367403646175999,1.2400388147515318,68.84047041443341
active,144.0,S07,1240.0,1240.0,1.0,1.5370280584429385,1.2400612420069217,68.83925069310033
active,144.0,S08,1240.0,1240.0,1.0,1.537304737480922,1.2400813457504545,68.8380677389155
active,144.0,S09,1240.0,1240.0,1.0,1.5375706038709631,1.2400992016294667,68.83692139791536
active,144.0,C10,1740.0,1740.0,1.0,4.533129056565341,6.643726951996916,61.33023093863414
active,144.0,C11,1740.0,1740.0,1.0,4.533919218248294,6.642782505936258,61.33110352837085
active,144.0,C12,1740.0,1740.0,1.0,4.534544064778248,6.642041128662484,61.33179503955423
active,144.0,C13,1740.0,1740.0,1.0,4.535023942974121,6.641477905205053,61.33232766426151
active,144.0,C14,1740.0,1740.0,1.0,4.5353794267624865,6.641067568554541,61.33272388104087
active,144.0,C15,1740.0,1740.0,1.0,4.535631328228217,6.640784467858668,61.33300643957393
active,144.0,C16,1740.0,1740.0,1.0,4.53580066216508,6.640602438680615,61.33319832498619
active,144.0,C17,1740.0,1740.0,1.0,4.5359088519171555,6.640494777244612,61.33332300397866
active,144.0,C18,1740.0,1740.0,1.0,4.535976746783887,6.6404370193657405,61.33340343440194
active,146.0,C01,0.0,0.0,0.0,3.2176542233768597,0.0,51.01384228852602
active,146.0,C02,1740.0,1740.0,1.0,4.361272296211372,6.5067975204365105,61.02186492970251
active,146.0,C03,1740.0,1740.0,1.0,4.364847524717835,6.503834724565028,61.02564145802924
active,146.0,C04,1740.0,1740.0,1.0,4.368057933178529,6.5011801538839595,61.02903633270763
active,146.0,C05,1740.0,1740.0,1.0,4.37092199147734,6.4988200158756895,61.032067966592024
active,146.0,C06,1740.0,1740.0,1.0,4.3734585043155905,6.496739658285952,61.03475531790771
active,146.0,C07,1740.0,1740.0,1.0,4.375686585409659,6.494923652095356,61.037117845285785
active,146.0,C08,1740.0,1740.0,1.0,4.3776256339374635,6.4933558695604905,61.03917546527068
active,146.0,C09,1740.0,1740.0,1.0,4.379295313486636,6.49201955688307,61.040948512780425
active,146.0,S01,1240.0,1240.0,1.0,1.5416175453633583,1.2442904439478568,68.84568829087304
active,146.0,S02,0.0,0.0,0.0,1.6500000544713798,0.0,65.79749384447852
active,146.0,S03,1240.0,1240.0,1.0,1.5422936260777313,1.2443934694815653,68.84293479134236
active,146.0,S04,1240.0,1240.0,1.0,1.5426171222251015,1.244437900965806,68.84162491884301
active,146.0,S05,1240.0,1240.0,1.0,1.5364414563095978,1.2345723493143153,68.84290824901602
active,146.0,S06,1240.0,1240.0,1.0,1.5367403646175999,1.2346113743040323,68.84167203532768
active,146.0,S07,1240.0,1240.0,1.0,1.5370280584429385,1.2346477725770546,68.84047253382799
active,146.0,S08,1240.0,1240.0,1.0,1.537304737480922,1.2346816167530734,68.8393095847619
active,146.0,S09,1240.0,1240.0,1.0,1.5375706038709631,1.234712980458694,68.83818301953916
active,146.0,C10,1740.0,1740.0,1.0,4.391464086299096,6.481660888243955,61.0539135843507
active,146.0,C11,1740.0,1740.0,1.0,4.392279733279633,6.480920268036262,61.054789526667044
active,146.0,C12,1740.0,1740.0,1.0,4.392924726556719,6.480338658620695,61.05548350503732
active,146.0,C13,1740.0,1740.0,1.0,4.393420073374082,6.479896646833317,61.05601781736563
active,146.0,C14,1740.0,1740.0,1.0,4.39378701378187,6.479574500130693,61.05641505195478
active,146.0,C15,1740.0,1740.0,1.0,4.394047032450044,6.479352145873935,61.056698073081805
active,146.0,C16,1740.0,1740.0,1.0,4.394221822424872,6.47920904852373,61.05688998971443
active,146.0,C17,1740.0,1740.0,1.0,4.394333497890003,6.479124228387659,61.05701439538418
active,146.0,C18,1740.0,1740.0,1.0,4.394403580139393,6.479078971013751,61.05709432287425
active,148.0,C01,0.0,0.0,0.0,3.2176542233768597,0.0,51.013841830264056
active,148.0,C02,1740.0,1740.0,1.0,4.213833625035355,6.325701237956328,60.75780878414913
active,148.0,C03,1740.0,1740.0,1.0,4.217533840031779,6.3237520844335995,60.76156802860339
active,148.0,C04,1740.0,1740.0,1.0,4.220856297646445,6.322001940071228,60.76494722649418
active,148.0,C05,1740.0,1740.0,1.0,4.2238201705752125,6.320443393063956,60.76796465337694
active,148.0,C06,1740.0,1740.0,1.0,4.226444967907205,6.319068123885698,60.7706391459089
active,148.0,C07,1740.0,1740.0,1.0,4.228750509489989,6.317866996141714,60.77299005520163
active,148.0,C08,1740.0,1740.0,1.0,4.2307569025747815,6.3168301424650215,60.77503720271188
active,148.0,C09,1740.0,1740.0,1.0,4.232484520999906,6.315947045046865,60.77680083915917
active,148.0,S01,1240.0,1240.0,1.0,1.5416175453633583,1.24048349951026,68.84702701560228
active,148.0,S02,0.0,0.0,0.0,1.6500000544713798,0.0,65.7438177888527
active,148.0,S03,1240.0,1240.0,1.0,1.5422936260777313,1.240620769532461,68.84430990182726
active,148.0,S04,1240.0,1240.0,1.0,1.5426171222251015,1.2406820808422,68.843018504658
active,148.0,S05,1240.0,1240.0,1.0,1.5364414563095978,1.2308622837423027,68.84568934900228
active,148.0,S06,1240.0,1240.0,1.0,1.5367403646175999,1.2309175178848548,68.84447121590568
active,148.0,S07,1240.0,1240.0,1.0,1.5370280584429385,1.2309698544750591,68.84328962828303
active,148.0,S08,1240.0,1240.0,1.0,1.537304737480922,1.2310193639529456,68.842144412476
active,148.0,S09,1240.0,1240.0,1.0,1.5375706038709631,1.2310661178111206,68.8410353859507
active,148.0,C10,1740.0,1740.0,1.0,4.2450741570710555,6.308939077149272,60.789714933786264
active,148.0,C11,1740.0,1740.0,1.0,4.24591792586206,6.308428595244105,60.790588660844534
active,148.0,C12,1740.0,1740.0,1.0,4.24658514938429,6.308027529408422,60.791280745349646
active,148.0,C13,1740.0,1740.0,1.0,4.247097564090574,6.307722655096384,60.79181344094707
active,148.0,C14,1740.0,1740.0,1.0,4.247477145348282,6.307500465834925,60.792209294383944
active,148.0,C15,1740.0,1740.0,1.0,4.247746120139576,6.3073471648725725,60.79249113174928
active,148.0,C16,1740.0,1740.0,1.0,4.247926929980403,6.3072485496479445,60.79268203142306
active,148.0,C17,1740.0,1740.0,1.0,4.248042451348145,6.307190081496128,60.79280555662998
active,148.0,C18,1740.0,1740.0,1.0,4.248114946999398,6.307159453957566,60.79288465776954
active,150.0,C01,0.0,0.0,0.0,3.2176542233768597,0.0,51.01384151602729
active,150.0,C02,1740.0,1740.0,1.0,4.061045628561243,6.127856417770957,60.50617339277819
active,150.0,C03,1740.0,1740.0,1.0,4.064884926980219,6.127052617545801,60.509887267907686
active,150.0,C04,1740.0,1740.0,1.0,4.0683320492751625,6.126324787120916,60.51322571519956
active,150.0,C05,1740.0,1740.0,1.0,4.071406957199906,6.12567266373615,60.51620670264054
active,150.0,C06,1740.0,1740.0,1.0,4.074129949391147,6.125095028989225,60.5188487750531
active,150.0,C07,1740.0,1740.0,1.0,4.076521636062982,6.124589807719047,60.52117100567762
active,150.0,C08,1740.0,1740.0,1.0,4.078602916007139,6.124154162001294,60.52319295035753
active,150.0,C09,1740.0,1740.0,1.0,4.080394956163137,6.123784579870362,60.52493460482272
active,150.0,S01,1240.0,1240.0,1.0,1.5416175453633583,1.2382031983928183,68.84953141949903
active,150.0,S02,0.0,0.0,0.0,1.6500000544713798,0.0,65.69835101232259
active,150.0,S03,1240.0,1240.0,1.0,1.5422936260777313,1.2383795752838411,68.84684489317125
active,150.0,S04,1240.0,1240.0,1.0,1.5426171222251015,1.238460144516213,68.84556908944576
active,150.0,S05,1240.0,1240.0,1.0,1.5364414563095978,1.2286764579133578,68.84977309514
active,150.0,S06,1240.0,1240.0,1.0,1.5367403646175999,1.2287501628807298,68.84857023877815
active,150.0,S07,1240.0,1240.0,1.0,1.5370280584429385,1.228820650092301,68.84740380428218
active,150.0,S08,1240.0,1240.0,1.0,1.537304737480922,1.2288879876364636,68.84627360476391
active,150.0,S09,1240.0,1240.0,1.0,1.5375706038709631,1.228952244708016,68.8451794444158
active,150.0,C10,1740.0,1740.0,1.0,4.0934523787153445,6.120569606942221,60.53770439941185
active,150.0,C11,1740.0,1740.0,1.0,4.094327394204641,6.120319236479687,60.53856947481566
active,150.0,C12,1740.0,1740.0,1.0,4.095019317262005,6.120122378922395,60.53925461931322
active,150.0,C13,1740.0,1740.0,1.0,4.095550695166875,6.119972779717868,60.539781869352005
active,150.0,C14,1740.0,1740.0,1.0,4.095944320670602,6.119863945899647,60.54017355584044
active,150.0,C15,1740.0,1740.0,1.0,4.096223245739739,6.119789151395434,60.54045229075602
active,150.0,C16,1740.0,1740.0,1.0,4.0964107435937755,6.119741328995957,60.540640944151384
active,150.0,C17,1740.0,1740.0,1.0,4.096530537690858,6.119713198295347,60.54076286809057
active,150.0,C18,1740.0,1740.0,1.0,4.096605714576089,6.119699613506074,60.54084075097178
active,152.0,C01,0.0,0.0,0.0,3.2176542233768597,0.0,51.013841300550645
active,152.0,C02,1740.0,1740.0,1.0,3.9022800226321737,5.907845949270435,60.26725660851071
active,152.0,C03,1740.0,1740.0,1.0,3.90627536758083,5.908333261160723,60.270892364654344
active,152.0,C04,1740.0,1740.0,1.0,3.9098623301770132,5.908758340084701,60.27416082107099
active,152.0,C05,1740.0,1740.0,1.0,3.913061766559988,5.909128889027939,60.277079437951734
active,152.0,C06,1740.0,1740.0,1.0,3.915894868647994,5.909451612777438,60.27966626859419
active,152.0,C07,1740.0,1740.0,1.0,3.9183831393914743,5.90973232433975,60.28193990905177
active,152.0,C08,1740.0,1740.0,1.0,3.9205483703481736,5.909976046699096,60.283919450453695
active,152.0,C09,1740.0,1740.0,1.0,3.922412621851423,5.910187109541591,60.28562443449418
active,152.0,S01,1240.0,1240.0,1.0,1.5416175453633583,1.2372792869172218,68.852947656078
active,152.0,S02,0.0,0.0,0.0,1.6500000544713798,0.0,65.65983797808532
active,152.0,S03,1240.0,1240.0,1.0,1.5422936260777313,1.2375001781397237,68.85028491379666
active,152.0,S04,1240.0,1240.0,1.0,1.5426171222251015,1.2376026482862144,68.8490213329802
active,152.0,S05,1240.0,1240.0,1.0,1.5364414563095978,1.2278470009047617,68.85486071695479
active,152.0,S06,1240.0,1240.0,1.0,1.5367403646175999,1.227941684574217,68.85366986838018
active,152.0,S07,1240.0,1240.0,1.0,1.5370280584429385,1.228032772593333,68.85251537112605
active,152.0,S08,1240.0,1240.0,1.0,1.537304737480922,1.228120330475784,68.85139702574958
active,152.0,S09,1240.0,1240.0,1.0,1.5375706038709631,1.2282044249042456,68.85031462383965
active,152.0,C10,1740.0,1740.0,1.0,3.935994176137471,5.911256878889558,60.298141186650305
active,152.0,C11,1740.0,1740.0,1.0,3.936904188409001,5.911299829021518,60.29899013554625
active,152.0,C12,1740.0,1740.0,1.0,3.9376237741214886,5.911333408782435,60.29966247475584
active,152.0,C13,1740.0,1740.0,1.0,3.938176389454852,5.9113591961395455,60.30017982322976
active,152.0,C14,1740.0,1740.0,1.0,3.938585743107739,5.911378581785297,60.30056409427397
active,152.0,C15,1740.0,1740.0,1.0,3.93887581128377,5.911392789301793,60.30083748216689
active,152.0,C16,1740.0,1740.0,1.0,3.939070798806274,5.911402774634289,60.301022443040736
active,152.0,C17,1740.0,1740.0,1.0,3.9391953777404245,5.911409420241738,60.30114190861307
active,152.0,C18,1740.0,1740.0,1.0,3.9392735572025526,5.911415558208116,60.301218099284846
active,154.0,C01,0.0,0.0,0.0,3.2176542233768597,0.0,51.01384115279524
active,154.0,C02,1740.0,1740.0,1.0,3.736774966841318,5.65991123344713,60.04158359256576
active,154.0,C03,1740.0,1740.0,1.0,3.7409470759617185,5.6618450782555545,60.0451027361242
active,154.0,C04,1740.0,1740.0,1.0,3.744692406422055,5.663562522239681,60.04826683064048
active,154.0,C05,1740.0,1740.0,1.0,3.7480328395961724,5.665080054497582,60.051092591042504
active,154.0,C06,1740.0,1740.0,1.0,3.750990589175274,5.666413137031332,60.05359734292283
active,154.0,C07,1740.0,1740.0,1.0,3.7535881773105,5.667576317190296,60.05579896999143
active,154.0,C08,1740.0,1740.0,1.0,3.755848413077596,5.668583335932825,60.05771586427407
active,154.0,C09,1740.0,1740.0,1.0,3.757794373543759,5.669447231526296,60.05936687955472
active,154.0,S01,1240.0,1240.0,1.0,1.5416175453633583,1.2375656142621563,68.85701879046356
active,154.0,S02,0.0,0.0,0.0,1.6500000544713798,0.0,65.62721517261375
active,154.0,S03,1240.0,1240.0,1.0,1.5422936260777313,1.2378369184609679,68.85437200726494
active,154.0,S04,1240.0,1240.0,1.0,1.5426171222251015,1.2379641690378693,68.85311678158536
active,154.0,S05,1240.0,1240.0,1.0,1.5364414563095978,1.2282298474847375,68.86066059427034
active,154.0,S06,1240.0,1240.0,1.0,1.5367403646175999,1.2283482332639195,68.85947801096503
active,154.0,S07,1240.0,1240.0,1.0,1.5370280584429385,1.228462578218003,68.85833177210753
active,154.0,S08,1240.0,1240.0,1.0,1.537304737480922,1.2285729450117493,68.8572216663885
active,154.0,S09,1240.0,1240.0,1.0,1.5375706038709631,1.2286793975507349,68.85614747347444
active,154.0,C10,1740.0,1740.0,1.0,3.771968707765995,5.675329806865043,60.071502894927704
active,154.0,C11,1740.0,1740.0,1.0,3.772918282508928,5.675701595606281,60.07232697209367
active,154.0,C12,1740.0,1740.0,1.0,3.7736691381604364,5.675993687582521,60.07297963865629
active,154.0,C13,1740.0,1740.0,1.0,3.7742457593852357,5.676216409728346,60.07348186226587
active,154.0,C14,1740.0,1740.0,1.0,3.774672890938938,5.676379962382868,60.07385490322874
active,154.0,C15,1740.0,1740.0,1.0,3.7749755541584835,5.676494455234454,60.074120300692776
active,154.0,C16,1740.0,1740.0,1.0,3.775179007118215,5.676569813926506,60.07429985721454
active,154.0,C17,1740.0,1740.0,1.0,3.775308994213494,5.676616048838564,60.074415840338155
active,154.0,C18,1740.0,1740.0,1.0,3.775390567378828,5.676644748888648,60.07448976582095
active,156.0,C01,0.0,0.0,0.0,3.2176542233768597,0.0,51.01384105147724
active,156.0,C02,1740.0,1740.0,1.0,3.576720799514351,5.397858787643513,59.829595288431996
active,156.0,C03,1740.0,1740.0,1.0,3.5807127471429476,5.400647273271971,59.83296568818717
active,156.0,C04,1740.0,1740.0,1.0,3.584296646615852,5.403130934049728,59.83599669783166
active,156.0,C05,1740.0,1740.0,1.0,3.587493333670563,5.405330363498711,59.838704102924495
active,156.0,C06,1740.0,1740.0,1.0,3.5903239803508487,5.407265330139212,59.84110431544059
active,156.0,C07,1740.0,1740.0,1.0,3.592810070357276,5.408954868839684,59.84321431913096
active,156.0,C08,1740.0,1740.0,1.0,3.5949733766702723,5.410417369788607,59.84505161768876
active,156.0,C09,1740.0,1740.0,1.0,3.596835941726698,5.411670664702839,59.84663418621736
active,156.0,S01,1240.0,1240.0,1.0,1.5416175453633583,1.2382666528914568,68.86152743930445
active,156.0,S02,0.0,0.0,0.0,1.6500000544713798,0.0,65.59958173739075
active,156.0,S03,1240.0,1240.0,1.0,1.5422936260777313,1.23859112379485,68.85888791891672
active,156.0,S04,1240.0,1240.0,1.0,1.5426171222251015,1.2387444861496306,68.85763675713567
active,156.0,S05,1240.0,1240.0,1.0,1.5364414563095978,1.2290295022484412,68.86692864106507
active,156.0,S06,1240.0,1240.0,1.0,1.5367403646175999,1.229172822686675,68.86575017825166
active,156.0,S07,1240.0,1240.0,1.0,1.5370280584429385,1.2293116127230272,68.86460812664731
active,156.0,S08,1240.0,1240.0,1.0,1.537304737480922,1.2294459320033853,68.86350226377827
active,156.0,S09,1240.0,1240.0,1.0,1.5375706038709631,1.2295758414901046,68.86243235808276
active,156.0,C10,1740.0,1740.0,1.0,3.6104087880833613,5.420485536569817,59.858281732988935
active,156.0,C11,1740.0,1740.0,1.0,3.6113183965332394,5.421062174110369,59.859073496948234
active,156.0,C12,1740.0,1740.0,1.0,3.6120376778056005,5.421515048429301,59.85970065193769
active,156.0,C13,1740.0,1740.0,1.0,3.6125900744542507,5.4218598897145505,59.86018331581536
active,156.0,C14,1740.0,1740.0,1.0,3.6129992818720864,5.422112379880016,59.860541895507595
active,156.0,C15,1740.0,1740.0,1.0,3.613289263541423,5.422288189946689,59.860797072494165
active,156.0,C16,1740.0,1740.0,1.0,3.6134842137935843,5.422402890922822,59.86096979090125
active,156.0,C17,1740.0,1740.0,1.0,3.6136087944662405,5.422472252920476,59.86108144548591
active,156.0,C18,1740.0,1740.0,1.0,3.613686979139136,5.422513278242522,59.8611526474478
active,158.0,C01,0.0,0.0,0.0,3.2176542233768597,0.0,51.013840982002044
active,158.0,C02,1740.0,1740.0,1.0,3.426168669765627,5.129628472925761,59.63159604666156
active,158.0,C03,1740.0,1740.0,1.0,3.4299746912231734,5.133113805893561,59.63479014549447
active,158.0,C04,1740.0,1740.0,1.0,3.4333919743558896,5.136223087805448,59.63766341237344
active,158.0,C05,1740.0,1740.0,1.0,3.4364402916462375,5.1389799704011905,59.640230555031565
active,158.0,C06,1740.0,1740.0,1.0,3.43913975236589,5.141407496817369,59.64250691996191
active,158.0,C07,1740.0,1740.0,1.0,3.4415107774702975,5.143528170486314,59.64450843598084
active,158.0,C08,1740.0,1740.0,1.0,3.4435740767048117,5.145364023295046,59.646251560632415
active,158.0,C09,1740.0,1740.0,1.0,3.445350628201447,5.14693668265009,59.64775322992583
active,158.0,S01,1240.0,1240.0,1.0,1.5416175453633583,1.238775217973877,68.86631816434841
active,158.0,S02,0.0,0.0,0.0,1.6500000544713798,0.0,65.5761745922607
active,158.0,S03,1240.0,1240.0,1.0,1.5422936260777313,1.2391521371965208,68.8636766305267
active,158.0,S04,1240.0,1240.0,1.0,1.5426171222251015,1.2393312366131966,68.86242496117252
active,158.0,S05,1240.0,1240.0,1.0,1.5364414563095978,1.229636712420359,68.87348909831529
active,158.0,S06,1240.0,1240.0,1.0,1.5367403646175999,1.2298045652245602,68.87231034721461
active,158.0,S07,1240.0,1240.0,1.0,1.5370280584429385,1.2299673828610298,68.87116815571255
active,158.0,S08,1240.0,1240.0,1.0,1.537304737480922,1.2301252219288412,68.87006229087974
active,158.0,S09,1240.0,1240.0,1.0,1.5375706038709631,1.23027814041727,68.86899251062604
active,158.0,C10,1740.0,1740.0,1.0,3.458301372503029,5.158167389068781,59.65881914373271
active,158.0,C11,1740.0,1740.0,1.0,3.4591695025483844,5.158913321889922,59.659572125778055
active,158.0,C12,1740.0,1740.0,1.0,3.4598560293864726,5.159499089064989,59.660168696043655
active,158.0,C13,1740.0,1740.0,1.0,3.4603833135336597,5.159944862163234,59.66062795043316
active,158.0,C14,1740.0,1740.0,1.0,3.4607739600699357,5.160270839299826,59.66096926834783
active,158.0,C15,1740.0,1740.0,1.0,3.461050832725749,5.160497281730929,59.661212297303564
active,158.0,C16,1740.0,1740.0,1.0,3.4612370191917172,5.160644428382498,59.66137694440779
active,158.0,C17,1740.0,1740.0,1.0,3.4613560548335442,5.1607328186693,59.66148354958789
active,158.0,C18,1740.0,1740.0,1.0,3.4614307947643472,5.160783874900187,59.66155164714688
active,160.0,C01,0.0,0.0,0.0,3.2176542233768597,0.0,51.01384093436191
active,160.0,C02,1740.0,1740.0,1.0,3.2849778366695683,4.859542765982399,59.44778389796825
active,160.0,C03,1740.0,1740.0,1.0,3.28859405271383,4.863555963999195,59.45077821076738
active,160.0,C04,1740.0,1740.0,1.0,3.2918412271109796,4.867140007977273,59.45347270172187
active,160.0,C05,1740.0,1740.0,1.0,3.2947380601138945,4.870320580843243,59.45588088122691
active,160.0,C06,1740.0,1740.0,1.0,3.2973035862230797,4.873122971958655,59.45801690654945
active,160.0,C07,1740.0,1740.0,1.0,3.2995571489177387,4.8755721239133445,59.45989552399145
active,160.0,C08,1740.0,1740.0,1.0,3.301518377527639,4.877692679954786,59.46153201390023
active,160.0,C09,1740.0,1740.0,1.0,3.3032071665206493,4.879509031763609,59.462942139011766
active,160.0,S01,1240.0,1240.0,1.0,1.5416175453633583,1.2389302025747966,68.87129111306704
active,160.0,S02,0.0,0.0,0.0,1.6500000544713798,0.0,65.55634736344464
active,160.0,S03,1240.0,1240.0,1.0,1.5422936260777313,1.2393577236456934,68.86863798728598
active,160.0,S04,1240.0,1240.0,1.0,1.5426171222251015,1.2395616314809563,68.867381095178
active,160.0,S05,1240.0,1240.0,1.0,1.5364414563095978,1.2298894182377362,68.88022681361223
active,160.0,S06,1240.0,1240.0,1.0,1.5367403646175999,1.2300808711816702,68.87904323326859
active,160.0,S07,1240.0,1240.0,1.0,1.5370280584429385,1.2302667789149169,68.87789644853933
active,160.0,S08,1240.0,1240.0,1.0,1.537304737480922,1.2304471950064595,68.8767862167463
active,160.0,S09,1240.0,1240.0,1.0,1.5375706038709631,1.2306221744851262,68.87571228596902
active,160.0,C10,1740.0,1740.0,1.0,3.3155216984514073,4.892594871991916,59.47334644702645
active,160.0,C11,1740.0,1740.0,1.0,3.316347290508535,4.893471366147434,59.47405507577195
active,160.0,C12,1740.0,1740.0,1.0,3.3170002392023155,4.894159630634329,59.47461669345072
active,160.0,C13,1740.0,1740.0,1.0,3.3175017948475847,4.894683239046746,59.47504922606226
active,160.0,C14,1740.0,1740.0,1.0,3.317873443214233,4.895065859226459,59.47537087557854
active,160.0,C15,1740.0,1740.0,1.0,3.3181369185205316,4.895331287391651,59.47560010359266
active,160.0,C16,1740.0,1740.0,1.0,3.318314171223659,4.895503366005762,59.475755626049846
active,160.0,C17,1740.0,1740.0,1.0,3.318427578822105,4.8956071381920285,59.47585655519269
active,160.0,C18,1740.0,1740.0,1.0,3.318498850353074,4.895665747551136,59.47592123255378
active,162.0,C01,0.0,0.0,0.0,3.2176542233768597,0.0,51.013840901694394
active,162.0,C02,1740.0,1740.0,1.0,3.152971129726519,4.59196774880111,59.278254181810276
active,162.0,C03,1740.0,1740.0,1.0,3.156395429892201,4.596341243910406,59.28102927728309
active,162.0,C04,1740.0,1740.0,1.0,3.1594705906770946,4.600250208542633,59.28352757324073
active,162.0,C05,1740.0,1740.0,1.0,3.162214239351281,4.6037214155370965,59.28576128979414
active,162.0,C06,1740.0,1740.0,1.0,3.164644332307614,4.606781444299307,59.28774329743816
active,162.0,C07,1740.0,1740.0,1.0,3.1667791298817654,4.609456707230359,59.2894870582604
active,162.0,C08,1740.0,1740.0,1.0,3.168637173234134,4.61177347786074,59.291006569973035
active,162.0,C09,1740.0,1740.0,1.0,3.1702372635623326,4.613757920486278,59.2923163132453
active,162.0,S01,1240.0,1240.0,1.0,1.5416175453633583,1.2386268889975929,68.87639408367421
active,162.0,S02,0.0,0.0,0.0,1.6500000544713798,0.0,65.53955253432987
active,162.0,S03,1240.0,1240.0,1.0,1.5422936260777313,1.2391022233953581,68.87371974107582
active,162.0,S04,1240.0,1240.0,1.0,1.5426171222251015,1.2393295498151558,68.87245289307239
active,162.0,S05,1240.0,1240.0,1.0,1.5364414563095978,1.229681878047548,68.887078247753
active,162.0,S06,1240.0,1240.0,1.0,1.5367403646175999,1.229895560613896,68.88588528634028
active,162.0,S07,1240.0,1240.0,1.0,1.5370280584429385,1.230103192358809,68.88472944818128
active,162.0,S08,1240.0,1240.0,1.0,1.537304737480922,1.2303048238792786,68.88361048154576
active,162.0,S09,1240.0,1240.0,1.0,1.5375706038709631,1.2305005072958355,68.88252812537077
active,162.0,C10,1740.0,1740.0,1.0,3.1819075669940564,4.6281365626519015,59.301992355636024
active,162.0,C11,1740.0,1740.0,1.0,3.1826899867965617,4.629104669657354,59.302651974789164
active,162.0,C12,1740.0,1740.0,1.0,3.1833088683645667,4.629864859388097,59.30317499070645
active,162.0,C13,1740.0,1740.0,1.0,3.1837843347343444,4.630443069316498,59.30357803612998
active,162.0,C14,1740.0,1740.0,1.0,3.1841367346318563,4.630865388971732,59.30387801040863
active,162.0,C15,1740.0,1740.0,1.0,3.184386654437472,4.631158090520999,59.30409206212892
active,162.0,C16,1740.0,1740.0,1.0,3.1845548883755757,4.631347549966148,59.30423758697675
active,162.0,C17,1740.0,1740.0,1.0,3.1846626238339355,4.631461931301994,59.304332319205315
active,162.0,C18,1740.0,1740.0,1.0,3.184730433176924,4.6315256259125,59.304393322990315
active,164.0,C01,0.0,0.0,0.0,3.2176542233768597,0.0,51.01384087929381
active,164.0,C02,1740.0,1740.0,1.0,3.0299364949407552,4.33097124015935,59.12299476722489
active,164.0,C03,1740.0,1740.0,1.0,3.03316842054121,4.335549479222173,59.12553536145397
active,164.0,C04,1740.0,1740.0,1.0,3.036071144825531,4.339644065181721,59.12782374542944
active,164.0,C05,1740.0,1740.0,1.0,3.0386612290933197,4.343282050096219,59.129870781552945
active,164.0,C06,1740.0,1740.0,1.0,3.0409555564614146,4.346490467979007,59.13168798146215
active,164.0,C07,1740.0,1740.0,1.0,3.042971306988938,4.349296343556241,59.13328744674492
active,164.0,C08,1740.0,1740.0,1.0,3.0447259347786138,4.351726703489528,59.134681812424
active,164.0,C09,1740.0,1740.0,1.0,3.0462371473153897,4.353808589960123,59.13588419367941
active,164.0,S01,1240.0,1240.0,1.0,1.5416175453633583,1.237817257065255,68.88161342559009
active,164.0,S02,0.0,0.0,0.0,1.6500000544713798,0.0,65.52532632613854
active,164.0,S03,1240.0,1240.0,1.0,1.5422936260777313,1.2383369156946529,68.87890842082244
active,164.0,S04,1240.0,1240.0,1.0,1.5426171222251015,1.2385859294249002,68.87762697663133
active,164.0,S05,1240.0,1240.0,1.0,1.5364414563095978,1.2289650822228366,68.89402154080969
active,164.0,S06,1240.0,1240.0,1.0,1.5367403646175999,1.2291993026407917,68.89281474230631
active,164.0,S07,1240.0,1240.0,1.0,1.5370280584429385,1.2294269798586739,68.89164548836644
active,164.0,S08,1240.0,1240.0,1.0,1.537304737480922,1.2296481615951267,68.89051351888635
active,164.0,S09,1240.0,1240.0,1.0,1.5375706038709631,1.2298628971486276,68.88941856433088
active,164.0,C10,1740.0,1740.0,1.0,3.0572608913579864,4.368952814666776,59.144779063594704
active,164.0,C11,1740.0,1740.0,1.0,3.057999902293014,4.369975942280009,59.145385966802785
active,164.0,C12,1740.0,1740.0,1.0,3.058584540542133,4.3707793288889505,59.14586747758995
active,164.0,C13,1740.0,1740.0,1.0,3.0590337951794977,4.371390306144979,59.14623883752989
active,164.0,C14,1740.0,1740.0,1.0,3.0593668707091255,4.371836404025226,59.146515543773795
active,164.0,C15,1740.0,1740.0,1.0,3.0596031980621494,4.372145377341407,59.146713330653824
active,164.0,C16,1740.0,1740.0,1.0,3.0597624070943716,4.372345130472605,59.14684817055537
active,164.0,C17,1740.0,1740.0,1.0,3.0598644776119825,4.372465679343689,59.14693629860662
active,164.0,C18,1740.0,1740.0,1.0,3.059928858192744,4.3725321652963,59.14699343790031
active,166.0,C01,0.0,0.0,0.0,3.2176542233768597,0.0,51.0138408639334
active,166.0,C02,1740.0,1740.0,1.0,2.915628354120917,4.080060157196522,58.981881316020996
active,166.0,C03,1740.0,1740.0,1.0,2.918668975057746,4.0847070803281555,58.98417631228011
active,166.0,C04,1740.0,1740.0,1.0,2.921400211040866,4.088865280937467,58.98624480864418
active,166.0,C05,1740.0,1740.0,1.0,2.923837571661213,4.092561432170217,58.98809626691156
active,166.0,C06,1740.0,1740.0,1.0,2.925996879205632,4.0958223341931275,58.989740792469995
active,166.0,C07,1740.0,1740.0,1.0,2.927894244270016,4.098674908456344,58.99118907496617
active,166.0,C08,1740.0,1740.0,1.0,2.9295460432578984,4.10114619490493,58.99245233166729
active,166.0,C09,1740.0,1740.0,1.0,2.9309688980166477,4.103263352134919,58.99354225397023
active,166.0,S01,1240.0,1240.0,1.0,1.5416175453633583,1.236504177831369,68.88696441024287
active,166.0,S02,0.0,0.0,0.0,1.6500000544713798,0.0,65.5132758909647
active,166.0,S03,1240.0,1240.0,1.0,1.5422936260777313,1.2370642304079202,68.88421966662487
active,166.0,S04,1240.0,1240.0,1.0,1.5426171222251015,1.2373329869231082,68.88291917143347
active,166.0,S05,1240.0,1240.0,1.0,1.5364414563095978,1.2277410261733566,68.9010662166139
active,166.0,S06,1240.0,1240.0,1.0,1.5367403646175999,1.2279938957833894,68.89984130968372
active,166.0,S07,1240.0,1240.0,1.0,1.5370280584429385,1.2282397504149885,68.89865446250776
active,166.0,S08,1240.0,1240.0,1.0,1.537304737480922,1.228478635030418,68.89750540726227
active,166.0,S09,1240.0,1240.0,1.0,1.5375706038709631,1.2287105962197147,68.89639386658607
active,166.0,C10,1740.0,1740.0,1.0,2.941349008571526,4.118707766776204,59.00161702800576
active,166.0,C11,1740.0,1740.0,1.0,2.942044742254933,4.119753558511302,59.0021684767139
active,166.0,C12,1740.0,1740.0,1.0,2.942595250483142,4.12057473523502,59.00260633872191
active,166.0,C13,1740.0,1740.0,1.0,2.9430183913324326,4.121199169840031,59.00294439236585
active,166.0,C14,1740.0,1740.0,1.0,2.9433322277029794,4.121654967786792,59.003196659088516
active,166.0,C15,1740.0,1740.0,1.0,2.943555037407225,4.121970489464025,59.00337738403804
active,166.0,C16,1740.0,1740.0,1.0,2.9437052878773793,4.122174278785783,59.003501039829736
active,166.0,C17,1740.0,1740.0,1.0,2.9438017474128917,4.122297107716987,59.003582273113615
active,166.0,C18,1740.0,1740.0,1.0,2.9438627571752516,4.122364350075111,59.00363541981213
active,168.0,C01,0.0,0.0,0.0,3.2176542233768597,0.0,51.01384085340055
active,168.0,C02,1740.0,1740.0,1.0,2.8097692184068213,3.842019576116755,58.85467625957467
active,168.0,C03,1740.0,1740.0,1.0,2.8126210020069236,3.846622687153864,58.85671867205299
active,168.0,C04,1740.0,1740.0,1.0,2.8151829510831825,3.8507434933911435,58.858560981459576
active,168.0,C05,1740.0,1740.0,1.0,2.817469544444952,3.8544077860120303,58.86021122921449
active,168.0,C06,1740.0,1740.0,1.0,2.8194955629889935,3.857641596292557,58.861678090506736
active,168.0,C07,1740.0,1740.0,1.0,2.8212760659541813,3.860471178628834,58.862970815341555
active,168.0,C08,1740.0,1740.0,1.0,2.822826368967004,3.862922996769926,58.8640991721792
active,168.0,C09,1740.0,1740.0,1.0,2.824162024120162,3.865023713341521,58.86507339460787
active,168.0,S01,1240.0,1240.0,1.0,1.5416175453633583,1.2347310692678093,68.8924817840966
active,168.0,S02,0.0,0.0,0.0,1.6500000544713798,0.0,65.50306846352333
active,168.0,S03,1240.0,1240.0,1.0,1.5422936260777313,1.235327388576947,68.88968874252157
active,168.0,S04,1240.0,1240.0,1.0,1.5426171222251015,1.2356138504514849,68.88836499969672
active,168.0,S05,1240.0,1240.0,1.0,1.5364414563095978,1.2260524157805777,68.90824319835605
active,168.0,S06,1240.0,1240.0,1.0,1.5367403646175999,1.2263219650434383,68.90699616576299
active,168.0,S07,1240.0,1240.0,1.0,1.5370280584429385,1.2265840537989507,68.90578780054399
active,168.0,S08,1240.0,1240.0,1.0,1.537304737480922,1.2268387243957473,68.90461782777817
active,168.0,S09,1240.0,1240.0,1.0,1.5375706038709631,1.2270860208493564,68.90348596289523
active,168.0,C10,1740.0,1740.0,1.0,2.833906229727021,3.8803800733693907,58.87230295423976
active,168.0,C11,1740.0,1740.0,1.0,2.8345591544817523,3.881421495866483,58.87279716594201
active,168.0,C12,1740.0,1740.0,1.0,2.8350759105559806,3.882239233395181,58.873189985963265
active,168.0,C13,1740.0,1740.0,1.0,2.8354732368339786,3.8828609910592613,58.873493682794056
active,168.0,C14,1740.0,1740.0,1.0,2.8357680662061533,3.883314729251473,58.87372075437101
active,168.0,C15,1740.0,1740.0,1.0,2.8359775348054805,3.883628682104692,58.8738839077181
active,168.0,C16,1740.0,1740.0,1.0,2.8361189588223046,3.8838312903032746,58.87399606547427
active,168.0,C17,1740.0,1740.0,1.0,2.8362099033135384,3.8839531883886504,58.87407022827827
active,168.0,C18,1740.0,1740.0,1.0,2.836267622551616,3.8840195243468174,58.87411931524089
active,170.0,C01,0.0,0.0,0.0,3.2176542233768597,0.0,51.01384084617802
active,170.0,C02,1740.0,1740.0,1.0,2.7120518316012228,3.6188532967172473,58.741032667233746
active,170.0,C03,1740.0,1740.0,1.0,2.714718504143259,3.6233247031435765,58.74281941887115
active,170.0,C04,1740.0,1740.0,1.0,2.717114496589252,3.627329089181849,58.744432740075226
active,170.0,C05,1740.0,1740.0,1.0,2.719253283910919,3.63089100472935,58.745879253304835
active,170.0,C06,1740.0,1740.0,1.0,2.7211486313661597,3.6340353222081037,58.74716620123418
active,170.0,C07,1740.0,1740.0,1.0,2.722814571522373,3.6367872114117676,58.748301388560435
active,170.0,C08,1740.0,1740.0,1.0,2.7242653829732757,3.639172117639324,58.749293126284606
active,170.0,C09,1740.0,1740.0,1.0,2.7255155709810124,3.641215743276509,58.7501501788935
active,170.0,S01,1240.0,1240.0,1.0,1.5416175453633583,1.2325693323279727,68.89821114758145
active,170.0,S02,0.0,0.0,0.0,1.6500000544713798,0.0,65.4944221720436
active,170.0,S03,1240.0,1240.0,1.0,1.5422936260777313,1.2331978005808484,68.8953618748193
active,170.0,S04,1240.0,1240.0,1.0,1.5426171222251015,1.2334999388461036,68.89401099854209
active,170.0,S05,1240.0,1240.0,1.0,1.5364414563095978,1.2239701259374558,68.91559575161874
active,170.0,S06,1240.0,1240.0,1.0,1.5367403646175999,1.2242544014686074,68.91432288009602
active,170.0,S07,1240.0,1240.0,1.0,1.5370280584429385,1.224530801082899,68.91308937310298
active,170.0,S08,1240.0,1240.0,1.0,1.537304737480922,1.2247993646717938,68.9118949492101
active,170.0,S09,1240.0,1240.0,1.0,1.5375706038709631,1.225060133823938,68.9107393172216
active,170.0,C10,1740.0,1740.0,1.0,2.734635925214907,3.656177859131291,58.75652259314008
active,170.0,C11,1740.0,1740.0,1.0,2.735246812702177,3.657193561517377,58.75695869858386
active,170.0,C12,1740.0,1740.0,1.0,2.735730432705107,3.657991091810307,58.75730580021668
active,170.0,C13,1740.0,1740.0,1.0,2.736102424703728,3.658597430212229,58.75757463434094
active,170.0,C14,1740.0,1740.0,1.0,2.736378611275224,3.6590398246312352,58.75777615212097
active,170.0,C15,1740.0,1740.0,1.0,2.7365750065344483,3.659345805648524,58.75792149833362
active,170.0,C16,1740.0,1740.0,1.0,2.7367077949505347,3.659543123840379,58.75802202053268
active,170.0,C17,1740.0,1740.0,1.0,2.7367933573548173,3.6596616354946754,58.758089044887825
active,170.0,C18,1740.0,1740.0,1.0,2.7368478856540146,3.6597258113250963,58.758134061468695
active,172.0,C01,0.0,0.0,0.0,3.2176542233768597,0.0,51.01384084122544
active,172.0,C02,1740.0,1740.0,1.0,2.622141972559554,3.411808641710928,58.6405028305276
active,172.0,C03,1740.0,1740.0,1.0,2.6246283752865365,3.416083813492681,58.642034441262474
active,172.0,C04,1740.0,1740.0,1.0,2.6268627411195067,3.4199136674148956,58.64341919437577
active,172.0,C05,1740.0,1740.0,1.0,2.6288575734507837,3.423321277082694,58.644662313612294
active,172.0,C06,1740.0,1740.0,1.0,2.630625653228234,3.426330093740692,58.645769626161
active,172.0,C07,1740.0,1740.0,1.0,2.63218001685057,3.4289639156134983,58.646747505557734
active,172.0,C08,1740.0,1740.0,1.0,2.633533935657383,3.431246860489442,58.647602816929385
active,172.0,C09,1740.0,1740.0,1.0,2.6347008972346933,3.4332033417652164,58.648342864991214
active,172.0,S01,1240.0,1240.0,1.0,1.5416175453633583,1.2301058141025527,68.90420163384303
active,172.0,S02,0.0,0.0,0.0,1.6500000544713798,0.0,65.48709825455487
active,172.0,S03,1240.0,1240.0,1.0,1.5422936260777313,1.2307624802177295,68.90128889272614
active,172.0,S04,1240.0,1240.0,1.0,1.5426171222251015,1.231078351321346,68.8999073418252
active,172.0,S05,1240.0,1240.0,1.0,1.5364414563095978,1.2215806643289362,68.92317180933173
active,172.0,S06,1240.0,1240.0,1.0,1.5367403646175999,1.2218778019565673,68.92186972119397
active,172.0,S07,1240.0,1240.0,1.0,1.5370280584429385,1.222166680587921,68.92060778019102
active,172.0,S08,1240.0,1240.0,1.0,1.537304737480922,1.222447337821328,68.91938569893618
active,172.0,S09,1240.0,1240.0,1.0,1.5375706038709631,1.2227198129741088,68.91820318015625
active,172.0,C10,1740.0,1740.0,1.0,2.643213283835103,3.4475439476149323,58.65385839021215
active,172.0,C11,1740.0,1740.0,1.0,2.6437831743537954,3.4485180565538287,58.654236363780065
active,172.0,C12,1740.0,1740.0,1.0,2.644234485203277,3.4492829130109084,58.65453773273858
active,172.0,C13,1740.0,1740.0,1.0,2.6445817833296186,3.449864360488105,58.654771701226935
active,172.0,C14,1740.0,1740.0,1.0,2.6448398078831157,3.450288513926884,58.65494767300732
active,172.0,C15,1740.0,1740.0,1.0,2.6450234779183885,3.4505817716980043,58.65507522940415
active,172.0,C16,1740.0,1740.0,1.0,2.6451478731059765,3.4507707576312407,58.655164140971024
active,172.0,C17,1740.0,1740.0,1.0,2.6452282173330266,3.4508843188483858,58.655224051337285
active,172.0,C18,1740.0,1740.0,1.0,2.6452796699747556,3.4509454251436025,58.65526503789229
active,174.0,C01,0.0,0.0,0.0,3.2176542233768597,0.0,51.01384083782938
active,174.0,C02,1740.0,1740.0,1.0,2.5396819274221376,3.2214597307661172,58.55255067607051
active,174.0,C03,1740.0,1740.0,1.0,2.5419938691577193,3.225494821778484,58.55383086916402
active,174.0,C04,1740.0,1740.0,1.0,2.544071806043245,3.22911057529775,58.55499034507917
active,174.0,C05,1740.0,1740.0,1.0,2.54592730672047,3.232328455326512,58.55603296527415
active,174.0,C06,1740.0,1740.0,1.0,2.547572203962205,3.2351703356238897,58.556963175216886
active,174.0,C07,1740.0,1740.0,1.0,2.549018573521741,3.2376584657572716,58.55778594866574
active,174.0,C08,1740.0,1740.0,1.0,2.550278714477779,3.23981544026946,58.55850673415001
active,174.0,C09,1740.0,1740.0,1.0,2.5513651312843786,3.241664171219273,58.55913140404526
active,174.0,S01,1240.0,1240.0,1.0,1.5416175453633583,1.227431956149028,68.91050014839239
active,174.0,S02,0.0,0.0,0.0,1.6500000544713798,0.0,65.48089446562324
active,174.0,S03,1240.0,1240.0,1.0,1.5422936260777313,1.228113142706468,68.90751743439462
active,174.0,S04,1240.0,1240.0,1.0,1.5426171222251015,1.2284409405619374,68.90610202963789
active,174.0,S05,1240.0,1240.0,1.0,1.5364414563095978,1.2189753051297838,68.93101792537834
active,174.0,S06,1240.0,1240.0,1.0,1.5367403646175999,1.2192835787009983,68.92968359412885
active,174.0,S07,1240.0,1240.0,1.0,1.5370280584429385,1.2195832433139502,68.92839027304728
active,174.0,S08,1240.0,1240.0,1.0,1.537304737480922,1.2198743344404368,68.92713766930285
active,174.0,S09,1240.0,1240.0,1.0,1.5375706038709631,1.2201568892852164,68.925925480056
active,174.0,C10,1740.0,1740.0,1.0,2.5592887592629836,3.2552265726328855,58.563801194768914
active,174.0,C11,1740.0,1740.0,1.0,2.559818926295687,3.256148119214181,58.564121764755775
active,174.0,C12,1740.0,1740.0,1.0,2.5602389377905137,3.256871687243771,58.56437797839558
active,174.0,C13,1740.0,1740.0,1.0,2.5605623211890065,3.2574217010688127,58.56457752763736
active,174.0,C14,1740.0,1740.0,1.0,2.560802765354638,3.257822853284621,58.5647282884188
active,174.0,C15,1740.0,1740.0,1.0,2.560974127587638,3.258100114262339,58.56483829788178
active,174.0,C16,1740.0,1740.0,1.0,2.5610904161245833,3.2582792484580123,58.56491575430357
active,174.0,C17,1740.0,1740.0,1.0,2.5611657265933467,3.258386483671931,58.56496866206163
active,174.0,C18,1740.0,1740.0,1.0,2.5612142318423663,3.2584439155416813,58.565005703577626
active,176.0,C01,0.0,0.0,0.0,3.2176542233768597,0.0,51.01384083550065
active,176.0,C02,1740.0,1740.0,1.0,2.4642945539513055,3.0478227868514045,58.47656681139539
active,176.0,C03,1740.0,1740.0,1.0,2.466438662388127,3.051591265588039,58.477602068405375
active,176.0,C04,1740.0,1740.0,1.0,2.468366102429436,3.0549688928769845,58.47854203175501
active,176.0,C05,1740.0,1740.0,1.0,2.4700875485952847,3.0579754690669114,58.479389250444534
active,176.0,C06,1740.0,1740.0,1.0,2.471613925629699,3.060631217949505,58.480146835949476
active,176.0,C07,1740.0,1740.0,1.0,2.472956388367178,3.0629567512786697,58.48081840810862
active,176.0,C08,1740.0,1740.0,1.0,2.4741263029959577,3.0649730362246235,58.481408043064704
active,176.0,C09,1740.0,1740.0,1.0,2.4751352299161646,3.066701366047429,58.48192022363447
active,176.0,S01,1240.0,1240.0,1.0,1.5416175453633583,1.2246355180058932,68.91714722652013
active,176.0,S02,0.0,0.0,0.0,1.6500000544713798,0.0,65.4756394914694
active,176.0,S03,1240.0,1240.0,1.0,1.5422936260777313,1.225337883390152,68.91408877636282
active,176.0,S04,1240.0,1240.0,1.0,1.5426171222251015,1.225675969324493,68.91263670401575
active,176.0,S05,1240.0,1240.0,1.0,1.5364414563095978,1.2162417889553458,68.93917490252525
active,176.0,S06,1240.0,1240.0,1.0,1.5367403646175999,1.2165596377837895,68.93780565523309
active,176.0,S07,1240.0,1240.0,1.0,1.5370280584429385,1.2168685604621376,68.93647835586314
active,176.0,S08,1240.0,1240.0,1.0,1.537304737480922,1.2171685905009324,68.93519270661491
active,176.0,S09,1240.0,1240.0,1.0,1.5375706038709631,1.2174597631506359,68.9339483995564
active,176.0,C10,1740.0,1740.0,1.0,2.482492125627243,3.079388434512219,58.485764858432994
active,176.0,C11,1740.0,1740.0,1.0,2.4829840401789913,3.080250592748275,58.486029404554564
active,176.0,C12,1740.0,1740.0,1.0,2.4833739168996347,3.0809275120050383,58.48624155137508
active,176.0,C13,1740.0,1740.0,1.0,2.483674281982278,3.081442023750932,58.48640751582689
active,176.0,C14,1740.0,1740.0,1.0,2.48389781245291,3.0818172192871285,58.48653368304342
active,176.0,C15,1740.0,1740.0,1.0,2.484057342554593,3.0820764572875814,58.48662658294276
active,176.0,C16,1740.0,1740.0,1.0,2.484165833311568,3.0822442250438424,58.486692861509496
active,176.0,C17,1740.0,1740.0,1.0,2.484236319088079,3.082344298803025,58.486738954392116
active,176.0,C18,1740.0,1740.0,1.0,2.4842820155378513,3.0823977052473457,58.48677217357202
active,178.0,C01,0.0,0.0,0.0,3.2176542233768597,0.0,51.013840833903814
active,178.0,C02,1740.0,1740.0,1.0,2.3955877999961634,2.8904813475804185,58.411884963552126
active,178.0,C03,1740.0,1740.0,1.0,2.3975713736207167,2.893970497418105,58.4126840566687
active,178.0,C04,1740.0,1740.0,1.0,2.3993548507669358,2.897098387636823,58.41341232805116
active,178.0,C05,1740.0,1740.0,1.0,2.4009480554798657,2.8998831598968504,58.41407107470609
active,178.0,C06,1740.0,1740.0,1.0,2.4023610478289106,2.902343378878193,58.41466213302821
active,178.0,C07,1740.0,1740.0,1.0,2.4036041048368744,2.9044979966000786,58.41518782647318
active,178.0,C08,1740.0,1740.0,1.0,2.40468770270839,2.906366319464678,58.4156509151332
active,178.0,C09,1740.0,1740.0,1.0,2.4056225005444256,2.9079679783252548,58.41605454757339
active,178.0,S01,1240.0,1240.0,1.0,1.5416175453633583,1.221795049490986,68.92417440470318
active,178.0,S02,0.0,0.0,0.0,1.6500000544713798,0.0,65.47118821924497
active,178.0,S03,1240.0,1240.0,1.0,1.5422936260777313,1.2225156139265052,68.92103518296153
active,178.0,S04,1240.0,1240.0,1.0,1.5426171222251015,1.2228625288800228,68.91954398757807
active,178.0,S05,1240.0,1240.0,1.0,1.5364414563095978,1.2134587674959652,68.94767498172838
active,178.0,S06,1240.0,1240.0,1.0,1.5367403646175999,1.213784806786731,68.94626849108921
active,178.0,S07,1240.0,1240.0,1.0,1.5370280584429385,1.2141016343195428,68.944904954686
active,178.0,S08,1240.0,1240.0,1.0,1.537304737480922,1.2144092818047574,68.94358407018494
active,178.0,S09,1240.0,1240.0,1.0,1.5375706038709631,1.2147077826935395,68.94230552499884
active,178.0,C10,1740.0,1740.0,1.0,2.4124370032178333,2.919730463919082,58.41910246814747
active,178.0,C11,1740.0,1740.0,1.0,2.412892298443658,2.920529739298624,58.4193129131566
active,178.0,C12,1740.0,1740.0,1.0,2.413253331897137,2.9211572664313223,58.419482507680314
active,178.0,C13,1740.0,1740.0,1.0,2.413531671077766,2.9216341972458646,58.41961604511492
active,178.0,C14,1740.0,1740.0,1.0,2.4137390239934193,2.9219819313838813,58.41971847133582
active,178.0,C15,1740.0,1740.0,1.0,2.413887244967843,2.922222122168752,58.4197948607406
active,178.0,C16,1740.0,1740.0,1.0,2.413988280992505,2.9223777002177296,58.41985034471915
active,178.0,C17,1740.0,1740.0,1.0,2.414054170429145,2.9224701779106654,58.419889874688295
active,178.0,C18,1740.0,1740.0,1.0,2.414097204440067,2.9225194091749924,58.419919424858534
active,180.0,C01,0.0,0.0,0.0,3.2176542233768597,0.0,51.01384083280883
active,180.0,C02,1740.0,1740.0,1.0,2.333159505073502,2.7487059122753514,58.3577986868905
active,180.0,C03,1740.0,1740.0,1.0,2.334990367652977,2.751913562160105,58.358372213028055
active,180.0,C04,1740.0,1740.0,1.0,2.336636887428255,2.754789591937374,58.358898252390006
active,180.0,C05,1740.0,1740.0,1.0,2.338108083856129,2.757350531443501,58.3593769184511
active,180.0,C06,1740.0,1740.0,1.0,2.339413198096869,2.7596133228033746,58.3598088399481
active,180.0,C07,1740.0,1740.0,1.0,2.3405616750352283,2.761595285515289,58.360195110465554
active,180.0,C08,1740.0,1740.0,1.0,2.341563146505662,2.76331408403981,58.3605372397748
active,180.0,C09,1740.0,1740.0,1.0,2.3424274158970007,2.764787698194978,58.36083710726495
active,180.0,S01,1240.0,1240.0,1.0,1.5416175453633583,1.2189768634521896,68.93160289562393
active,180.0,S02,0.0,0.0,0.0,1.6500000544713798,0.0,65.46741772983133
active,180.0,S03,1240.0,1240.0,1.0,1.5422936260777313,1.219713008727754,68.92837856504501
active,180.0,S04,1240.0,1240.0,1.0,1.5426171222251015,1.2200674725709233,68.92684613431986
active,180.0,S05,1240.0,1240.0,1.0,1.5364414563095978,1.2106927484920122,68.95654037459748
active,180.0,S06,1240.0,1240.0,1.0,1.5367403646175999,1.211025767514811,68.95509464344367
active,180.0,S07,1240.0,1240.0,1.0,1.5370280584429385,1.2113493189974125,68.9536929349857
active,180.0,S08,1240.0,1240.0,1.0,1.537304737480922,1.2116634330048062,68.95233494275602
active,180.0,S09,1240.0,1240.0,1.0,1.5375706038709631,1.2119681413385923,68.9510203499138
active,180.0,C10,1740.0,1740.0,1.0,2.34872568290481,2.775613162372415,58.36312305460965
active,180.0,C11,1740.0,1740.0,1.0,2.349146119490808,2.776348622214265,58.36328175586366
active,180.0,C12,1740.0,1740.0,1.0,2.3494797008643897,2.7769260263021907,58.36341065348241
active,180.0,C13,1740.0,1740.0,1.0,2.349737081774428,2.7773648270430495,58.363513180228594
active,180.0,C14,1740.0,1740.0,1.0,2.3499290474789056,2.777684710016046,58.36359290587829
active,180.0,C15,1740.0,1740.0,1.0,2.35006651902842,2.777905598716566,58.363653512813336
active,180.0,C16,1740.0,1740.0,1.0,2.350160470290532,2.778048721192419,58.3636986719756
active,180.0,C17,1740.0,1740.0,1.0,2.350222006742621,2.778133478908656,58.363731942603444
active,180.0,C18,1740.0,1740.0,1.0,2.3502625300027855,2.7781785373220265,58.36375800077268
active,182.0,C01,174.0,174.0,0.1,3.408460198306145,2.822961142419693,50.958008998576126
active,182.0,C02,1740.0,1740.0,1.0,2.2766022982772065,2.6136732688984847,58.313799677324496
active,182.0,C03,1740.0,1740.0,1.0,2.278288657875745,2.6165957097381973,58.31415972587226
active,182.0,C04,1740.0,1740.0,1.0,2.279805571169469,2.6192163790302434,58.314494336173276
active,182.0,C05,1740.0,1740.0,1.0,2.281161300396962,2.6215502243221134,58.31480251273452
active,182.0,C06,1740.0,1740.0,1.0,2.282364315212143,2.62361258634975,58.31508375063973
active,182.0,C07,1740.0,1740.0,1.0,2.283423275812039,2.6254191656570685,58.31533798713016
active,182.0,C08,1740.0,1740.0,1.0,2.28434701717643,2.6269859914913307,58.3155655547922
active,182.0,C09,1740.0,1740.0,1.0,2.285144534583333,2.628329393271469,58.315767136670196
active,182.0,S01,1240.0,1240.0,1.0,1.5416175453633583,1.2126010246762084,68.93963288159807
active,182.0,S02,0.0,0.0,0.0,1.6500000544713798,0.0,65.46422390350448
active,182.0,S03,1240.0,1240.0,1.0,1.5422936260777313,1.2133480186551093,68.93631980499968
active,182.0,S04,1240.0,1240.0,1.0,1.5426171222251015,1.21370773428903,68.93474437010536
active,182.0,S05,1240.0,1240.0,1.0,1.5364414563095978,1.2043876393835486,68.96597215189657
active,182.0,S06,1240.0,1240.0,1.0,1.5367403646175999,1.2047254727834495,68.96448551273934
active,182.0,S07,1240.0,1240.0,1.0,1.5370280584429385,1.205053640585797,68.96304401991898
active,182.0,S08,1240.0,1240.0,1.0,1.537304737480922,1.2053721712299734,68.96164736320122
active,182.0,S09,1240.0,1240.0,1.0,1.5375706038709631,1.2056810948775205,68.96029522186166
active,182.0,C10,1740.0,1740.0,1.0,2.2909540627589733,2.638199652665825,58.31733107812731
active,182.0,C11,1740.0,1740.0,1.0,2.2913414955094806,2.638869951180856,58.31744075461056
active,182.0,C12,1740.0,1740.0,1.0,2.291649089387714,2.6393961278280735,58.317531095720234
active,182.0,C13,1740.0,1740.0,1.0,2.2918866348424896,2.6397959100831234,58.31760424578207
active,182.0,C14,1740.0,1740.0,1.0,2.2920640432082964,2.640087241965684,58.317662471096156
active,182.0,C15,1740.0,1740.0,1.0,2.2921913515158248,2.6402882878186102,58.31770813516363
active,182.0,C16,1740.0,1740.0,1.0,2.2922786071980186,2.6404184765111967,58.31774351659705
active,182.0,C17,1740.0,1740.0,1.0,2.2923360448421732,2.640495227583995,58.31777087804683
active,182.0,C18,1740.0,1740.0,1.0,2.2923742120797574,2.6405358694109045,58.317793646485775
active,184.0,C01,348.0,348.0,0.2,3.2672546067155452,3.963791072724957,50.86158545824699
active,184.0,C02,1740.0,1740.0,1.0,2.225781367257344,2.4994581584959605,58.27907450250463
active,184.0,C03,1740.0,1740.0,1.0,2.2273316200411877,2.5021143385569204,58.27923409099805
active,184.0,C04,1740.0,1740.0,1.0,2.228726449014138,2.5044965457271586,58.27938891155013
active,184.0,C05,1740.0,1740.0,1.0,2.229973406863608,2.5066182777527337,58.27953693747892
active,184.0,C06,1740.0,1740.0,1.0,2.231080239572549,2.5084934028770944,58.27967660784089
active,184.0,C07,1740.0,1740.0,1.0,2.232054870655537,2.5101361283413253,58.279806781049814
active,184.0,C08,1740.0,1740.0,1.0,2.2329053864177872,2.5115609709458195,58.27992668996003
active,184.0,C09,1740.0,1740.0,1.0,2.2336400223900106,2.512782729959158,58.28003589871313
active,184.0,S01,1240.0,1240.0,1.0,1.5416175453633583,1.2092359026427788,68.94825607734171
active,184.0,S02,0.0,0.0,0.0,1.6500000544713798,0.0,65.4615185447335
active,184.0,S03,1240.0,1240.0,1.0,1.5422936260777313,1.2099936343724238,68.94485121763516
active,184.0,S04,1240.0,1240.0,1.0,1.5426171222251015,1.2103585390944775,68.9432313038777
active,184.0,S05,1240.0,1240.0,1.0,1.5364414563095978,1.2010695320826115,68.97596345683584
active,184.0,S06,1240.0,1240.0,1.0,1.5367403646175999,1.2014121254865782,68.97443452376548
active,184.0,S07,1240.0,1240.0,1.0,1.5370280584429385,1.2017448586772046,68.97295190951607
active,184.0,S08,1240.0,1240.0,1.0,1.537304737480922,1.2020677587187218,68.9715153004193
active,184.0,S09,1240.0,1240.0,1.0,1.5375706038709631,1.202380854384788,68.97012437220427
active,184.0,C10,1740.0,1740.0,1.0,2.2389890551863876,2.5217601370339584,58.28092105666675
active,184.0,C11,1740.0,1740.0,1.0,2.2393453935501912,2.5223695628986027,58.280984650871126
active,184.0,C12,1740.0,1740.0,1.0,2.2396285090021553,2.5228479274803846,58.2810387505057
active,184.0,C13,1740.0,1740.0,1.0,2.2398473773301286,2.5232113436511203,58.28108428954256
active,184.0,C14,1740.0,1740.0,1.0,2.2400110859980957,2.5234761242064776,58.281122309444164
active,184.0,C15,1740.0,1740.0,1.0,2.2401288385325637,2.5236589870894126,58.2811539282862
active,184.0,C16,1740.0,1740.0,1.0,2.2402098056814124,2.523777215198297,58.28118012231429
active,184.0,C17,1740.0,1740.0,1.0,2.24026341055508,2.5238466981295637,58.28120194647364
active,184.0,C18,1740.0,1740.0,1.0,2.240299386014214,2.523883430178009,58.281221635947276
active,186.0,C01,522.0,522.0,0.3,3.110535380121991,4.121154444660952,50.755924082492626
active,186.0,C02,1740.0,1740.0,1.0,2.180055942928216,2.400707987217355,58.25275707545807
active,186.0,C03,1740.0,1740.0,1.0,2.1814786862727873,2.403115616669982,58.25272976675365
active,186.0,C04,1740.0,1740.0,1.0,2.182759133124155,2.4052751616935475,58.252716929913
active,186.0,C05,1740.0,1740.0,1.0,2.183904174930805,2.4071987883487465,58.252715586119216
active,186.0,C06,1740.0,1740.0,1.0,2.184920882607731,2.4088990083369204,58.25272319764826
active,186.0,C07,1740.0,1740.0,1.0,2.1858164918703813,2.410388649590259,58.252737623534976
active,186.0,C08,1740.0,1740.0,1.0,2.1865983895065675,2.4116808287229796,58.252757076566986
active,186.0,C09,1740.0,1740.0,1.0,2.187274100728404,2.4127889256144313,58.252780081886044
active,186.0,S01,1240.0,1240.0,1.0,1.5416175453633583,1.2074478741400232,68.95738155277411
active,186.0,S02,0.0,0.0,0.0,1.6500000544713798,0.0,65.45922694671573
active,186.0,S03,1240.0,1240.0,1.0,1.5422936260777313,1.2082156525925078,68.95388240679573
active,186.0,S04,1240.0,1240.0,1.0,1.5426171222251015,1.2085854062315478,68.95221680080996
active,186.0,S05,1240.0,1240.0,1.0,1.5364414563095978,1.199314864110639,68.98642490567993
active,186.0,S06,1240.0,1240.0,1.0,1.5367403646175999,1.1996619026346076,68.98485254223934
active,186.0,S07,1240.0,1240.0,1.0,1.5370280584429385,1.1999988974308997,68.98332771294474
active,186.0,S08,1240.0,1240.0,1.0,1.537304737480922,1.2003258743680156,68.98185010099381
active,186.0,S09,1240.0,1240.0,1.0,1.5375706038709631,1.200642861011261,68.9804193788738
active,186.0,C10,1740.0,1740.0,1.0,2.192191534699953,2.420931596201744,58.253031621613474
active,186.0,C11,1740.0,1740.0,1.0,2.1925187328046953,2.421484132611029,58.25305220858587
active,186.0,C12,1740.0,1740.0,1.0,2.192778911599671,2.4219178342492733,58.253072484640704
active,186.0,C13,1740.0,1740.0,1.0,2.1929802832948413,2.422247304341731,58.25309225500924
active,186.0,C14,1740.0,1740.0,1.0,2.1931311630159156,2.4224873296796323,58.253111418583025
active,186.0,C15,1740.0,1740.0,1.0,2.193239965430431,2.4226533623073445,58.25312991942254
active,186.0,C16,1740.0,1740.0,1.0,2.1933150527903056,2.4227605353986594,58.25314753792217
active,186.0,C17,1740.0,1740.0,1.0,2.1933650859444294,2.4228233414779257,58.25316420572007
active,186.0,C18,1740.0,1740.0,1.0,2.1933990258141263,2.4228565303071177,58.25318102836826
active,188.0,C01,696.0,696.0,0.4,2.9589562005394696,3.965392821134834,50.662091021567015
active,188.0,C02,1740.0,1740.0,1.0,2.138915806708681,2.313491845692489,58.23404259322828
active,188.0,C03,1740.0,1740.0,1.0,2.140219672657401,2.315667630870219,58.23384220275021
active,188.0,C04,1740.0,1740.0,1.0,2.141393471222824,2.317619424408827,58.23367407154328
active,188.0,C05,1740.0,1740.0,1.0,2.1424434806096295,2.319358167440281,58.23353434753538
active,188.0,C06,1740.0,1740.0,1.0,2.1433761450583564,2.3208951207715134,58.23341959558468
active,188.0,C07,1740.0,1740.0,1.0,2.1441980612559526,2.3222418376738645,58.233326755172925
active,188.0,C08,1740.0,1740.0,1.0,2.144915965603615,2.3234101383470565,58.23325309929734
active,188.0,C09,1740.0,1740.0,1.0,2.1455367224736217,2.3244120863115394,58.233196194821225
active,188.0,S01,1240.0,1240.0,1.0,1.5416175453633583,1.20608745666338,68.96691641648616
active,188.0,S02,0.0,0.0,0.0,1.6500000544713798,0.0,65.4572858283948
active,188.0,S03,1240.0,1240.0,1.0,1.5422936260777313,1.2068640789959755,68.96332096836669
active,188.0,S04,1240.0,1240.0,1.0,1.5426171222251015,1.207238096204006,68.9616086949208
active,188.0,S05,1240.0,1240.0,1.0,1.5364414563095978,1.1979821336948904,68.99726506464387
active,188.0,S06,1240.0,1240.0,1.0,1.5367403646175999,1.1983330723718422,68.99564836106448
active,188.0,S07,1240.0,1240.0,1.0,1.5370280584429385,1.1986738017137972,68.99408044399014
active,188.0,S08,1240.0,1240.0,1.0,1.537304737480922,1.1990043465196707,68.99256099375401
active,188.0,S09,1240.0,1240.0,1.0,1.5375706038709631,1.199324733271403,68.99108967987642
active,188.0,C10,1740.0,1740.0,1.0,2.150051576777722,2.331774776079441,58.232860235626895
active,188.0,C11,1740.0,1740.0,1.0,2.150351597583991,2.33227416528755,58.232840955156156
active,188.0,C12,1740.0,1740.0,1.0,2.1505903869705065,2.3326661461263214,58.23282987545721
active,188.0,C13,1740.0,1740.0,1.0,2.1507754450237364,2.332963912494391,58.2328257563347
active,188.0,C14,1740.0,1740.0,1.0,2.1509143664594075,2.333180825950631,58.23282743815121
active,188.0,C15,1740.0,1740.0,1.0,2.1510148185244007,2.3333310536939886,58.23283376420156
active,188.0,C16,1740.0,1740.0,1.0,2.151084429636531,2.333427988633377,58.23284342622457
active,188.0,C17,1740.0,1740.0,1.0,2.1511311464722174,2.333484602947017,58.2328553206975
active,188.0,C18,1740.0,1740.0,1.0,2.151163200620944,2.3335145173542404,58.232869487301485
active,190.0,C01,870.0,870.0,0.5,2.8161182747841442,3.718392304765931,50.591788988431205
active,190.0,C02,1740.0,1740.0,1.0,2.1019612122147135,2.236021163402569,58.222197378775476
active,190.0,C03,1740.0,1740.0,1.0,2.103154731139092,2.2379820269194126,58.22183772397703
active,190.0,C04,1740.0,1740.0,1.0,2.1042295252881273,2.239741187744965,58.221526667423845
active,190.0,C05,1740.0,1740.0,1.0,2.1051913065471726,2.241308464737833,58.22125956129864
active,190.0,C06,1740.0,1740.0,1.0,2.1060459398951648,2.2426939702978173,58.22103215126973
active,190.0,C07,1740.0,1740.0,1.0,2.1067994308611313,2.243908085377597,58.22084053616879
active,190.0,C08,1740.0,1740.0,1.0,2.107457913762,2.2449614359969865,58.22068112874495
active,190.0,C09,1740.0,1740.0,1.0,2.108027640843377,2.2458648714952583,58.22055061773733
active,190.0,S01,1240.0,1240.0,1.0,1.5416175453633583,1.2048200030505258,68.97678417138043
active,190.0,S02,0.0,0.0,0.0,1.6500000544713798,0.0,65.45564158699354
active,190.0,S03,1240.0,1240.0,1.0,1.5422936260777313,1.205604240810179,68.97309084953525
active,190.0,S04,1240.0,1240.0,1.0,1.5426171222251015,1.2059819253749187,68.97133115018653
active,190.0,S05,1240.0,1240.0,1.0,1.5364414563095978,1.1967392587340637,69.00840877049924
active,190.0,S06,1240.0,1240.0,1.0,1.5367403646175999,1.1970935432261662,69.00674702285492
active,190.0,S07,1240.0,1240.0,1.0,1.5370280584429385,1.1974374714461204,69.00513534552523
active,190.0,S08,1240.0,1240.0,1.0,1.537304737480922,1.1977710672284296,69.00357341622055
active,190.0,S09,1240.0,1240.0,1.0,1.5375706038709631,1.1980943560757127,69.00206090174181
active,190.0,C10,1740.0,1740.0,1.0,2.112168620581651,2.2525033899456792,58.219673385181736
active,190.0,C11,1740.0,1740.0,1.0,2.1124434064196524,2.2529534462351006,58.21961738383545
active,190.0,C12,1740.0,1740.0,1.0,2.112662336760675,2.2533067003755574,58.219577420955275
active,190.0,C13,1740.0,1740.0,1.0,2.1128322505142205,2.2535750392983362,58.219551294368586
active,190.0,C14,1740.0,1740.0,1.0,2.112960073421396,2.253770502365043,58.219536870137404
active,190.0,C15,1740.0,1740.0,1.0,2.1130527701849626,2.253905995761502,58.219531966552594
active,190.0,C16,1740.0,1740.0,1.0,2.1131172991425946,2.2539933827142757,58.219534290561796
active,190.0,C17,1740.0,1740.0,1.0,2.1131609490199192,2.2540442734169366,58.21954179135137
active,190.0,C18,1740.0,1740.0,1.0,2.1131912625035136,2.2540711617548608,58.219553509293135
active,192.0,C01,1044.0,1044.0,0.6,2.687419834578384,3.460956076203479,50.55091812889014
active,192.0,C02,1740.0,1740.0,1.0,2.06883666382306,2.167169993462115,58.21654923523849
active,192.0,C03,1740.0,1740.0,1.0,2.0699281677761734,2.168932955494691,58.216043923704376
active,192.0,C04,1740.0,1740.0,1.0,2.0709114249059386,2.1705147029067975,58.215602126619714
active,192.0,C05,1740.0,1740.0,1.0,2.071791626142592,2.1719240312456254,58.215218475592245
active,192.0,C06,1740.0,1740.0,1.0,2.0725741031286042,2.173170004010717,58.214887973171706
active,192.0,C07,1740.0,1740.0,1.0,2.0732643166827476,2.174261929846316,58.2146059544501
active,192.0,C08,1740.0,1740.0,1.0,2.073867845974307,2.1752093410788795,58.214368049624525
active,192.0,C09,1740.0,1740.0,1.0,2.0743903785195106,2.1760219738165,58.21417014774637
active,192.0,S01,1240.0,1240.0,1.0,1.5416175453633583,1.2035605211096567,68.98692544462209
active,192.0,S02,0.0,0.0,0.0,1.6500000544713798,0.0,65.45424881780659
active,192.0,S03,1240.0,1240.0,1.0,1.5422936260777313,1.2043512579047169,68.98313307917608
active,192.0,S04,1240.0,1240.0,1.0,1.5426171222251015,1.2047320688780836,68.981325391218
active,192.0,S05,1240.0,1240.0,1.0,1.5364414563095978,1.1955021300481536,69.01979786887925
active,192.0,S06,1240.0,1240.0,1.0,1.5367403646175999,1.1958592586330792,69.01809055864445
active,192.0,S07,1240.0,1240.0,1.0,1.5370280584429385,1.196205901580923,69.0164346286821
active,192.0,S08,1240.0,1240.0,1.0,1.537304737480922,1.1965420818558048,69.01482975429633
active,192.0,S09,1240.0,1240.0,1.0,1.5375706038709631,1.1968678240742885,69.0132755997914
active,192.0,C10,1740.0,1740.0,1.0,2.078185552861697,2.1819928007650047,58.2127972520956
active,192.0,C11,1740.0,1740.0,1.0,2.0784370034447375,2.182397385826889,58.2127076339135
active,192.0,C12,1740.0,1740.0,1.0,2.0786375711950944,2.1827149437765097,58.21264122668119
active,192.0,C13,1740.0,1740.0,1.0,2.0787934836735964,2.182956157929584,58.21259494851174
active,192.0,C14,1740.0,1740.0,1.0,2.078911047970751,2.18313184964706,58.21256577423894
active,192.0,C15,1740.0,1740.0,1.0,2.0789965728821107,2.1832537161288146,58.21255057468972
active,192.0,C16,1740.0,1740.0,1.0,2.079056405774825,2.183332271214622,58.21254617057087
active,192.0,C17,1740.0,1740.0,1.0,2.0790972304575384,2.1833779025690596,58.21254964916119
active,192.0,C18,1740.0,1740.0,1.0,2.0791259432386004,2.1834020084989016,58.21255912049123
active,194.0,C01,1218.0,1218.0,0.7,2.5765443071945895,3.226911731809001,50.542045849014706
active,194.0,C02,1740.0,1740.0,1.0,2.0392111313592918,2.1060433994737426,58.21647809759897
active,194.0,C03,1740.0,1740.0,1.0,2.0402086796868657,2.1076252164884024,58.21584035490532
active,194.0,C04,1740.0,1740.0,1.0,2.041107623993976,2.109044544181944,58.21527966322886
active,194.0,C05,1740.0,1740.0,1.0,2.0419126777085848,2.110309249112678,58.214790005682765
active,194.0,C06,1740.0,1740.0,1.0,2.0426286832062783,2.1114274412433383,58.2143657148144
active,194.0,C07,1740.0,1740.0,1.0,2.0432606012372965,2.1124074532278385,58.2140014360526
active,194.0,C08,1740.0,1740.0,1.0,2.0438135009974596,2.1132578209000163,58.21369209201132
active,194.0,C09,1740.0,1740.0,1.0,2.044292550945944,2.1139872651625535,58.21343284785711
active,194.0,S01,1240.0,1240.0,1.0,1.5416175453633583,1.2022987451635274,68.99729455521097
active,194.0,S02,0.0,0.0,0.0,1.6500000544713798,0.0,65.45306906037764
active,194.0,S03,1240.0,1240.0,1.0,1.5422936260777313,1.203095005111567,68.99340233609466
active,194.0,S04,1240.0,1240.0,1.0,1.5426171222251015,1.203478470264878,68.99154627190094
active,194.0,S05,1240.0,1240.0,1.0,1.5364414563095978,1.194260836251289,69.03138779751598
active,194.0,S06,1240.0,1240.0,1.0,1.5367403646175999,1.194620372178705,69.02963457160908
active,194.0,S07,1240.0,1240.0,1.0,1.5370280584429385,1.194969309067199,69.02793405710793
active,194.0,S08,1240.0,1240.0,1.0,1.537304737480922,1.1953076690964666,69.02628592710391
active,194.0,S09,1240.0,1240.0,1.0,1.5375706038709631,1.1956354760826315,69.02468984360452
active,194.0,C10,1740.0,1740.0,1.0,2.047769100194589,2.119346277856587,58.211608693690955
active,194.0,C11,1740.0,1740.0,1.0,2.04799905525981,2.1197092130858364,58.21148847985406
active,194.0,C12,1740.0,1740.0,1.0,2.04818270941062,2.1199940738954153,58.21139800182261
active,194.0,C13,1740.0,1740.0,1.0,2.048325727103949,2.1202104419599017,58.21133337800015
active,194.0,C14,1740.0,1740.0,1.0,2.0484338455201736,2.120368023563307,58.21129077281888
active,194.0,C15,1740.0,1740.0,1.0,2.0485127647050034,2.120477376359715,58.2112661877258
active,194.0,C16,1740.0,1740.0,1.0,2.0485682758675656,2.1205478214154305,58.21125564951628
active,194.0,C17,1740.0,1740.0,1.0,2.0486065078731333,2.1205886485106857,58.21125546523639
active,194.0,C18,1740.0,1740.0,1.0,2.0486337541197694,2.120610210736958,58.21126288491266
active,196.0,C01,1392.0,1392.0,0.8,2.4828555481504115,3.025164746388806,50.56592401730169
active,196.0,C02,1740.0,1740.0,1.0,2.0127727806261184,2.051868229317642,58.221409417169724
active,196.0,C03,1740.0,1740.0,1.0,2.013684101952117,2.05328508285866,58.22065195322436
active,196.0,C04,1740.0,1740.0,1.0,2.0145056623122666,2.0545564777398764,58.219983753784454
active,196.0,C05,1740.0,1740.0,1.0,2.015241738918703,2.0556894403706045,58.21939822191233
active,196.0,C06,1740.0,1740.0,1.0,2.0158967268232826,2.0566912173785017,58.21888908972517
active,196.0,C07,1740.0,1740.0,1.0,2.0164751292582803,2.057569256875681,58.218450383603205
active,196.0,C08,1740.0,1740.0,1.0,2.0169815485596394,2.0583311907971975,58.21807639015668
active,196.0,C09,1740.0,1740.0,1.0,2.0174206777671078,2.0589848184922164,58.21776162314272
active,196.0,S01,1240.0,1240.0,1.0,1.5416175453633583,1.201053750663497,69.00785532684837
active,196.0,S02,0.0,0.0,0.0,1.6500000544713798,0.0,65.45206973643783
active,196.0,S03,1240.0,1240.0,1.0,1.5422936260777313,1.2018546999771502,69.0038627633494
active,196.0,S04,1240.0,1240.0,1.0,1.5426171222251015,1.2022404163393723,69.00195809048739
active,196.0,S05,1240.0,1240.0,1.0,1.5364414563095978,1.1930345805689313,69.04314341365333
active,196.0,S06,1240.0,1240.0,1.0,1.5367403646175999,1.1933961523043015,69.04134406530261
active,196.0,S07,1240.0,1240.0,1.0,1.5370280584429385,1.1937470258021738,69.03959877605466
active,196.0,S08,1240.0,1240.0,1.0,1.537304737480922,1.194087222537055,69.03790721696085
active,196.0,S09,1240.0,1240.0,1.0,1.5375706038709631,1.1944167656039002,69.03626904791098
active,196.0,C10,1740.0,1740.0,1.0,2.0206046936971473,2.0637861816893017,58.215528947252125
active,196.0,C11,1740.0,1740.0,1.0,2.020814919288218,2.064111171484421,58.21538104453549
active,196.0,C12,1740.0,1740.0,1.0,2.0209830506208144,2.0643662428155536,58.21526877928263
active,196.0,C13,1740.0,1740.0,1.0,2.021114235347421,2.064559974312379,58.21518754710322
active,196.0,C14,1740.0,1740.0,1.0,2.0212136875273905,2.0647010567785666,58.215132779762655
active,196.0,C15,1740.0,1740.0,1.0,2.0212865451823867,2.064798987403479,58.215099686664864
active,196.0,C16,1740.0,1740.0,1.0,2.021338094147781,2.0648620316282567,58.215083586476126
active,196.0,C17,1740.0,1740.0,1.0,2.0213739553368346,2.0648984778558526,58.21508008381865
active,196.0,C18,1740.0,1740.0,1.0,2.021399862735076,2.064917727341274,58.21508563821423
active,198.0,C01,1566.0,1566.0,0.9,2.405604623815272,2.8579309001659303,50.62231220236459
active,198.0,C02,1740.0,1740.0,1.0,1.9892272947120022,2.0039349766504446,58.230810457361834
active,198.0,C03,1740.0,1740.0,1.0,1.9900597430682343,2.005202236180121,58.22994536813756
active,198.0,C04,1740.0,1740.0,1.0,1.990810513558651,2.006339463783117,58.229180500122
active,198.0,C05,1740.0,1740.0,1.0,1.9914834861240147,2.0073529284743135,58.22850874076733
active,198.0,C06,1740.0,1740.0,1.0,1.9920826481188902,2.008249097847649,58.2279232873852
active,198.0,C07,1740.0,1740.0,1.0,1.9926120855134197,2.0090346211898717,58.22741761402354
active,198.0,C08,1740.0,1740.0,1.0,1.9930759746211442,2.0097163135498333,58.226985439012225
active,198.0,C09,1740.0,1740.0,1.0,1.993478574439084,2.010301140926651,58.22662069335389
active,198.0,S01,1240.0,1240.0,1.0,1.5416175453633583,1.1998454764562216,69.01857784332005
active,198.0,S02,0.0,0.0,0.0,1.6500000544713798,0.0,65.45122325027705
active,198.0,S03,1240.0,1240.0,1.0,1.5422936260777313,1.2006504076310083,69.01448472593535
active,198.0,S04,1240.0,1240.0,1.0,1.5426171222251015,1.201038033672487,69.01253134845076
active,198.0,S05,1240.0,1240.0,1.0,1.5364414563095978,1.19184339175478,69.05503576018975
active,198.0,S06,1240.0,1240.0,1.0,1.5367403646175999,1.1922066854189537,69.05319021098967
active,198.0,S07,1240.0,1240.0,1.0,1.5370280584429385,1.1925591941879696,69.05140008091715
active,198.0,S08,1240.0,1240.0,1.0,1.537304737480922,1.192900938904023,69.04966503913727
active,198.0,S09,1240.0,1240.0,1.0,1.5375706038709631,1.1932319420141264,69.04798474358232
active,198.0,C10,1740.0,1740.0,1.0,1.9963949076127683,2.014596449367742,58.22402022177614
active,198.0,C11,1740.0,1740.0,1.0,1.9965870855898522,2.014887021764258,58.2238473991678
active,198.0,C12,1740.0,1740.0,1.0,1.9967410184445646,2.015115073199574,58.22371552197274
active,198.0,C13,1740.0,1740.0,1.0,1.9968613811054974,2.0152882729691846,58.22361933622254
active,198.0,C14,1740.0,1740.0,1.0,1.9969529090700242,2.015414566863064,58.22355360928203
active,198.0,C15,1740.0,1740.0,1.0,1.99702022390256,2.015502123302049,58.22351284546263
active,198.0,C16,1740.0,1740.0,1.0,1.9970681530423027,2.015558448427243,58.223491728776075
active,198.0,C17,1740.0,1740.0,1.0,1.997101854271316,2.015590935634168,58.22348523466265
active,198.0,C18,1740.0,1740.0,1.0,1.9971265434562433,2.0156080921887893,58.223489100415044
active,200.0,C01,1740.0,1740.0,1.0,2.3439324139392856,2.724484735697131,50.710425757695354
active,200.0,C02,1740.0,1740.0,1.0,1.9682983355692878,1.9615897399241582,58.24418817904547
active,200.0,C03,1740.0,1740.0,1.0,1.9690588590306792,1.962721815413776,58.24322687938049
active,200.0,C04,1740.0,1740.0,1.0,1.9697450706507902,1.9637377861414564,58.24237557366489
active,200.0,C05,1740.0,1740.0,1.0,1.9703604895930726,1.964643240125174,58.24162669396432
active,200.0,C06,1740.0,1740.0,1.0,1.9709087327027695,1.965443943954424,58.24097296421746
active,200.0,C07,1740.0,1740.0,1.0,1.9713935065152006,1.9661458276121708,58.24040736868518
active,200.0,C08,1740.0,1740.0,1.0,1.9718185997382753,1.9667549701473792,58.23992312098664
active,200.0,C09,1740.0,1740.0,1.0,1.9721878762878347,1.9672775863454905,58.23951363388426
active,200.0,S01,1240.0,1240.0,1.0,1.5416175453633583,1.1986901099069747,69.02943617112567
active,200.0,S02,0.0,0.0,0.0,1.6500000544713798,0.0,65.45050622670557
active,200.0,S03,1240.0,1240.0,1.0,1.5422936260777313,1.1994984245551066,69.02524253625326
active,200.0,S04,1240.0,1240.0,1.0,1.5426171222251015,1.1998876717567162,69.02324047738038
active,200.0,S05,1240.0,1240.0,1.0,1.5364414563095978,1.190703542721535,69.06703979614144
active,200.0,S06,1240.0,1240.0,1.0,1.5367403646175999,1.1910682940111144,69.06514807952767
active,200.0,S07,1240.0,1240.0,1.0,1.5370280584429385,1.191422184770131,69.0633131505351
active,200.0,S08,1240.0,1240.0,1.0,1.537304737480922,1.1917652352752335,69.061534676579
active,200.0,S09,1240.0,1240.0,1.0,1.5375706038709631,1.1920974673928375,69.059812313777
active,200.0,C10,1740.0,1740.0,1.0,1.9748600256172346,1.9711153213144643,58.236583844270825
active,200.0,C11,1740.0,1740.0,1.0,1.975035746078659,1.971374790400627,58.23638871681319
active,200.0,C12,1740.0,1740.0,1.0,1.9751767324102523,1.971578423823922,58.236239281985235
active,200.0,C13,1740.0,1740.0,1.0,1.9752872284819218,1.9717330694327593,58.236129705338705
active,200.0,C14,1740.0,1740.0,1.0,1.9753715245678494,1.9718459588878263,58.23605415238129
active,200.0,C15,1740.0,1740.0,1.0,1.9754337872151178,1.9719241312657005,58.23600650962404
active,200.0,C16,1740.0,1740.0,1.0,1.9754784200433075,1.9719743777220318,58.235980892067104
active,200.0,C17,1740.0,1740.0,1.0,1.9755101594293762,1.9720033001337403,58.23597171405807
active,200.0,C18,1740.0,1740.0,1.0,1.9755337435973415,1.9720185700610326,58.23597405727276
active,202.0,C01,1740.0,1740.0,1.0,2.287927774675946,2.6041332195244213,50.80138024722917
active,202.0,C02,1740.0,1740.0,1.0,1.9497280628020977,1.9242644734933523,58.261086727639
active,202.0,C03,1740.0,1740.0,1.0,1.950423183414491,1.9252747570793822,58.260039910141046
active,202.0,C04,1740.0,1740.0,1.0,1.951050685928147,1.92618147274674,58.2591117520387
active,202.0,C05,1740.0,1740.0,1.0,1.9516137627228762,1.9269895976246403,58.25829428592814
active,202.0,C06,1740.0,1740.0,1.0,1.9521156948223337,1.9277042690545325,58.257579819500386
active,202.0,C07,1740.0,1740.0,1.0,1.9525598446534167,1.9283307709791877,58.2569609054658
active,202.0,C08,1740.0,1740.0,1.0,1.9529496492325544,1.9288745210882725,58.25643031199035
active,202.0,C09,1740.0,1740.0,1.0,1.953288613850416,1.9293410588530175,58.25598099379308
active,202.0,S01,1240.0,1240.0,1.0,1.5416175453633583,1.1976191948726533,69.04040581074028
active,202.0,S02,0.0,0.0,0.0,1.6500000544713798,0.0,65.44989886556266
active,202.0,S03,1240.0,1240.0,1.0,1.5422936260777313,1.1984304022488068,69.03611190827463
active,202.0,S04,1240.0,1240.0,1.0,1.5426171222251015,1.1988210342790622,69.03406129459492
active,202.0,S05,1240.0,1240.0,1.0,1.5364414563095978,1.1896465398490228,69.07913185500323
active,202.0,S06,1240.0,1240.0,1.0,1.5367403646175999,1.1900125331632445,69.07719410115511
active,202.0,S07,1240.0,1240.0,1.0,1.5370280584429385,1.190367599783902,69.07531450840254
active,202.0,S08,1240.0,1240.0,1.0,1.537304737480922,1.1907117594835859,69.07349274253185
active,202.0,S09,1240.0,1240.0,1.0,1.5375706038709631,1.191045033610397,69.07172845797291
active,202.0,C10,1740.0,1740.0,1.0,1.9557386545440953,1.932766362381874,58.25275796657112
active,202.0,C11,1740.0,1740.0,1.0,1.9558994108904109,1.9329978129055825,58.252542985280556
active,202.0,C12,1740.0,1740.0,1.0,1.9560286264016717,1.9331794505215945,58.252377918244434
active,202.0,C13,1740.0,1740.0,1.0,1.9561301530119595,1.9333173833069461,58.25225641525896
active,202.0,C14,1740.0,1740.0,1.0,1.9562078690689957,1.9334181681061489,58.25217209856736
active,202.0,C15,1740.0,1740.0,1.0,1.9562655404043878,1.9334878825240283,58.25211831975252
active,202.0,C16,1740.0,1740.0,1.0,1.9563071806909353,1.9335326361135787,58.25208868544345
active,202.0,C17,1740.0,1740.0,1.0,1.9563371431989673,1.9335583594131718,58.25207711069174
active,202.0,C18,1740.0,1740.0,1.0,1.956359727896826,1.9335719353986833,58.25207808643932
active,204.0,C01,1740.0,1740.0,1.0,2.2372078899293664,2.496325917457544,50.89511329798195
active,204.0,C02,1740.0,1740.0,1.0,1.93327568537652,1.8913959057149217,58.28108711347114
active,204.0,C03,1740.0,1740.0,1.0,1.933911489231839,1.8922967183156438,58.27996472941322
active,204.0,C04,1740.0,1740.0,1.0,1.934485742103405,1.8931052231001253,58.27896864117937
active,204.0,C05,1740.0,1740.0,1.0,1.9350013410816909,1.8938258501579646,58.278090533517585
active,204.0,C06,1740.0,1740.0,1.0,1.9354612635472475,1.8944631730431263,58.277322350680386
active,204.0,C07,1740.0,1740.0,1.0,1.9358685606259531,1.8950218965920973,58.276656267727795
active,204.0,C08,1740.0,1740.0,1.0,1.936226351028112,1.8955068454144255,58.27608466227439
active,204.0,C09,1740.0,1740.0,1.0,1.9365378153363204,1.8959229531745916,58.275600086817185
active,204.0,S01,1240.0,1240.0,1.0,1.5416175453633583,1.1966334519222186,69.0514633950992
active,204.0,S02,0.0,0.0,0.0,1.6500000544713798,0.0,65.4493843949475
active,204.0,S03,1240.0,1240.0,1.0,1.5422936260777313,1.1974471355625629,69.04706965937297
active,204.0,S04,1240.0,1240.0,1.0,1.5426171222251015,1.1978389520871315,69.04497070663125
active,204.0,S05,1240.0,1240.0,1.0,1.5364414563095978,1.1886732419851387,69.09128934653238
active,204.0,S06,1240.0,1240.0,1.0,1.5367403646175999,1.189040295128557,69.08930576889276
active,204.0,S07,1240.0,1240.0,1.0,1.5370280584429385,1.1893963637278244,69.08738172766927
active,204.0,S08,1240.0,1240.0,1.0,1.537304737480922,1.1897414671071227,69.0855168871259
active,204.0,S09,1240.0,1240.0,1.0,1.5375706038709631,1.1900756261527818,69.08371090011735
active,204.0,C10,1740.0,1740.0,1.0,1.9387863610686769,1.8989774105897383,58.2721174319316
active,204.0,C11,1740.0,1740.0,1.0,1.9389335474074525,1.8991836827230244,58.27188487890288
active,204.0,C12,1740.0,1740.0,1.0,1.9390520895109735,1.8993455547142204,58.27170597235766
active,204.0,C13,1740.0,1740.0,1.0,1.9391454838939597,1.8994684700050388,58.27157390656672
active,204.0,C14,1740.0,1740.0,1.0,1.9392172296545578,1.8995583552337356,58.27148181587516
active,204.0,C15,1740.0,1740.0,1.0,1.939270739832637,1.8996204667127796,58.2714225932151
active,204.0,C16,1740.0,1740.0,1.0,1.9393096717104699,1.899660291366975,58.271389393145355
active,204.0,C17,1740.0,1740.0,1.0,1.9393380289840911,1.8996831502165707,58.27137568800485
active,204.0,C18,1740.0,1740.0,1.0,1.9393597119970694,1.8996952090382553,58.27137544013645
active,206.0,C01,1740.0,1740.0,1.0,2.191382553544916,2.4000204336248343,50.99146404420938
active,206.0,C02,1740.0,1740.0,1.0,1.9187198663038925,1.862476650436807,58.303806269738125
active,206.0,C03,1740.0,1740.0,1.0,1.9193020018813847,1.8632792578593156,58.30261752749895
active,206.0,C04,1740.0,1740.0,1.0,1.9198280726461967,1.8639996519853494,58.30156176660612
active,206.0,C05,1740.0,1740.0,1.0,1.9203007094339053,1.8646417737566465,58.300630371372996
active,206.0,C06,1740.0,1740.0,1.0,1.9207226156822856,1.865209692374189,58.29981497117888
active,206.0,C07,1740.0,1740.0,1.0,1.9210965615281725,1.865707594413283,58.299107413056134
active,206.0,C08,1740.0,1740.0,1.0,1.9214253782491182,1.86613977353585,58.2984997346598
active,206.0,C09,1740.0,1740.0,1.0,1.921711953108704,1.8665106209065168,58.29798413774557
active,206.0,S01,1240.0,1240.0,1.0,1.5416175453633583,1.1957318058044815,69.0625865532238
active,206.0,S02,0.0,0.0,0.0,1.6500000544713798,0.0,65.44894860807348
active,206.0,S03,1240.0,1240.0,1.0,1.5422936260777313,1.1965476121856922,69.05809357712826
active,206.0,S04,1240.0,1240.0,1.0,1.5426171222251015,1.1969404433303987,69.05594657761894
active,206.0,S05,1240.0,1240.0,1.0,1.5364414563095978,1.1877827040721707,69.10349062386209
active,206.0,S06,1240.0,1240.0,1.0,1.5367403646175999,1.1881506630195133,69.10146150718198
active,206.0,S07,1240.0,1240.0,1.0,1.5370280584429385,1.188507586854526,69.09949330128349
active,206.0,S08,1240.0,1240.0,1.0,1.537304737480922,1.1888534945031834,69.09758566900194
active,206.0,S09,1240.0,1240.0,1.0,1.5375706038709631,1.1891884064411897,69.09573826171638
active,206.0,C10,1740.0,1740.0,1.0,1.9237781471636308,1.8692322960364018,58.29427298191904
active,206.0,C11,1740.0,1740.0,1.0,1.923913057718851,1.8694159879178975,58.29402496957329
active,206.0,C12,1740.0,1740.0,1.0,1.9240219450952345,1.8695601344174404,58.29383388290678
active,206.0,C13,1740.0,1740.0,1.0,1.9241079842840432,1.8696695830276857,58.293692516388575
active,206.0,C14,1740.0,1740.0,1.0,1.9241743267141032,1.8697496771125706,58.29359356882579
active,206.0,C15,1740.0,1740.0,1.0,1.9242240749357395,1.8698049693590677,58.293529543422906
active,206.0,C16,1740.0,1740.0,1.0,1.9242605615175545,1.8698403803640709,58.293493194970424
active,206.0,C17,1740.0,1740.0,1.0,1.9242874720174308,1.8698606792635706,58.29347760510108
active,206.0,C18,1740.0,1740.0,1.0,1.9243083434737513,1.8698713820742539,58.293476266314755
active,208.0,C01,1740.0,1740.0,1.0,2.150072255648523,2.3141868812665245,51.09021840841178
active,208.0,C02,1740.0,1740.0,1.0,1.9058581815972333,1.8370509404677686,58.32889566602718
active,208.0,C03,1740.0,1740.0,1.0,1.906391865451501,1.8377655925821217,58.32764904320973
active,208.0,C04,1740.0,1740.0,1.0,1.9068744346864224,1.838407066859767,58.32654121292835
active,208.0,C05,1740.0,1740.0,1.0,1.9073082805302968,1.8389788673951422,58.32556330241298
active,208.0,C06,1740.0,1740.0,1.0,1.9076958597666978,1.8394846127913016,58.324706670625154
active,208.0,C07,1740.0,1740.0,1.0,1.9080396894203484,1.8399280264472684,58.32396288203795
active,208.0,C08,1740.0,1740.0,1.0,1.9083423417525005,1.8403129273756145,58.323323680743286
active,208.0,C09,1740.0,1740.0,1.0,1.9086064396190776,1.8406432216455366,58.32278096500173
active,208.0,S01,1240.0,1240.0,1.0,1.5416175453633583,1.1949114659862614,69.07375389509609
active,208.0,S02,0.0,0.0,0.0,1.6500000544713798,0.0,65.44857947095666
active,208.0,S03,1240.0,1240.0,1.0,1.5422936260777313,1.195729094597985,69.06916240716164
active,208.0,S04,1240.0,1240.0,1.0,1.5426171222251015,1.196122796111069,69.06696771857357
active,208.0,S05,1240.0,1240.0,1.0,1.5364414563095978,1.1869722598408048,69.11571497196591
active,208.0,S06,1240.0,1240.0,1.0,1.5367403646175999,1.1873409941805169,69.11364066176007
active,208.0,S07,1240.0,1240.0,1.0,1.5370280584429385,1.187698649214535,69.11162863325538
active,208.0,S08,1240.0,1240.0,1.0,1.537304737480922,1.1880452435157602,69.10967854794085
active,208.0,S09,1240.0,1240.0,1.0,1.5375706038709631,1.1883807971953804,69.10779005580736
active,208.0,C10,1740.0,1740.0,1.0,1.9105079712724915,1.8430667748140988,58.31886998637674
active,208.0,C11,1740.0,1740.0,1.0,1.910631801520378,1.8432302507964884,58.31860845994655
active,208.0,C12,1740.0,1740.0,1.0,1.910731975032874,1.84335852834597,58.31840672119308
active,208.0,C13,1740.0,1740.0,1.0,1.9108113765840993,1.8434559214779962,58.318257216072865
active,208.0,C14,1740.0,1740.0,1.0,1.9108728400797796,1.8435272374924287,58.31815225721444
active,208.0,C15,1740.0,1740.0,1.0,1.9109191949182276,1.843576424686211,58.3180840196587
active,208.0,C16,1740.0,1740.0,1.0,1.9109534786394373,1.8436078903347306,58.3180449069235
active,208.0,C17,1740.0,1740.0,1.0,1.9109790879687418,1.8436259050219461,58.31802765776852
active,208.0,C18,1740.0,1740.0,1.0,1.9109992305497656,1.8436353979573223,58.31802534986878
active,210.0,C01,1740.0,1740.0,1.0,2.1129109780604667,2.2378294314951117,51.191135741150035
active,210.0,C02,1740.0,1740.0,1.0,1.894506394827497,1.8148470732446254,58.35603484237076
active,210.0,C03,1740.0,1740.0,1.0,1.8949964231895369,1.8154791159056654,58.354738247023896
active,210.0,C04,1740.0,1740.0,1.0,1.8954397948006847,1.8160464527280584,58.353585441104286
active,210.0,C05,1740.0,1740.0,1.0,1.89583868564134,1.8165521815473074,58.35256733483538
active,210.0,C06,1740.0,1740.0,1.0,1.8961953308112012,1.8169995011992706,58.35167505792197
active,210.0,C07,1740.0,1740.0,1.0,1.8965120197537562,1.8173917029592623,58.350899934433194
active,210.0,C08,1740.0,1740.0,1.0,1.8967910917584478,1.81773216244918,58.350233457962915
active,210.0,C09,1740.0,1740.0,1.0,1.897034931788652,1.8180243320965785,58.34966726717363
active,210.0,S01,1240.0,1240.0,1.0,1.5416175453633583,1.194166390209648,69.08494516999511
active,210.0,S02,0.0,0.0,0.0,1.6500000544713798,0.0,65.44826679010477
active,210.0,S03,1240.0,1240.0,1.0,1.5422936260777313,1.1949855736808506,69.08025601473223
active,210.0,S04,1240.0,1240.0,1.0,1.5426171222251015,1.1953800173479907,69.07801405058949
active,210.0,S05,1240.0,1240.0,1.0,1.5364414563095978,1.1862359782980385,69.12794277055443
active,210.0,S06,1240.0,1240.0,1.0,1.5367403646175999,1.1866053724094552,69.12582366408046
active,210.0,S07,1240.0,1240.0,1.0,1.5370280584429385,1.1869636488347874,69.12376820456609
active,210.0,S08,1240.0,1240.0,1.0,1.537304737480922,1.1873108258356528,69.1217760522257
active,210.0,S09,1240.0,1240.0,1.0,1.5375706038709631,1.1876469232015128,69.11984685573881
active,210.0,C10,1740.0,1740.0,1.0,1.8987880731086013,1.820167609647407,58.345583242446665
active,210.0,C11,1740.0,1740.0,1.0,1.8989019223075894,1.8203120910873165,58.345310017200156
active,210.0,C12,1740.0,1740.0,1.0,1.8989942470119265,1.8204254594473621,58.34509905224741
active,210.0,C13,1740.0,1740.0,1.0,1.8990676705626848,1.8205115277232429,58.34494249287045
active,210.0,C14,1740.0,1740.0,1.0,1.8991247378300045,1.8205745857304898,58.34483231278377
active,210.0,C15,1740.0,1740.0,1.0,1.8991680380074925,1.8206180818459379,58.34476041274177
active,210.0,C16,1740.0,1740.0,1.0,1.8992003412483405,1.820645850844932,58.344718893602156
active,210.0,C17,1740.0,1740.0,1.0,1.899224782626418,1.8206617312568556,58.34470019459582
active,210.0,C18,1740.0,1740.0,1.0,1.8992442718600209,1.8206700956200343,58.34469703066959
active,212.0,C01,1740.0,1740.0,1.0,2.07954864736325,2.170015305813964,51.29396475129583
active,212.0,C02,1740.0,1740.0,1.0,1.88448966459553,1.7953306440272927,58.38493730599609
active,212.0,C03,1740.0,1740.0,1.0,1.8849406612214752,1.7958935212230625,58.38359787394324
active,212.0,C04,1740.0,1740.0,1.0,1.8853489851199678,1.7963987940327486,58.382406494020806
active,212.0,C05,1740.0,1740.0,1.0,1.8857166202371258,1.7968492174612867,58.381353895458545
active,212.0,C06,1740.0,1740.0,1.0,1.8860456038359936,1.7972476366880719,58.380431015716006
active,212.0,C07,1740.0,1740.0,1.0,1.8863380222069879,1.7975969794277662,58.3796289763852
active,212.0,C08,1740.0,1740.0,1.0,1.8865960066275562,1.797900248706686,58.378939059326086
active,212.0,C09,1740.0,1740.0,1.0,1.8868217296145535,1.7981605161298235,58.37835268313246
active,212.0,S01,1240.0,1240.0,1.0,1.5416175453633583,1.1934944835114785,69.09614117308
active,212.0,S02,0.0,0.0,0.0,1.6500000544713798,0.0,65.44800193103023
active,212.0,S03,1240.0,1240.0,1.0,1.5422936260777313,1.1943150031963665,69.09135529311858
active,212.0,S04,1240.0,1240.0,1.0,1.5426171222251015,1.1947100842671126,69.08906651411156
active,212.0,S05,1240.0,1240.0,1.0,1.5364414563095978,1.1855718747819834,69.14015540333945
active,212.0,S06,1240.0,1240.0,1.0,1.5367403646175999,1.1859418344942956,69.13799194144745
active,212.0,S07,1240.0,1240.0,1.0,1.5370280584429385,1.1863006430338738,69.13589348416319
active,212.0,S08,1240.0,1240.0,1.0,1.537304737480922,1.186648318387401,69.13385969048863
active,212.0,S09,1240.0,1240.0,1.0,1.5375706038709631,1.186984880059912,69.13189020785906
active,212.0,C10,1740.0,1740.0,1.0,1.8884421818815604,1.8000693685150717,58.37411978436208
active,212.0,C11,1740.0,1740.0,1.0,1.8885471104475808,1.8001979733096654,58.3738364981224
active,212.0,C12,1740.0,1740.0,1.0,1.888632420608053,1.8002988806263094,58.373617593452444
active,212.0,C13,1740.0,1740.0,1.0,1.8887005020425893,1.8003754843959197,58.37345495810991
active,212.0,C14,1740.0,1740.0,1.0,1.8887536388922257,1.8004316358173835,58.373340270412044
active,212.0,C15,1740.0,1740.0,1.0,1.8887942080438418,1.8004703727410898,58.37326520321614
active,212.0,C16,1740.0,1740.0,1.0,1.8888247441457966,1.8004950554417263,58.37322160024669
active,212.0,C17,1740.0,1740.0,1.0,1.8888481447231116,1.8005091560582815,58.373201639801714
active,212.0,C18,1740.0,1740.0,1.0,1.888867052258014,1.800516579695765,58.373197721601294
active,214.0,C01,1740.0,1740.0,1.0,2.0496525379313044,2.109363358562325,51.398463470234404
active,214.0,C02,1740.0,1740.0,1.0,1.88448966459553,1.793974118790339,58.41478881515043
active,214.0,C03,1740.0,1740.0,1.0,1.8849406612214752,1.7945365218398677,58.4134109471579
active,214.0,C04,1740.0,1740.0,1.0,1.8853489851199678,1.795041364438344,58.41218494192626
active,214.0,C05,1740.0,1740.0,1.0,1.8857166202371258,1.7954913995151236,58.41110136977361
active,214.0,C06,1740.0,1740.0,1.0,1.8860456038359936,1.7958894701061203,58.41015099862825
active,214.0,C07,1740.0,1740.0,1.0,1.8863380222069879,1.7962385017202203,58.409324770898145
active,214.0,C08,1740.0,1740.0,1.0,1.8865960066275562,1.796541495120959,58.408613780531816
active,214.0,C09,1740.0,1740.0,1.0,1.8868217296145535,1.7968015195984657,58.408009250360195
active,214.0,S01,1240.0,1240.0,1.0,1.5416175453633583,1.1925922882035163,69.10733970059951
active,214.0,S02,0.0,0.0,0.0,1.6500000544713798,0.0,65.44777757981414
active,214.0,S03,1240.0,1240.0,1.0,1.5422936260777313,1.193412136098274,69.10245820881073
active,214.0,S04,1240.0,1240.0,1.0,1.5426171222251015,1.193806892909305,69.1001231571964
active,214.0,S05,1240.0,1240.0,1.0,1.5364414563095978,1.1846754221158635,69.15235136645809
active,214.0,S06,1240.0,1240.0,1.0,1.5367403646175999,1.1850450769849175,69.15014406460493
active,214.0,S07,1240.0,1240.0,1.0,1.5370280584429385,1.1854035893077635,69.14800311377239
active,214.0,S08,1240.0,1240.0,1.0,1.537304737480922,1.1857509770452845,69.14592817179448
active,214.0,S09,1240.0,1240.0,1.0,1.5375706038709631,1.18608725967524,69.14391888491049
active,214.0,C10,1740.0,1740.0,1.0,1.8884421818815604,1.7987084887638485,58.40364240999647
active,214.0,C11,1740.0,1740.0,1.0,1.8885471104475808,1.7988369544975191,58.40335007484333
active,214.0,C12,1740.0,1740.0,1.0,1.888632420608053,1.7989377439738878,58.403124025943235
active,214.0,C13,1740.0,1740.0,1.0,1.8887005020425893,1.799014248552874,58.402955920118664
active,214.0,C14,1740.0,1740.0,1.0,1.8887536388922257,1.79907031983996,58.40283716711285
active,214.0,C15,1740.0,1740.0,1.0,1.8887942080438418,1.7991089906430866,58.402759240392264
active,214.0,C16,1740.0,1740.0,1.0,1.8888247441457966,1.7991336147313328,58.402713754691284
active,214.0,C17,1740.0,1740.0,1.0,1.8888481447231116,1.799147663960749,58.40269265116896
active,214.0,C18,1740.0,1740.0,1.0,1.888867052258014,1.7991550416033917,58.402688043689
active,216.0,C01,1740.0,1740.0,1.0,2.0229326024705596,2.05580332133663,51.50438723279904
active,216.0,C02,1740.0,1740.0,1.0,1.88448966459553,1.7928521126459642,58.44509080330122
active,216.0,C03,1740.0,1740.0,1.0,1.8849406612214752,1.793414123494129,58.443677263801696
active,216.0,C04,1740.0,1740.0,1.0,1.8853489851199678,1.7939186102311024,58.44241911447927
active,216.0,C05,1740.0,1740.0,1.0,1.8857166202371258,1.7943683240694694,58.441306780457055
active,216.0,C06,1740.0,1740.0,1.0,1.8860456038359936,1.794766106272208,58.44033087426705
active,216.0,C07,1740.0,1740.0,1.0,1.8863380222069879,1.79511488052374,58.43948217365103
active,216.0,C08,1740.0,1740.0,1.0,1.8865960066275562,1.795417645715989,58.438751599513616
active,216.0,C09,1740.0,1740.0,1.0,1.8868217296145535,1.795677469224393,58.43813019410927
active,216.0,S01,1240.0,1240.0,1.0,1.5416175453633583,1.1918460652912657,69.11853085023877
active,216.0,S02,0.0,0.0,0.0,1.6500000544713798,0.0,65.44758754113698
active,216.0,S03,1240.0,1240.0,1.0,1.5422936260777313,1.192665357492804,69.1135549813565
active,216.0,S04,1240.0,1240.0,1.0,1.5426171222251015,1.193059846081138,69.11117425771522
active,216.0,S05,1240.0,1240.0,1.0,1.5364414563095978,1.1839339491348897,69.16452137873335
active,216.0,S06,1240.0,1240.0,1.0,1.5367403646175999,1.1843033518414394,69.16227080566985
active,216.0,S07,1240.0,1240.0,1.0,1.5370280584429385,1.1846616191369932,69.16008791613253
active,216.0,S08,1240.0,1240.0,1.0,1.537304737480922,1.185008768961103,69.15797236681829
active,216.0,S09,1240.0,1240.0,1.0,1.5375706038709631,1.1853448207689725,69.15592380280488
active,216.0,C10,1740.0,1740.0,1.0,1.8884421818815604,1.7975828804992982,58.43363881735808
active,216.0,C11,1740.0,1740.0,1.0,1.8885471104475808,1.7977112311884749,58.433338070996996
active,216.0,C12,1740.0,1740.0,1.0,1.888632420608053,1.7978119231725413,58.433105379542454
active,216.0,C13,1740.0,1740.0,1.0,1.8887005020425893,1.797888345684867,58.4329321855671
active,216.0,C14,1740.0,1740.0,1.0,1.8887536388922257,1.7979443506624866,58.432809647114574
active,216.0,C15,1740.0,1740.0,1.0,1.8887942080438418,1.7979829667461342,58.43272905604007
active,216.0,C16,1740.0,1740.0,1.0,1.8888247441457966,1.798007542329386,58.43268181580699
active,216.0,C17,1740.0,1740.0,1.0,1.8888481447231116,1.7980215490315492,58.432659645407746
active,216.0,C18,1740.0,1740.0,1.0,1.888867052258014,1.7980288886071176,58.432654391391395
active,218.0,C01,1740.0,1740.0,1.0,1.999084926670554,2.0085252037850507,51.61149734786793
active,218.0,C02,1740.0,1740.0,1.0,1.88448966459553,1.791923448207475,58.47553688752569
active,218.0,C03,1740.0,1740.0,1.0,1.8849406612214752,1.7924851344193569,58.47408946130966
active,218.0,C04,1740.0,1740.0,1.0,1.8853489851199678,1.7929893265981838,58.47280077059713
active,218.0,C05,1740.0,1740.0,1.0,1.8857166202371258,1.793438774535586,58.47166110400789
active,218.0,C06,1740.0,1740.0,1.0,1.8860456038359936,1.7938363180270969,58.47066092766285
active,218.0,C07,1740.0,1740.0,1.0,1.8863380222069879,1.794184879247047,58.469790863891184
active,218.0,C08,1740.0,1740.0,1.0,1.8865960066275562,1.7944874555382397,58.46904167005183
active,218.0,C09,1740.0,1740.0,1.0,1.8868217296145535,1.7947471126913361,58.468404217543636
active,218.0,S01,1240.0,1240.0,1.0,1.5416175453633583,1.1912284291450959,69.12970039260586
active,218.0,S02,0.0,0.0,0.0,1.6500000544713798,0.0,65.44742656719869
active,218.0,S03,1240.0,1240.0,1.0,1.5422936260777313,1.1920472613793494,69.12463146703095
active,218.0,S04,1240.0,1240.0,1.0,1.5426171222251015,1.1924415279496539,69.12220571288204
active,218.0,S05,1240.0,1240.0,1.0,1.5364414563095978,1.1833202444836155,69.17665176322126
active,218.0,S06,1240.0,1240.0,1.0,1.5367403646175999,1.1836894384652092,69.17435852505287
active,218.0,S07,1240.0,1240.0,1.0,1.5370280584429385,1.184047502941538,69.17213428705716
active,218.0,S08,1240.0,1240.0,1.0,1.537304737480922,1.184394455834498,69.16997870481511
active,218.0,S09,1240.0,1240.0,1.0,1.5375706038709631,1.1847303165806324,69.16789142226679
active,218.0,C10,1740.0,1740.0,1.0,1.8884421818815604,1.7966512343595007,58.46379440037039
active,218.0,C11,1740.0,1740.0,1.0,1.8885471104475808,1.7967794898114409,58.46348565631684
active,218.0,C12,1740.0,1740.0,1.0,1.888632420608053,1.7968801010860536,58.46324664798947
active,218.0,C13,1740.0,1740.0,1.0,1.8887005020425893,1.7969564556565794,58.46306861447058
active,218.0,C14,1740.0,1740.0,1.0,1.8887536388922257,1.797012405731218,58.462942473050475
active,218.0,C15,1740.0,1740.0,1.0,1.8887942080438418,1.7970509765039748,58.46285934531134
active,218.0,C16,1740.0,1740.0,1.0,1.8888247441457966,1.7970755119229171,58.46281043490471
active,218.0,C17,1740.0,1740.0,1.0,1.8888481447231116,1.7970894834095417,58.462787248371285
active,218.0,C18,1740.0,1740.0,1.0,1.888867052258014,1.7970967914612592,58.4627813770171
active,220.0,C01,1740.0,1740.0,1.0,1.9778282299207024,1.9668062106131545,51.719566050277265
active,220.0,C02,1740.0,1740.0,1.0,1.88448966459553,1.791154263022929,58.505938026959704
active,220.0,C03,1740.0,1740.0,1.0,1.8849406612214752,1.791715680335702,58.50445791172918
active,220.0,C04,1740.0,1740.0,1.0,1.8853489851199678,1.792219628528444,58.50313975584973
active,220.0,C05,1740.0,1740.0,1.0,1.8857166202371258,1.7926688562158373,58.50197371710964
active,220.0,C06,1740.0,1740.0,1.0,1.8860456038359936,1.7930662019779653,58.50095012111097
active,220.0,C07,1740.0,1740.0,1.0,1.8863380222069879,1.7934145867383797,58.50005944086382
active,220.0,C08,1740.0,1740.0,1.0,1.8865960066275562,1.7937170065567831,58.49929227645817
active,220.0,C09,1740.0,1740.0,1.0,1.8868217296145535,1.7939765259112004,58.4986393348801
active,220.0,S01,1240.0,1240.0,1.0,1.5416175453633583,1.190716858929934,69.14083207880383
active,220.0,S02,0.0,0.0,0.0,1.6500000544713798,0.0,65.44729021280389
active,220.0,S03,1240.0,1240.0,1.0,1.5422936260777313,1.1915353101663881,69.13567147549696
active,220.0,S04,1240.0,1240.0,1.0,1.5426171222251015,1.1919293928355237,69.13320136028395
active,220.0,S05,1240.0,1240.0,1.0,1.5364414563095978,1.182811930651203,69.18872676481415
active,220.0,S06,1240.0,1240.0,1.0,1.5367403646175999,1.1831809517421195,69.18639149306884
active,220.0,S07,1240.0,1240.0,1.0,1.5370280584429385,1.1835388482193399,69.18412652087768
active,220.0,S08,1240.0,1240.0,1.0,1.537304737480922,1.1838856379901417,69.1819315027196
active,220.0,S09,1240.0,1240.0,1.0,1.5375706038709631,1.1842213404756126,69.17980608141329
active,220.0,C10,1740.0,1740.0,1.0,1.8884421818815604,1.7958795793205795,58.49391518946232
active,220.0,C11,1740.0,1740.0,1.0,1.8885471104475808,1.796007755878693,58.49359872679333
active,220.0,C12,1740.0,1740.0,1.0,1.888632420608053,1.7961083002925113,58.49335362169643
active,220.0,C13,1740.0,1740.0,1.0,1.8887005020425893,1.796184598577398,58.49317091697394
active,220.0,C14,1740.0,1740.0,1.0,1.8887536388922257,1.7962405031639177,58.493041296576926
active,220.0,C15,1740.0,1740.0,1.0,1.8887942080438418,1.7962790363928953,58.492955719279216
active,220.0,C16,1740.0,1740.0,1.0,1.8888247441457966,1.7963035385328507,58.492905196611886
active,220.0,C17,1740.0,1740.0,1.0,1.8888481447231116,1.7963174808401634,58.492881029245474
active,220.0,C18,1740.0,1740.0,1.0,1.888867052258014,1.796324762770338,58.49287456144539
active,222.0,C01,1740.0,1740.0,1.0,1.9589033924888442,1.927916288329228,51.82842406320099
active,222.0,C02,1740.0,1740.0,1.0,1.88448966459553,1.788577343936361,58.53624634156162
active,222.0,C03,1740.0,1740.0,1.0,1.8849406612214752,1.7891226309293613,58.53473493491766
active,222.0,C04,1740.0,1740.0,1.0,1.8853489851199678,1.7896111635887346,58.533388603007694
active,222.0,C05,1740.0,1740.0,1.0,1.8857166202371258,1.7900456917326228,58.532197376530455
active,222.0,C06,1740.0,1740.0,1.0,1.8860456038359936,1.790429054799974,58.531151444492764
active,222.0,C07,1740.0,1740.0,1.0,1.8863380222069879,1.790764174265429,58.530241134674625
active,222.0,C08,1740.0,1740.0,1.0,1.8865960066275562,1.7910540464720772,58.529456894135286
active,222.0,C09,1740.0,1740.0,1.0,1.8868217296145535,1.791301735957517,58.528789269820585
active,222.0,S01,1240.0,1240.0,1.0,1.5416175453633583,1.1889340417444054,69.15198168738691
active,222.0,S02,124.0,124.0,0.1,1.8530165082253196,1.2509965005013746,65.39077934089696
active,222.0,S03,1240.0,1240.0,1.0,1.5422936260777313,1.1897443536703922,69.14673119839438
active,222.0,S04,1240.0,1240.0,1.0,1.5426171222251015,1.1901377929273251,69.14421741541294
active,222.0,S05,1240.0,1240.0,1.0,1.5364414563095978,1.181033699205929,69.20080291254503
active,222.0,S06,1240.0,1240.0,1.0,1.5367403646175999,1.1814021154041687,69.19842626073682
active,222.0,S07,1240.0,1240.0,1.0,1.5370280584429385,1.181759424101027,69.19612118947924
active,222.0,S08,1240.0,1240.0,1.0,1.537304737480922,1.1821056431526624,69.19388735215884
active,222.0,S09,1240.0,1240.0,1.0,1.5375706038709631,1.1824407919261173,69.19172439048467
active,222.0,C10,1740.0,1740.0,1.0,1.8884421818815604,1.7931801066725617,58.52395451063519
active,222.0,C11,1740.0,1740.0,1.0,1.8885471104475808,1.7933080071541327,58.5236305314522
active,222.0,C12,1740.0,1740.0,1.0,1.888632420608053,1.7934083175871358,58.52337948968542
active,222.0,C13,1740.0,1740.0,1.0,1.8887005020425893,1.793484418886753,58.5231922369778
active,222.0,C14,1740.0,1740.0,1.0,1.8887536388922257,1.7935401642455324,58.52305922911976
active,222.0,C15,1740.0,1740.0,1.0,1.8887942080438418,1.7935785660347503,58.52297126738408
active,222.0,C16,1740.0,1740.0,1.0,1.8888247441457966,1.793602951668916,58.52291917684851
active,222.0,C17,1740.0,1740.0,1.0,1.8888481447231116,1.7936167918176646,58.522894056941766
active,222.0,C18,1740.0,1740.0,1.0,1.888867052258014,1.7936239822866131,58.52288701076527
active,224.0,C01,1740.0,1740.0,1.0,1.9421840301353475,1.895813183263332,51.93784675228952
active,224.0,C02,1740.0,1740.0,1.0,1.88448966459553,1.7881512360818275,58.56635717793287
active,224.0,C03,1740.0,1740.0,1.0,1.8849406612214752,1.7886942599446214,58.564815514313274
active,224.0,C04,1740.0,1740.0,1.0,1.8853489851199678,1.7891806293052208,58.56344196080641
active,224.0,C05,1740.0,1740.0,1.0,1.8857166202371258,1.7896130940332238,58.56222642369307
active,224.0,C06,1740.0,1740.0,1.0,1.8860456038359936,1.7899944935672147,58.561158958210264
active,224.0,C07,1740.0,1740.0,1.0,1.8863380222069879,1.7903277493348408,58.56022974987285
active,224.0,C08,1740.0,1740.0,1.0,1.8865960066275562,1.7906158575911544,58.559429095800375
active,224.0,C09,1740.0,1740.0,1.0,1.8868217296145535,1.7908618827507106,58.558747386102404
active,224.0,S01,1240.0,1240.0,1.0,1.5416175453633583,1.1886410418618822,69.16311181236985
active,224.0,S02,248.0,248.0,0.2,1.7579108813512558,1.4217485770380935,65.29303410833619
active,224.0,S03,1240.0,1240.0,1.0,1.5422936260777313,1.1894501815592529,69.15777320529051
active,224.0,S04,1240.0,1240.0,1.0,1.5426171222251015,1.1898435151223667,69.15521645484841
active,224.0,S05,1240.0,1240.0,1.0,1.5364414563095978,1.1807416173001013,69.21284322507506
active,224.0,S06,1240.0,1240.0,1.0,1.5367403646175999,1.18110993413175,69.21042585284273
active,224.0,S07,1240.0,1240.0,1.0,1.5370280584429385,1.1814671462728108,69.20808132319277
active,224.0,S08,1240.0,1240.0,1.0,1.537304737480922,1.1818132715710488,69.20580928842493
active,224.0,S09,1240.0,1240.0,1.0,1.5375706038709631,1.182148329384632,69.20360938914583
active,224.0,C10,1740.0,1740.0,1.0,1.8884421818815604,1.7927367076460488,58.5538047832773
active,224.0,C11,1740.0,1740.0,1.0,1.8885471104475808,1.7928645627685742,58.55347343881958
active,224.0,C12,1740.0,1740.0,1.0,1.888632420608053,1.7929648347570246,58.553216580272085
active,224.0,C13,1740.0,1740.0,1.0,1.8887005020425893,1.7930409036888422,58.55302487193022
active,224.0,C14,1740.0,1740.0,1.0,1.8887536388922257,1.7930966228793643,58.5528885453924
active,224.0,C15,1740.0,1740.0,1.0,1.8887942080438418,1.7931350030640738,58.55279824823581
active,224.0,C16,1740.0,1740.0,1.0,1.8888247441457966,1.793159369548849,58.552744623248614
active,224.0,C17,1740.0,1740.0,1.0,1.8888481447231116,1.7931731929055958,58.5527185721566
active,224.0,C18,1740.0,1740.0,1.0,1.888867052258014,1.7931803683396776,58.55271096137386
active,226.0,C01,1740.0,1740.0,1.0,1.9273241402914651,1.8678704518992024,52.04762781187784
active,226.0,C02,1740.0,1740.0,1.0,1.88448966459553,1.7881669284347659,58.59619333057576
active,226.0,C03,1740.0,1740.0,1.0,1.8849406612214752,1.7887107349905917,58.59462211974118
active,226.0,C04,1740.0,1740.0,1.0,1.8853489851199678,1.7891978549513465,58.59322199590361
active,226.0,C05,1740.0,1740.0,1.0,1.8857166202371258,1.7896310379523646,58.59198274297585
active,226.0,C06,1740.0,1740.0,1.0,1.8860456038359936,1.7900131232099776,58.590894284611224
active,226.0,C07,1740.0,1740.0,1.0,1.8863380222069879,1.7903470319402688,58.589946666369315
active,226.0,C08,1740.0,1740.0,1.0,1.8865960066275562,1.7906357601959189,58.58913003785142
active,226.0,C09,1740.0,1740.0,1.0,1.8868217296145535,1.7908823721966054,58.58843463485241
active,226.0,S01,1240.0,1240.0,1.0,1.5416175453633583,1.1886550095282669,69.1741779261614
active,226.0,S02,372.0,372.0,0.3,1.6747523113898999,1.3590443708813533,65.18336286366288
active,226.0,S03,1240.0,1240.0,1.0,1.5422936260777313,1.18946451054995,69.16875287232055
active,226.0,S04,1240.0,1240.0,1.0,1.5426171222251015,1.1898578492614318,69.16615385671942
active,226.0,S05,1240.0,1240.0,1.0,1.5364414563095978,1.1807558444774342,69.2248034887075
active,226.0,S06,1240.0,1240.0,1.0,1.5367403646175999,1.1811241661492526,69.22234605719962
active,226.0,S07,1240.0,1240.0,1.0,1.5370280584429385,1.1814813829935709,69.2199627109828
active,226.0,S08,1240.0,1240.0,1.0,1.537304737480922,1.1818275128585625,69.21765310127219
active,226.0,S09,1240.0,1240.0,1.0,1.5375706038709631,1.1821625751028277,69.21541686757584
active,226.0,C10,1740.0,1740.0,1.0,1.8884421818815604,1.7927583054080245,58.58338623651291
active,226.0,C11,1740.0,1740.0,1.0,1.8885471104475808,1.7928861627400494,58.583047646686964
active,226.0,C12,1740.0,1740.0,1.0,1.888632420608053,1.7929864366011965,58.58278506636692
active,226.0,C13,1740.0,1740.0,1.0,1.8887005020425893,1.7930625071097146,58.58258897552017
active,226.0,C14,1740.0,1740.0,1.0,1.8887536388922257,1.7931182275749755,58.58244938482856
active,226.0,C15,1740.0,1740.0,1.0,1.8887942080438418,1.7931566088121287,58.582356791038706
active,226.0,C16,1740.0,1740.0,1.0,1.8888247441457966,1.7931809762297461,58.58230165785516
active,226.0,C17,1740.0,1740.0,1.0,1.8888481447231116,1.7931948004045026,58.58227469220813
active,226.0,C18,1740.0,1740.0,1.0,1.888867052258014,1.7932019765710046,58.58226652746484
active,228.0,C01,1740.0,1740.0,1.0,1.914107249052186,1.8431781642798957,52.15758815848987
active,228.0,C02,1740.0,1740.0,1.0,1.88448966459553,1.7882084790376074,58.625709222695434
active,228.0,C03,1740.0,1740.0,1.0,1.8849406612214752,1.7887533522273489,58.62410896908911
active,228.0,C04,1740.0,1740.0,1.0,1.8853489851199678,1.78924149463894,58.62268273421124
active,228.0,C05,1740.0,1740.0,1.0,1.8857166202371258,1.789675655621108,58.62142018128522
active,228.0,C06,1740.0,1740.0,1.0,1.8860456038359936,1.7900586741208238,58.62031110418508
active,228.0,C07,1740.0,1740.0,1.0,1.8863380222069879,1.7903934711001774,58.61934541043368
active,228.0,C08,1740.0,1740.0,1.0,1.8865960066275562,1.7906830423711038,58.61851310413581
active,228.0,C09,1740.0,1740.0,1.0,1.8868217296145535,1.7909304519233944,58.6178042688858
active,228.0,S01,1240.0,1240.0,1.0,1.5416175453633583,1.1886874224606137,69.1851457173842
active,228.0,S02,496.0,496.0,0.4,1.6063864898425002,1.2740169912642236,65.08422390904731
active,228.0,S03,1240.0,1240.0,1.0,1.5422936260777313,1.1894974222443013,69.17963580404722
active,228.0,S04,1240.0,1240.0,1.0,1.5426171222251015,1.1898907727808399,69.17699522525128
active,228.0,S05,1240.0,1240.0,1.0,1.5364414563095978,1.1807885223208359,69.23664966665594
active,228.0,S06,1240.0,1240.0,1.0,1.5367403646175999,1.1811568551098237,69.2341528364504
active,228.0,S07,1240.0,1240.0,1.0,1.5370280584429385,1.1815140827568429,69.23173131469764
active,228.0,S08,1240.0,1240.0,1.0,1.537304737480922,1.1818602231110045,69.2293847515282
active,228.0,S09,1240.0,1240.0,1.0,1.5375706038709631,1.1821952955319024,69.22711278535299
active,228.0,C10,1740.0,1740.0,1.0,1.8884421818815604,1.7928079124585279,58.61265167508918
active,228.0,C11,1740.0,1740.0,1.0,1.8885471104475808,1.792935774865433,58.612305940963644
active,228.0,C12,1740.0,1740.0,1.0,1.888632420608053,1.7930360530278733,58.612037718910145
active,228.0,C13,1740.0,1740.0,1.0,1.8887005020425893,1.7931121271578216,58.61183730711271
active,228.0,C14,1740.0,1740.0,1.0,1.8887536388922257,1.7931678505509423,58.61169449819904
active,228.0,C15,1740.0,1740.0,1.0,1.8887942080438418,1.7932062342053745,58.61159964038439
active,228.0,C16,1740.0,1740.0,1.0,1.8888247441457966,1.793230603765568,58.61154302091789
active,228.0,C17,1740.0,1740.0,1.0,1.8888481447231116,1.7932444298191474,58.61151515446522
active,228.0,C18,1740.0,1740.0,1.0,1.888867052258014,1.7932516076678857,58.6115064444857
active,230.0,C01,1740.0,1740.0,1.0,1.9023605656475555,1.8214081331097245,52.26756930052955
active,230.0,C02,1740.0,1740.0,1.0,1.88448966459553,1.7882174775025077,58.65488048501174
active,230.0,C03,1740.0,1740.0,1.0,1.8849406612214752,1.7887632573067662,58.653251574820786
active,230.0,C04,1740.0,1740.0,1.0,1.8853489851199678,1.7892522691804849,58.651799577759874
active,230.0,C05,1740.0,1740.0,1.0,1.8857166202371258,1.7896872621849425,58.65051403781624
active,230.0,C06,1740.0,1740.0,1.0,1.8860456038359936,1.790071074993111,58.64938462065728
active,230.0,C07,1740.0,1740.0,1.0,1.8863380222069879,1.7904066283050153,58.64840109745033
active,230.0,C08,1740.0,1740.0,1.0,1.8865960066275562,1.7906969176807388,58.64755332858264
active,230.0,C09,1740.0,1740.0,1.0,1.8868217296145535,1.7909450068664607,58.64683124731503
active,230.0,S01,1240.0,1240.0,1.0,1.5416175453633583,1.1886975090168401,69.1959909141236
active,230.0,S02,620.0,620.0,0.5,1.552871915240108,1.200864929341397,65.01099706167238
active,230.0,S03,1240.0,1240.0,1.0,1.5422936260777313,1.1895079234845731,69.19039766414497
active,230.0,S04,1240.0,1240.0,1.0,1.5426171222251015,1.1899012777941629,69.18771622195068
active,230.0,S05,1240.0,1240.0,1.0,1.5364414563095978,1.1807989489455792,69.24835774410423
active,230.0,S06,1240.0,1240.0,1.0,1.5367403646175999,1.181167285281751,69.24582217357752
active,230.0,S07,1240.0,1240.0,1.0,1.5370280584429385,1.1815245163756138,69.24336311500005
active,230.0,S08,1240.0,1240.0,1.0,1.537304737480922,1.1818706600765816,69.24098021741635
active,230.0,S09,1240.0,1240.0,1.0,1.5375706038709631,1.1822057357445626,69.23867311813999
active,230.0,C10,1740.0,1740.0,1.0,1.8884421818815604,1.7928237407403353,58.64157579584526
active,230.0,C11,1740.0,1740.0,1.0,1.8885471104475808,1.7929516047664895,58.64122300715114
active,230.0,C12,1740.0,1740.0,1.0,1.888632420608053,1.7930518843013477,58.640949214399264
active,230.0,C13,1740.0,1740.0,1.0,1.8887005020425893,1.7931279595867886,58.640744536248434
active,230.0,C14,1740.0,1740.0,1.0,1.8887536388922257,1.7931836839141004,58.640598549882306
active,230.0,C15,1740.0,1740.0,1.0,1.8887942080438418,1.7932220683398103,58.64050145694577
active,230.0,C16,1740.0,1740.0,1.0,1.8888247441457966,1.7932464385836326,58.64044337051604
active,230.0,C17,1740.0,1740.0,1.0,1.8888481447231116,1.7932602652366856,58.640414615296116
active,230.0,C18,1740.0,1740.0,1.0,1.888867052258014,1.7932674436221714,58.64040536767177
active,232.0,C01,1740.0,1740.0,1.0,1.8919249019004525,1.8021504289072856,52.37743189821189
active,232.0,C02,1740.0,1740.0,1.0,1.88448966459553,1.7881906507713454,58.683695654031524
active,232.0,C03,1740.0,1740.0,1.0,1.8849406612214752,1.788737096897827,58.68203841017956
active,232.0,C04,1740.0,1740.0,1.0,1.8853489851199678,1.78922674834842,58.68056094094307
active,232.0,C05,1740.0,1740.0,1.0,1.8857166202371258,1.7896623539177725,58.679252672387136
active,232.0,C06,1740.0,1740.0,1.0,1.8860456038359936,1.790046752020586,58.67810314340186
active,232.0,C07,1740.0,1740.0,1.0,1.8863380222069879,1.7903828631059797,58.67710199033318
active,232.0,C08,1740.0,1740.0,1.0,1.8865960066275562,1.7906736824893315,58.67623893147962
active,232.0,C09,1740.0,1740.0,1.0,1.8868217296145535,1.7909222736769548,58.675503751482225
active,232.0,S01,1240.0,1240.0,1.0,1.5416175453633583,1.1886827338819117,69.2066970645078
active,232.0,S02,744.0,744.0,0.6,1.5136554453750275,1.1460704801080805,64.97371238439256
active,232.0,S03,1240.0,1240.0,1.0,1.5422936260777313,1.1894934416249645,69.20102195285504
active,232.0,S04,1240.0,1240.0,1.0,1.5426171222251015,1.1898867907312822,69.1983003432811
active,232.0,S05,1240.0,1240.0,1.0,1.5364414563095978,1.1807845699854038,69.25991151874936
active,232.0,S06,1240.0,1240.0,1.0,1.5367403646175999,1.1811529014297895,69.25733786263193
active,232.0,S07,1240.0,1240.0,1.0,1.5370280584429385,1.1815101277702396,69.25484190226386
active,232.0,S08,1240.0,1240.0,1.0,1.537304737480922,1.181856266855754,69.25242328560145
active,232.0,S09,1240.0,1240.0,1.0,1.5375706038709631,1.182191338045806,69.25008164885976
active,232.0,C10,1740.0,1740.0,1.0,1.8884421818815604,1.792801912561151,58.67014663244562
active,232.0,C11,1740.0,1740.0,1.0,1.8885471104475808,1.7929297743542592,58.669786872002675
active,232.0,C12,1740.0,1740.0,1.0,1.888632420608053,1.7930300519964664,58.66950757410579
active,232.0,C13,1740.0,1740.0,1.0,1.8887005020425893,1.7931061256884107,58.66929867997138
active,232.0,C14,1740.0,1740.0,1.0,1.8887536388922257,1.7931618487274141,58.66914955378998
active,232.0,C15,1740.0,1740.0,1.0,1.8887942080438418,1.7932002320894829,58.6690502523944
active,232.0,C16,1740.0,1740.0,1.0,1.8888247441457966,1.7932246013905375,58.66899071676698
active,232.0,C17,1740.0,1740.0,1.0,1.8888481447231116,1.7932384272168782,58.66896108380634
active,232.0,C18,1740.0,1740.0,1.0,1.888867052258014,1.793245604862155,58.668951305470046
active,234.0,C01,1740.0,1740.0,1.0,1.8919249019004525,1.8020672540974714,52.486651715785264
active,234.0,C02,1740.0,1740.0,1.0,1.88448966459553,1.7881085674317696,58.71215173469693
active,234.0,C03,1740.0,1740.0,1.0,1.8849406612214752,1.7886554299385602,58.7104664499243
active,234.0,C04,1740.0,1740.0,1.0,1.8853489851199678,1.789145482216606,58.70896377070814
active,234.0,C05,1740.0,1740.0,1.0,1.8857166202371258,1.7895814727862285,58.70763300641731
active,234.0,C06,1740.0,1740.0,1.0,1.8860456038359936,1.789966239790085,58.70646357050324
active,234.0,C07,1740.0,1740.0,1.0,1.8863380222069879,1.790302703407133,58.70544496593138
active,234.0,C08,1740.0,1740.0,1.0,1.8865960066275562,1.7905938586839516,58.70456677044488
active,234.0,C09,1740.0,1740.0,1.0,1.8868217296145535,1.790842768858751,58.70381862168131
active,234.0,S01,1240.0,1240.0,1.0,1.5416175453633583,1.1886301613245582,69.2172543846805
active,234.0,S02,868.0,868.0,0.7,1.4878675554661618,1.1099351009345153,64.97857876192073
active,234.0,S03,1240.0,1240.0,1.0,1.5422936260777313,1.1894410302178333,69.21149885087277
active,234.0,S04,1240.0,1240.0,1.0,1.5426171222251015,1.189834360492891,69.2087377648114
active,234.0,S05,1240.0,1240.0,1.0,1.5364414563095978,1.1807325309827437,69.27130145316123
active,234.0,S06,1240.0,1240.0,1.0,1.5367403646175999,1.1811008447231695,69.26869036132325
active,234.0,S07,1240.0,1240.0,1.0,1.5370280584429385,1.181458053860448,69.26615812937813
active,234.0,S08,1240.0,1240.0,1.0,1.537304737480922,1.1818041762420832,69.26370440419113
active,234.0,S09,1240.0,1240.0,1.0,1.5375706038709631,1.1821392312259675,69.26132882087707
active,234.0,C10,1740.0,1740.0,1.0,1.8884421818815604,1.7927229140373744,58.69836094621443
active,234.0,C11,1740.0,1740.0,1.0,1.8885471104475808,1.7928507677487788,58.69799429257193
active,234.0,C12,1740.0,1740.0,1.0,1.888632420608053,1.79295103854121,58.69770955170808
active,234.0,C13,1740.0,1740.0,1.0,1.8887005020425893,1.7930271064660492,58.69749648937008
active,234.0,C14,1740.0,1740.0,1.0,1.8887536388922257,1.7930828248424433,58.69734425910025
active,234.0,C15,1740.0,1740.0,1.0,1.8887942080438418,1.793121204354994,58.697242774556614
active,234.0,C16,1740.0,1740.0,1.0,1.8888247441457966,1.7931455702439965,58.697181806581256
active,234.0,C17,1740.0,1740.0,1.0,1.8888481447231116,1.7931593930783094,58.69715130633241
active,234.0,C18,1740.0,1740.0,1.0,1.888867052258014,1.793166568044621,58.697141003863265
active,236.0,C01,1740.0,1740.0,1.0,1.8919249019004525,1.8019712859659782,52.59491994289879
active,236.0,C02,1740.0,1740.0,1.0,1.88448966459553,1.788013564658573,58.74024927978576
active,236.0,C03,1740.0,1740.0,1.0,1.8849406612214752,1.788560625053597,58.738536235599945
active,236.0,C04,1740.0,1740.0,1.0,1.8853489851199678,1.7890508688334206,58.73700859856242
active,236.0,C05,1740.0,1740.0,1.0,1.8857166202371258,1.7894870442957387,58.73565556251383
active,236.0,C06,1740.0,1740.0,1.0,1.8860456038359936,1.7898719893591386,58.73446641674556
active,236.0,C07,1740.0,1740.0,1.0,1.8863380222069879,1.790208623977078,58.733430532221625
active,236.0,C08,1740.0,1740.0,1.0,1.8865960066275562,1.7904999429691377,58.73253734759961
active,236.0,C09,1740.0,1740.0,1.0,1.8868217296145535,1.7907490093448788,58.73177635506474
active,236.0,S01,1240.0,1240.0,1.0,1.5416175453633583,1.1885680251325241,69.22765665551195
active,236.0,S02,992.0,992.0,0.8,1.4744199868141417,1.0911565963382983,65.0291142029704
active,236.0,S03,1240.0,1240.0,1.0,1.5422936260777313,1.189378951712195,69.22182211218335
active,236.0,S04,1240.0,1240.0,1.0,1.5426171222251015,1.189772259682509,69.2190222341253
active,236.0,S05,1240.0,1240.0,1.0,1.5364414563095978,1.1806708935709853,69.28252157523026
active,236.0,S06,1240.0,1240.0,1.0,1.5367403646175999,1.1810391863418976,69.27987369151997
active,236.0,S07,1240.0,1240.0,1.0,1.5370280584429385,1.1813963751028196,69.27730581228946
active,236.0,S08,1240.0,1240.0,1.0,1.537304737480922,1.1817424776994838,69.27481758331004
active,236.0,S09,1240.0,1240.0,1.0,1.5375706038709631,1.1820775134879093,69.2724086385943
active,236.0,C10,1740.0,1740.0,1.0,1.8884421818815604,1.7926293445233157,58.72621919429067
active,236.0,C11,1740.0,1740.0,1.0,1.8885471104475808,1.7927571886622304,58.72584572319949
active,236.0,C12,1740.0,1740.0,1.0,1.888632420608053,1.792857451341327,58.725555599337
active,236.0,C13,1740.0,1740.0,1.0,1.8887005020425893,1.792933512435198,58.72533841488236
active,236.0,C14,1740.0,1740.0,1.0,1.8887536388922257,1.792989225288813,58.7251831150021
active,236.0,C15,1740.0,1740.0,1.0,1.8887942080438418,1.7930276002416425,58.72507947174045
active,236.0,C16,1740.0,1740.0,1.0,1.8888247441457966,1.7930519620891034,58.72501708767596
active,236.0,C17,1740.0,1740.0,1.0,1.8888481447231116,1.7930657813793798,58.7249857302262
active,236.0,C18,1740.0,1740.0,1.0,1.888867052258014,1.7930729531724612,58.724974909982194
active,238.0,C01,1740.0,1740.0,1.0,1.8919249019004525,1.801862745448511,52.70205780533442
active,238.0,C02,1740.0,1740.0,1.0,1.88448966459553,1.7879058418420501,58.76799095107375
active,238.0,C03,1740.0,1740.0,1.0,1.8849406612214752,1.7884528626220366,58.76625042975624
active,238.0,C04,1740.0,1740.0,1.0,1.8853489851199678,1.7889430703544584,58.764698088294324
active,238.0,C05,1740.0,1740.0,1.0,1.8857166202371258,1.789379213172852,58.763323006128445
active,238.0,C06,1740.0,1740.0,1.0,1.8860456038359936,1.7897641288262285,58.76211434962678
active,238.0,C07,1740.0,1740.0,1.0,1.8863380222069879,1.7901007370934965,58.76106135908763
active,238.0,C08,1740.0,1740.0,1.0,1.8865960066275562,1.7903920326151428,58.76015333550805
active,238.0,C09,1740.0,1740.0,1.0,1.8868217296145535,1.7906410782174793,58.75937962712605
active,238.0,S01,1240.0,1240.0,1.0,1.5416175453633583,1.1884963715804289,69.23790037322908
active,238.0,S02,1116.0,1116.0,0.9,1.4744199868141417,1.0913078095907391,65.12678417993055
active,238.0,S03,1240.0,1240.0,1.0,1.5422936260777313,1.1893072438995327,69.23198821298386
active,238.0,S04,1240.0,1240.0,1.0,1.5426171222251015,1.189700526105136,69.22915021999309
active,238.0,S05,1240.0,1240.0,1.0,1.5364414563095978,1.1805996952734532,69.29356862987612
active,238.0,S06,1240.0,1240.0,1.0,1.5367403646175999,1.1809679638220025,69.29088459118277
active,238.0,S07,1240.0,1240.0,1.0,1.5370280584429385,1.181325129045727,69.28828168214766
active,238.0,S08,1240.0,1240.0,1.0,1.537304737480922,1.1816712087883112,69.2857595474451
active,238.0,S09,1240.0,1240.0,1.0,1.5375706038709631,1.1820062224036132,69.28331781998345
active,238.0,C10,1740.0,1740.0,1.0,1.8884421818815604,1.7925212609851429,58.753724036292525
active,238.0,C11,1740.0,1740.0,1.0,1.8885471104475808,1.7926490940665394,58.75334382157674
active,238.0,C12,1740.0,1740.0,1.0,1.888632420608053,1.7927493473736087,58.75304837316443
active,238.0,C13,1740.0,1740.0,1.0,1.8887005020425893,1.7928254005767357,58.752827111518286
active,238.0,C14,1740.0,1740.0,1.0,1.8887536388922257,1.792881107050681,58.75266877564869
active,238.0,C15,1740.0,1740.0,1.0,1.8887942080438418,1.7929194767362728,58.75256299749731
active,238.0,C16,1740.0,1740.0,1.0,1.8888247441457966,1.7929438339150878,58.75249921320425
active,238.0,C17,1740.0,1740.0,1.0,1.8888481447231116,1.7929576491114054,58.752467008399876
active,238.0,C18,1740.0,1740.0,1.0,1.888867052258014,1.7929648172388526,58.75245567659702
active,240.0,C01,1740.0,1740.0,1.0,1.8919249019004525,1.80175809504286,52.80796458751114
active,240.0,C02,1740.0,1740.0,1.0,1.88448966459553,1.7878018506515982,58.795380060385035
active,240.0,C03,1740.0,1740.0,1.0,1.8849406612214752,1.788348709097636,58.793612348114
active,240.0,C04,1740.0,1740.0,1.0,1.8853489851199678,1.7888387630214266,58.79203555971946
active,240.0,C05,1740.0,1740.0,1.0,1.8857166202371258,1.7892747604395367,58.790638661341006
active,240.0,C06,1740.0,1740.0,1.0,1.8860456038359936,1.7896595389769936,58.7894106976303
active,240.0,C07,1740.0,1740.0,1.0,1.8863380222069879,1.7899960182823522,58.78834077952425
active,240.0,C08,1740.0,1740.0,1.0,1.8865960066275562,1.7902871928600126,58.78741807175161
active,240.0,C09,1740.0,1740.0,1.0,1.8868217296145535,1.7905361253951257,58.786631780074416
active,240.0,S01,1240.0,1240.0,1.0,1.5416175453633583,1.1884266371332848,69.2479834857326
active,240.0,S02,1240.0,1240.0,1.0,1.4815836041348889,1.1015341385780413,65.27199652264558
active,240.0,S03,1240.0,1240.0,1.0,1.5422936260777313,1.1892374008232527,69.24199508355413
active,240.0,S04,1240.0,1240.0,1.0,1.5426171222251015,1.1896306579339753,69.23911964441524
active,240.0,S05,1240.0,1240.0,1.0,1.5364414563095978,1.1805303484635472,69.30444081300564
active,240.0,S06,1240.0,1240.0,1.0,1.5367403646175999,1.1808985934194602,69.30172124847628
active,240.0,S07,1240.0,1240.0,1.0,1.5370280584429385,1.1812557357178939,69.2990839195615
active,240.0,S08,1240.0,1240.0,1.0,1.537304737480922,1.1816017932005438,69.29652846983588
active,240.0,S09,1240.0,1240.0,1.0,1.5375706038709631,1.181936785219159,69.29405453110162
active,240.0,C10,1740.0,1740.0,1.0,1.8884421818815604,1.7924159881320765,58.78087880705539
active,240.0,C11,1740.0,1740.0,1.0,1.8885471104475808,1.7925438104433018,58.780491921098
active,240.0,C12,1740.0,1740.0,1.0,1.888632420608053,1.792644054621864,58.780191205446
active,240.0,C13,1740.0,1740.0,1.0,1.8887005020425893,1.7927201001392465,58.779965910660465
active,240.0,C14,1740.0,1740.0,1.0,1.8887536388922257,1.792775800399189,58.77980457177539
active,240.0,C15,1740.0,1740.0,1.0,1.8887942080438418,1.7928141649542746,58.779696682105644
active,240.0,C16,1740.0,1740.0,1.0,1.8888247441457966,1.7928385175856427,58.779631513139904
active,240.0,C17,1740.0,1740.0,1.0,1.8888481447231116,1.792852328794269,58.77959847063969
active,240.0,C18,1740.0,1740.0,1.0,1.888867052258014,1.7928594933512132,58.77958663337947
active,242.0,C01,1740.0,1740.0,1.0,1.8919249019004525,1.8249934096634544,52.91201490191482
active,242.0,C02,1740.0,1740.0,1.0,1.88448966459553,1.8108615608488599,58.8215806396329
active,242.0,C03,1740.0,1740.0,1.0,1.8849406612214752,1.8114163211184866,58.81978592908658
active,242.0,C04,1740.0,1740.0,1.0,1.8853489851199678,1.8119135367218666,58.81818486434332
active,242.0,C05,1740.0,1740.0,1.0,1.8857166202371258,1.8123559910033464,58.816766299103165
active,242.0,C06,1740.0,1740.0,1.0,1.8860456038359936,1.8127465580673756,58.81551915724597
active,242.0,C07,1740.0,1740.0,1.0,1.8863380222069879,1.8130881950985671,58.81443242136765
active,242.0,C08,1740.0,1740.0,1.0,1.8865960066275562,1.8133839351042875,58.813495121017304
active,242.0,C09,1740.0,1740.0,1.0,1.8868217296145535,1.8136368801562406,58.81269632063086
active,242.0,S01,1240.0,1240.0,1.0,1.5416175453633583,1.2037623571341611,69.25707979550981
active,242.0,S02,1240.0,1240.0,1.0,1.4815836041348889,1.1157688513921267,65.4048960522628
active,242.0,S03,1240.0,1240.0,1.0,1.5422936260777313,1.2045844680372149,69.25101640025028
active,242.0,S04,1240.0,1240.0,1.0,1.5426171222251015,1.2049832353599077,69.24810412314667
active,242.0,S05,1240.0,1240.0,1.0,1.5364414563095978,1.1957683917565862,69.31431256573053
active,242.0,S06,1240.0,1240.0,1.0,1.5367403646175999,1.1961418169163842,69.31155804576167
active,242.0,S07,1240.0,1240.0,1.0,1.5370280584429385,1.1965039927875212,69.3088868494336
active,242.0,S08,1240.0,1240.0,1.0,1.537304737480922,1.1968549376507194,69.30629861920585
active,242.0,S09,1240.0,1240.0,1.0,1.5375706038709631,1.197194671321829,69.30379298575978
active,242.0,C10,1740.0,1740.0,1.0,1.8884421818815604,1.8155485236755524,58.80684650827907
active,242.0,C11,1740.0,1740.0,1.0,1.8885471104475808,1.8156787079231729,58.80645298154777
active,242.0,C12,1740.0,1740.0,1.0,1.888632420608053,1.8157809533407938,58.80614701756647
active,242.0,C13,1740.0,1740.0,1.0,1.8887005020425893,1.8158586830998746,58.805917698403775
active,242.0,C14,1740.0,1740.0,1.0,1.8887536388922257,1.815915743332744,58.80575335887201
active,242.0,C15,1740.0,1740.0,1.0,1.8887942080438418,1.815955229569487,58.80564335310894
active,242.0,C16,1740.0,1740.0,1.0,1.8888247441457966,1.8159805765844352,58.80557678688041
active,242.0,C17,1740.0,1740.0,1.0,1.8888481447231116,1.815995259481868,58.8055428890257
active,242.0,C18,1740.0,1740.0,1.0,1.888867052258014,1.8160032040766443,58.805530526088575
active,244.0,C01,1740.0,1740.0,1.0,1.8813365489356653,1.824663497029924,53.014418781373976
active,244.0,C02,1740.0,1740.0,1.0,1.874752389854943,1.8120361460444199,58.846893130947805
active,244.0,C03,1740.0,1740.0,1.0,1.8751690994038468,1.8125368213188153,58.845073638104694
active,244.0,C04,1740.0,1740.0,1.0,1.8755466765644768,1.8129856600249774,58.84345027800591
active,244.0,C05,1740.0,1740.0,1.0,1.8758869333176043,1.813385166161462,58.8420118033717
active,244.0,C06,1740.0,1740.0,1.0,1.8761917296979078,1.8137379256111783,58.84074702914241
active,244.0,C07,1740.0,1740.0,1.0,1.876462969944273,1.81404659921836,58.83964482174618
active,244.0,C08,1740.0,1740.0,1.0,1.8767025988736732,1.8143139162449797,58.83869408803669
active,244.0,C09,1740.0,1740.0,1.0,1.876912598517857,1.8145426682754666,58.837883763891114
active,244.0,S01,1240.0,1240.0,1.0,1.5416175453633583,1.2166851609261768,69.26470224306345
active,244.0,S02,1240.0,1240.0,1.0,1.4815836041348889,1.1277651424656796,65.52729080039919
active,244.0,S03,1240.0,1240.0,1.0,1.5422936260777313,1.2175186491162042,69.25856497804804
active,244.0,S04,1240.0,1240.0,1.0,1.5426171222251015,1.2179229102958886,69.25561641255625
active,244.0,S05,1240.0,1240.0,1.0,1.5364414563095978,1.2086123870885748,69.32269658132492
active,244.0,S06,1240.0,1240.0,1.0,1.5367403646175999,1.2089909434609014,69.31990762165307
active,244.0,S07,1240.0,1240.0,1.0,1.5370280584429385,1.2093580877845198,69.31720305796455
active,244.0,S08,1240.0,1240.0,1.0,1.537304737480922,1.209713838460311,69.31458253159303
active,244.0,S09,1240.0,1240.0,1.0,1.5375706038709631,1.2100582154369677,69.31204567208944
active,244.0,C10,1740.0,1740.0,1.0,1.8784146608533887,1.8162714806669187,58.83194454963531
active,244.0,C11,1740.0,1740.0,1.0,1.8785115552779925,1.81638929299624,58.831544881784765
active,244.0,C12,1740.0,1740.0,1.0,1.8785905413690314,1.816481944363578,58.831234054612004
active,244.0,C13,1740.0,1740.0,1.0,1.8786537992444616,1.8165525167432892,58.83100099575642
active,244.0,C14,1740.0,1740.0,1.0,1.8787033796413823,1.8166044551111,58.83083385759147
active,244.0,C15,1740.0,1740.0,1.0,1.8787414689604787,1.8166405567872932,58.83072186625447
active,244.0,C16,1740.0,1740.0,1.0,1.8787703910245221,1.8166639220123033,58.83065397410032
active,244.0,C17,1740.0,1740.0,1.0,1.8787928284285265,1.8166776978740102,58.83061924757123
active,244.0,C18,1740.0,1740.0,1.0,1.8788111839712123,1.8166854147512101,58.8306063578607
active,246.0,C01,1740.0,1740.0,1.0,1.870821998191228,1.8206687664882635,53.11540106457925
active,246.0,C02,1740.0,1740.0,1.0,1.864994160068834,1.8094108659881862,58.87163880715454
active,246.0,C03,1740.0,1740.0,1.0,1.8653800370141005,1.809862000631162,58.869797742753484
active,246.0,C04,1740.0,1740.0,1.0,1.8657299568965307,1.8102665094510215,58.86815495909821
active,246.0,C05,1740.0,1740.0,1.0,1.8660455778614902,1.8106266420332557,58.86669912454734
active,246.0,C06,1740.0,1740.0,1.0,1.8663286013504063,1.8109447216544035,58.8654189622362
active,246.0,C07,1740.0,1740.0,1.0,1.8665807686487994,1.8112231390576905,58.864303240032065
active,246.0,C08,1740.0,1740.0,1.0,1.8668038576349557,1.811464346568696,58.86334076013174
active,246.0,C09,1740.0,1740.0,1.0,1.8669996797646111,1.8116708526130285,58.862520348285535
active,246.0,S01,1240.0,1240.0,1.0,1.5416175453633583,1.2272696113456494,69.27061815692088
active,246.0,S02,1240.0,1240.0,1.0,1.4815836041348889,1.1375911611960319,65.64071488645335
active,246.0,S03,1240.0,1240.0,1.0,1.5422936260777313,1.228112748720247,69.26440809906539
active,246.0,S04,1240.0,1240.0,1.0,1.5426171222251015,1.2285216639532872,69.26142377416706
active,246.0,S05,1240.0,1240.0,1.0,1.5364414563095978,1.2191329496680234,69.32935964894573
active,246.0,S06,1240.0,1240.0,1.0,1.5367403646175999,1.2195158469095493,69.32653674656737
active,246.0,S07,1240.0,1240.0,1.0,1.5370280584429385,1.219887191252069,69.32379929793622
active,246.0,S08,1240.0,1240.0,1.0,1.537304737480922,1.2202470011472388,69.32114694325547
active,246.0,S09,1240.0,1240.0,1.0,1.5375706038709631,1.2205952966030622,69.31857931094247
active,246.0,C10,1740.0,1740.0,1.0,1.868395027943484,1.8132312881712853,58.85650259831661
active,246.0,C11,1740.0,1740.0,1.0,1.8684846783717886,1.8133376694308865,58.85609752394269
active,246.0,C12,1740.0,1740.0,1.0,1.8685579538699768,1.8134214273604434,58.85578240332375
active,246.0,C13,1740.0,1740.0,1.0,1.8686168467145847,1.8134853323923967,58.855546029914
active,246.0,C14,1740.0,1740.0,1.0,1.8686631996478744,1.813532472848926,58.85537639785305
active,246.0,C15,1740.0,1740.0,1.0,1.8686990276126638,1.8135653659528235,58.85526262252979
active,246.0,C16,1740.0,1740.0,1.0,1.8687264649216893,1.813586795472969,58.85519352224328
active,246.0,C17,1740.0,1740.0,1.0,1.8687480002016597,1.813599614520929,58.855158020940465
active,246.0,C18,1740.0,1740.0,1.0,1.868765821674769,1.8136069955407217,58.85514461823068
active,248.0,C01,1740.0,1740.0,1.0,1.8605890312378885,1.8141271868056332,53.21516848003972
active,248.0,C02,1740.0,1740.0,1.0,1.8554337064766353,1.8041089268481127,58.89610942668276
active,248.0,C03,1740.0,1740.0,1.0,1.8557918338644777,1.8045148670159283,58.89425039817083
active,248.0,C04,1740.0,1740.0,1.0,1.8561168552461256,1.8048789205352176,58.89259141871686
active,248.0,C05,1740.0,1740.0,1.0,1.8564102909645712,1.8052031060941396,58.89112109093488
active,248.0,C06,1740.0,1740.0,1.0,1.8566737003607627,1.8054895085548202,58.889828065348226
active,248.0,C07,1740.0,1740.0,1.0,1.856908678680915,1.8057402733697827,58.888701030983796
active,248.0,C08,1740.0,1740.0,1.0,1.8571168541639314,1.8059576013025669,58.887728705583555
active,248.0,C09,1740.0,1740.0,1.0,1.8572998853408125,1.8061437435082397,58.88689982541208
active,248.0,S01,1240.0,1240.0,1.0,1.5416175453633583,1.2359306894911304,69.27476503588314
active,248.0,S02,1240.0,1240.0,1.0,1.4815836041348889,1.1456319476427645,65.7464639262726
active,248.0,S03,1240.0,1240.0,1.0,1.5422936260777313,1.2367820122745763,69.2684832598931
active,248.0,S04,1240.0,1240.0,1.0,1.5426171222251015,1.2371948709860776,69.26546370503956
active,248.0,S05,1240.0,1240.0,1.0,1.5364414563095978,1.2277423209397187,69.33423867424601
active,248.0,S06,1240.0,1240.0,1.0,1.5367403646175999,1.2281288911587638,69.33138232730474
active,248.0,S07,1240.0,1240.0,1.0,1.5370280584429385,1.2285037865848536,69.32861247771362
active,248.0,S08,1240.0,1240.0,1.0,1.537304737480922,1.2288670256686625,69.32592876454711
active,248.0,S09,1240.0,1240.0,1.0,1.5375706038709631,1.2292186284224935,69.32333081509286
active,248.0,C10,1740.0,1740.0,1.0,1.8585989988550133,1.8075498806246084,58.880815809495516
active,248.0,C11,1740.0,1740.0,1.0,1.8586821160209301,1.8076457601386462,58.880406160768935
active,248.0,C12,1740.0,1740.0,1.0,1.8587502346098987,1.8077213253437403,58.8800873942293
active,248.0,C13,1740.0,1740.0,1.0,1.858805178353413,1.8077790633188937,58.87984819181443
active,248.0,C14,1740.0,1740.0,1.0,1.8588486039960603,1.8078217445531122,58.87967641578726
active,248.0,C15,1740.0,1740.0,1.0,1.8588823723904657,1.8078516263392426,58.8795610907174
active,248.0,C16,1740.0,1740.0,1.0,1.8589084479176434,1.8078711975424022,58.87949092338761
active,248.0,C17,1740.0,1740.0,1.0,1.8589291435783184,1.8078830466938933,58.87945471705236
active,248.0,C18,1740.0,1740.0,1.0,1.8589464551415682,1.807890022761796,58.87944082609173
active,250.0,C01,1740.0,1740.0,1.0,1.8507799258171151,1.8054626234821587,53.31390693855854
active,250.0,C02,1740.0,1740.0,1.0,1.8554337064766353,1.8139830358253795,58.9199293750751
active,250.0,C03,1740.0,1740.0,1.0,1.8557918338644777,1.8143915510566095,58.91805458789343
active,250.0,C04,1740.0,1740.0,1.0,1.8561168552461256,1.8147579458569656,58.916381385140696
active,250.0,C05,1740.0,1740.0,1.0,1.8564102909645712,1.8150842499890827,58.914898315056966
active,250.0,C06,1740.0,1740.0,1.0,1.8566737003607627,1.8153725597526453,58.91359396728901
active,250.0,C07,1740.0,1740.0,1.0,1.856908678680915,1.8156250323710625,58.91245696409277
active,250.0,C08,1740.0,1740.0,1.0,1.8571168541639314,1.8158438806840063,58.91147595112951
active,250.0,C09,1740.0,1740.0,1.0,1.8572998853408125,1.8160313682018128,58.91063958782987
active,250.0,S01,1240.0,1240.0,1.0,1.5416175453633583,1.2426937662922832,69.27720661372864
active,250.0,S02,1240.0,1240.0,1.0,1.4815836041348889,1.1519101252301813,65.84564269952376
active,250.0,S03,1240.0,1240.0,1.0,1.5422936260777313,1.243550099921367,69.2708543052343
active,250.0,S04,1240.0,1240.0,1.0,1.5426171222251015,1.2439653911412194,69.26780010332867
active,250.0,S05,1240.0,1240.0,1.0,1.5364414563095978,1.2344624123397012,69.33739704357075
active,250.0,S06,1240.0,1240.0,1.0,1.5367403646175999,1.2348512685085944,69.33450779972489
active,250.0,S07,1240.0,1240.0,1.0,1.5370280584429385,1.2352283846644017,69.33170608068858
active,250.0,S08,1240.0,1240.0,1.0,1.537304737480922,1.23559377945132,69.32899152440548
active,250.0,S09,1240.0,1240.0,1.0,1.5375706038709631,1.235947473086178,69.32636375703325
active,250.0,C10,1740.0,1740.0,1.0,1.8585989988550133,1.8174482479319478,58.904496757430316
active,250.0,C11,1740.0,1740.0,1.0,1.8586821160209301,1.8175449385174869,58.904083037101486
active,250.0,C12,1740.0,1740.0,1.0,1.8587502346098987,1.8176212009195643,58.90376101393482
active,250.0,C13,1740.0,1740.0,1.0,1.858805178353413,1.8176795359610436,58.90351927228042
active,250.0,C14,1740.0,1740.0,1.0,1.8588486039960603,1.8177227064044956,58.90334555956469
active,250.0,C15,1740.0,1740.0,1.0,1.8588823723904657,1.817753000983723,58.9032288210657
active,250.0,C16,1740.0,1740.0,1.0,1.8589084479176434,1.8177729497487305,58.90315766490536
active,250.0,C17,1740.0,1740.0,1.0,1.8589291435783184,1.8177851393096986,58.9031207876737
active,250.0,C18,1740.0,1740.0,1.0,1.8589464551415682,1.8177924265885552,58.90310641505474
active,252.0,C01,1740.0,1740.0,1.0,1.8507799258171151,1.8139546795891097,53.41129902064396
active,252.0,C02,1740.0,1740.0,1.0,1.845658079836679,1.8039440587483497,58.943601636588326
active,252.0,C03,1740.0,1740.0,1.0,1.8459912113034938,1.8043110120855235,58.94171391040184
active,252.0,C04,1740.0,1740.0,1.0,1.8462937964809452,1.8046401822063964,58.940029008182655
active,252.0,C05,1740.0,1740.0,1.0,1.8465672322861697,1.8049333880231226,58.93853543821831
active,252.0,C06,1740.0,1740.0,1.0,1.8468129507616184,1.8051925080409055,58.937221744165576
active,252.0,C07,1740.0,1740.0,1.0,1.8470324163058978,1.8054194753363937,58.9360764968217
active,252.0,C08,1740.0,1740.0,1.0,1.8472271230663808,1.8056162728091316,58.935088285467906
active,252.0,C09,1740.0,1740.0,1.0,1.8473985925223047,1.8057849287562107,58.93424570875541
active,252.0,S01,1240.0,1240.0,1.0,1.5416175453633583,1.2485531166078518,69.27804796203306
active,252.0,S02,1240.0,1240.0,1.0,1.4815836041348889,1.1573503071084275,65.93915903139859
active,252.0,S03,1240.0,1240.0,1.0,1.5422936260777313,1.2494155968976959,69.271626298671
active,252.0,S04,1240.0,1240.0,1.0,1.5426171222251015,1.2498338406325324,69.2685380301547
active,252.0,S05,1240.0,1240.0,1.0,1.5364414563095978,1.2402879600317436,69.33893940614678
active,252.0,S06,1240.0,1240.0,1.0,1.5367403646175999,1.2406795564063615,69.33601781195341
active,252.0,S07,1240.0,1240.0,1.0,1.5370280584429385,1.241059316669823,69.33318475447271
active,252.0,S08,1240.0,1240.0,1.0,1.537304737480922,1.2414272593777504,69.33043987052454
active,252.0,S09,1240.0,1240.0,1.0,1.5375706038709631,1.2417834046586167,69.32778278514581
active,252.0,C10,1740.0,1740.0,1.0,1.8486107560498495,1.8070587754285043,58.92805370036094
active,252.0,C11,1740.0,1740.0,1.0,1.8486879677658077,1.8071456831071764,58.9276365635655
active,252.0,C12,1740.0,1740.0,1.0,1.848751415820009,1.8072142773339457,58.92731179475102
active,252.0,C13,1740.0,1740.0,1.0,1.8488027727813248,1.8072667995762757,58.927067898365635
active,252.0,C14,1740.0,1740.0,1.0,1.8488435302217272,1.8073057348524812,58.926892527237584
active,252.0,C15,1740.0,1740.0,1.0,1.848875409728798,1.8073331232052658,58.926774563150694
active,252.0,C16,1740.0,1740.0,1.0,1.8489002222107798,1.8073512093331352,58.92670253354571
active,252.0,C17,1740.0,1740.0,1.0,1.8489201222451492,1.8073623462156732,58.92666504518126
active,252.0,C18,1740.0,1740.0,1.0,1.8489369334231576,1.807369099068154,58.92665021554839
active,254.0,C01,1740.0,1740.0,1.0,1.8410287228615532,1.801903916565287,53.50768671000514
active,254.0,C02,1740.0,1740.0,1.0,1.845658079836679,1.810421267070978,58.9668261271381
active,254.0,C03,1740.0,1740.0,1.0,1.8459912113034938,1.8107897680988654,58.964927181344876
active,254.0,C04,1740.0,1740.0,1.0,1.8462937964809452,1.8111203470593777,58.96323211832493
active,254.0,C05,1740.0,1740.0,1.0,1.8465672322861697,1.811414829425301,58.96172941515624
active,254.0,C06,1740.0,1740.0,1.0,1.8468129507616184,1.8116751004774414,58.96040757854718
active,254.0,C07,1740.0,1740.0,1.0,1.8470324163058978,1.8119031002654606,58.95925513715085
active,254.0,C08,1740.0,1740.0,1.0,1.8472271230663808,1.8121008188427448,58.9582606334319
active,254.0,C09,1740.0,1740.0,1.0,1.8473985925223047,1.8122702918256481,58.95741261505207
active,254.0,S01,1240.0,1240.0,1.0,1.5416175453633583,1.2530343394130354,69.27744915028246
active,254.0,S02,1240.0,1240.0,1.0,1.4815836041348889,1.161510348695323,66.02778810283866
active,254.0,S03,1240.0,1240.0,1.0,1.5422936260777313,1.253900142291889,69.27095940139415
active,254.0,S04,1240.0,1240.0,1.0,1.5426171222251015,1.2543199988207057,69.2678376906482
active,254.0,S05,1240.0,1240.0,1.0,1.5364414563095978,1.2447407187456865,69.3390257466833
active,254.0,S06,1240.0,1240.0,1.0,1.5367403646175999,1.2451338305699458,69.33607238954424
active,254.0,S07,1240.0,1240.0,1.0,1.5370280584429385,1.245515062945318,69.33320856377506
active,254.0,S08,1240.0,1240.0,1.0,1.537304737480922,1.2458844345554914,69.33043390507599
active,254.0,S09,1240.0,1240.0,1.0,1.5375706038709631,1.2462419656642814,69.32774803736939
active,254.0,C10,1740.0,1740.0,1.0,1.8486107560498495,1.8135506816647522,58.95117728105625
active,254.0,C11,1740.0,1740.0,1.0,1.8486879677658077,1.8136380860984647,58.9507571240994
active,254.0,C12,1740.0,1740.0,1.0,1.848751415820009,1.8137071094719521,58.95042991764334
active,254.0,C13,1740.0,1740.0,1.0,1.8488027727813248,1.8137600014009783,58.95018409706288
active,254.0,C14,1740.0,1740.0,1.0,1.8488435302217272,1.8137992411836545,58.95000723353163
active,254.0,C15,1740.0,1740.0,1.0,1.848875409728798,1.8138268884299393,58.949888154533966
active,254.0,C16,1740.0,1740.0,1.0,1.8489002222107798,1.8138452135693055,58.94981531719713
active,254.0,C17,1740.0,1740.0,1.0,1.8489201222451492,1.8138565677339433,58.94977724918192
active,254.0,C18,1740.0,1740.0,1.0,1.8489369334231576,1.8138635204733047,58.94976197258742
active,256.0,C01,1740.0,1740.0,1.0,1.8410287228615532,1.807424697457015,53.602829137851536
active,256.0,C02,1740.0,1740.0,1.0,1.845658079836679,1.8159701184608523,58.9894598421408
active,256.0,C03,1740.0,1740.0,1.0,1.8459912113034938,1.8163420597296658,58.987550660271054
active,256.0,C04,1740.0,1740.0,1.0,1.8462937964809452,1.8166758736372772,58.98584631151129
active,256.0,C05,1740.0,1740.0,1.0,1.8465672322861697,1.8169733906821282,58.984335247069154
active,256.0,C06,1740.0,1740.0,1.0,1.8468129507616184,1.8172365013741014,58.98300594224437
active,256.0,C07,1740.0,1740.0,1.0,1.8470324163058978,1.8174671511772684,58.981846889268986
active,256.0,C08,1740.0,1740.0,1.0,1.8472271230663808,1.8176673357270885,58.98084658968111
active,256.0,C09,1740.0,1740.0,1.0,1.8377594983707732,1.7994753857370316,58.98066255243043
active,256.0,S01,1240.0,1240.0,1.0,1.5416175453633583,1.2568831309348123,69.27557107807743
active,256.0,S02,1240.0,1240.0,1.0,1.4815836041348889,1.1650841506987848,66.11216657222373
active,256.0,S03,1240.0,1240.0,1.0,1.5422936260777313,1.2577535380870488,69.26901448397244
active,256.0,S04,1240.0,1240.0,1.0,1.5426171222251015,1.2581755988629502,69.26585994250206
active,256.0,S05,1240.0,1240.0,1.0,1.5364414563095978,1.2485683914595083,69.33781682862828
active,256.0,S06,1240.0,1240.0,1.0,1.5367403646175999,1.2489635407087032,69.33483228518493
active,256.0,S07,1240.0,1240.0,1.0,1.5370280584429385,1.2493467346592948,69.33193825139996
active,256.0,S08,1240.0,1240.0,1.0,1.537304737480922,1.249717991853838,69.32913436186723
active,256.0,S09,1240.0,1240.0,1.0,1.5375706038709631,1.2500773324119077,69.32642023941006
active,256.0,C10,1740.0,1740.0,1.0,1.8388931007186127,1.800624386231034,58.97439203444251
active,256.0,C11,1740.0,1740.0,1.0,1.8389649769287706,1.8007027769437824,58.97396941305341
active,256.0,C12,1740.0,1740.0,1.0,1.83902419945921,1.8007647114033203,58.97364020417318
active,256.0,C13,1740.0,1740.0,1.0,1.8390723050550324,1.8008122032798104,58.97339278887383
active,256.0,C14,1740.0,1740.0,1.0,1.8391106373435,1.8008474861428418,58.97321467306187
active,256.0,C15,1740.0,1740.0,1.0,1.8391407926565149,1.800872387886264,58.97309464351965
active,256.0,C16,1740.0,1740.0,1.0,1.8391644442599004,1.8008889119017508,58.97302110268213
active,256.0,C17,1740.0,1740.0,1.0,1.8391836028317186,1.8008991997091908,58.97298251289106
active,256.0,C18,1740.0,1740.0,1.0,1.8391999373003418,1.800905557699998,58.97296681785084
active,258.0,C01,1740.0,1740.0,1.0,1.8410287228615532,1.8118684123767161,53.69661532512289
active,258.0,C02,1740.0,1740.0,1.0,1.8358180152286436,1.801643106068659,59.012145429901494
active,258.0,C03,1740.0,1740.0,1.0,1.8361284805375666,1.8019744207470936,59.010228020061895
active,258.0,C04,1740.0,1740.0,1.0,1.8364107059801689,1.8022716743129719,59.00851618715252
active,258.0,C05,1740.0,1740.0,1.0,1.8366659777655066,1.8025365054354157,59.006998366356804
active,258.0,C06,1740.0,1740.0,1.0,1.8368956137401933,1.8027706063771889,59.00566301175892
active,258.0,C07,1740.0,1740.0,1.0,1.8371009609105082,1.8029757184856976,59.00449858968009
active,258.0,C08,1740.0,1740.0,1.0,1.8372833931098973,1.803153627928911,59.00349357153112
active,258.0,C09,1740.0,1740.0,1.0,1.8377594983707732,1.8039069165298443,59.003678780428274
active,258.0,S01,1240.0,1240.0,1.0,1.5416175453633583,1.2599758565166808,69.27258065052965
active,258.0,S02,1240.0,1240.0,1.0,1.4815836041348889,1.1679552649369476,66.19282875198769
active,258.0,S03,1240.0,1240.0,1.0,1.5422936260777313,1.2608485590482086,69.26595851485426
active,258.0,S04,1240.0,1240.0,1.0,1.5426171222251015,1.2612717339159136,69.26277178417955
active,258.0,S05,1240.0,1240.0,1.0,1.5364414563095978,1.2516414830253992,69.335479741869
active,258.0,S06,1240.0,1240.0,1.0,1.5367403646175999,1.2520376790188665,69.33246461656023
active,258.0,S07,1240.0,1240.0,1.0,1.5370280584429385,1.2524218897209585,69.32954096153252
active,258.0,S08,1240.0,1240.0,1.0,1.537304737480922,1.2527941337623998,69.32670841028337
active,258.0,S09,1240.0,1240.0,1.0,1.5375706038709631,1.2531544313559477,69.32396658454911
active,258.0,C10,1740.0,1740.0,1.0,1.8388931007186127,1.8050600799119199,58.99737799653891
active,258.0,C11,1740.0,1740.0,1.0,1.8389649769287706,1.8051387885488739,58.996953245449305
active,258.0,C12,1740.0,1740.0,1.0,1.83902419945921,1.8052009990966487,58.996622295649495
active,258.0,C13,1740.0,1740.0,1.0,1.8390723050550324,1.8052487302600113,58.99637348287747
active,258.0,C14,1740.0,1740.0,1.0,1.8391106373435,1.8052842113828795,58.996194258103365
active,258.0,C15,1740.0,1740.0,1.0,1.8391407926565149,1.8053092830166524,58.9960733753272
active,258.0,C16,1740.0,1740.0,1.0,1.8391644442599004,1.8053259652495104,58.995999191343245
active,258.0,C17,1740.0,1740.0,1.0,1.8391836028317186,1.805336398023872,58.99596011184569
active,258.0,C18,1740.0,1740.0,1.0,1.8391999373003418,1.805342890175619,58.99594401265797
active,260.0,C01,1740.0,1740.0,1.0,1.8410287228615532,1.815318725446311,53.78901077081008
active,260.0,C02,1740.0,1740.0,1.0,1.8358180152286436,1.8050744098927032,59.03461792624995
active,260.0,C03,1740.0,1740.0,1.0,1.8361284805375666,1.805406476690606,59.03269350519204
active,260.0,C04,1740.0,1740.0,1.0,1.8364107059801689,1.8057044157198314,59.03097527980895
active,260.0,C05,1740.0,1740.0,1.0,1.8366659777655066,1.8059698687919314,59.029451675142774
active,260.0,C06,1740.0,1740.0,1.0,1.8368956137401933,1.8062045314148754,59.02811113017185
active,260.0,C07,1740.0,1740.0,1.0,1.8371009609105082,1.8064101482756874,59.026942091623525
active,260.0,C08,1740.0,1740.0,1.0,1.8372833931098973,1.8065885089684626,59.02593300728668
active,260.0,C09,1740.0,1740.0,1.0,1.8377594983707732,1.8073433239835839,59.026309708051706
active,260.0,S01,1240.0,1240.0,1.0,1.5416175453633583,1.262374074499183,69.2686449547567
active,260.0,S02,1240.0,1240.0,1.0,1.4815836041348889,1.1701816511260579,66.2702261096089
active,260.0,S03,1240.0,1240.0,1.0,1.5422936260777313,1.2632485565453675,69.26195862015054
active,260.0,S04,1240.0,1240.0,1.0,1.5426171222251015,1.2636725951173948,69.25874036017115
active,260.0,S05,1240.0,1240.0,1.0,1.5364414563095978,1.2540244769872204,69.33218183606088
active,260.0,S06,1240.0,1240.0,1.0,1.5367403646175999,1.2544214844663504,69.32913675042137
active,260.0,S07,1240.0,1240.0,1.0,1.5370280584429385,1.2548064833972732,69.32618407717095
active,260.0,S08,1240.0,1240.0,1.0,1.537304737480922,1.2551794924791453,69.32332344871897
active,260.0,S09,1240.0,1240.0,1.0,1.5375706038709631,1.255540531997044,69.32055448572467
active,260.0,C10,1740.0,1740.0,1.0,1.8388931007186127,1.8084997134538192,59.01998165482407
active,260.0,C11,1740.0,1740.0,1.0,1.8389649769287706,1.8085786684174157,59.019554977333684
active,260.0,C12,1740.0,1740.0,1.0,1.83902419945921,1.808641092850662,59.01922244504155
active,260.0,C13,1740.0,1740.0,1.0,1.8390723050550324,1.8086890093622927,59.01897235383975
active,260.0,C14,1740.0,1740.0,1.0,1.8391106373435,1.8087246439782045,59.01879210637853
active,260.0,C15,1740.0,1740.0,1.0,1.8391407926565149,1.8087498470956946,59.01867042845515
active,260.0,C16,1740.0,1740.0,1.0,1.8391644442599004,1.8087666517974974,59.01859563642977
active,260.0,C17,1740.0,1740.0,1.0,1.8391836028317186,1.8087771967792239,59.01855608490426
active,260.0,C18,1740.0,1740.0,1.0,1.8391999373003418,1.8087837927594905,59.01853958841994
active,262.0,C01,1740.0,1740.0,1.0,1.831248372039582,1.7994604756152657,53.8805108606343
active,262.0,C02,1740.0,1740.0,1.0,1.8358180152286436,1.8079123454264914,59.05674193683491
active,262.0,C03,1740.0,1740.0,1.0,1.8361284805375666,1.808245034154558,59.05481124754326
active,262.0,C04,1740.0,1740.0,1.0,1.8364107059801689,1.8085435399847807,59.053087296446975
active,262.0,C05,1740.0,1740.0,1.0,1.8366659777655066,1.8088095073276818,59.05155850194623
active,262.0,C06,1740.0,1740.0,1.0,1.8368956137401933,1.8090446343752,59.050213291569015
active,262.0,C07,1740.0,1740.0,1.0,1.8371009609105082,1.8092506685764058,59.04904009624643
active,262.0,C08,1740.0,1740.0,1.0,1.8372833931098973,1.8094294023589894,59.048027344072395
active,262.0,C09,1740.0,1740.0,1.0,1.8377594983707732,1.8101854796476102,59.048488510858384
active,262.0,S01,1240.0,1240.0,1.0,1.5416175453633583,1.264357559783345,69.2639156075995
active,262.0,S02,1240.0,1240.0,1.0,1.4815836041348889,1.1720230294494518,66.34473270388226
active,262.0,S03,1240.0,1240.0,1.0,1.5422936260777313,1.265233513336353,69.2571664350759
active,262.0,S04,1240.0,1240.0,1.0,1.5426171222251015,1.2656582661142644,69.25391731418613
active,262.0,S05,1240.0,1240.0,1.0,1.5364414563095978,1.2559953716239634,69.32807505730985
active,262.0,S06,1240.0,1240.0,1.0,1.5367403646175999,1.2563930501241134,69.3250006408165
active,262.0,S07,1240.0,1240.0,1.0,1.5370280584429385,1.2567787008415858,69.32201955982259
active,262.0,S08,1240.0,1240.0,1.0,1.537304737480922,1.2571523425321776,69.31913144565657
active,262.0,S09,1240.0,1240.0,1.0,1.5375706038709631,1.257513995540819,69.31633591790938
active,262.0,C10,1740.0,1740.0,1.0,1.8388931007186127,1.811344536010695,59.04213503865946
active,262.0,C11,1740.0,1740.0,1.0,1.8389649769287706,1.8114236945688988,59.04170655985368
active,262.0,C12,1740.0,1740.0,1.0,1.83902419945921,1.8114862957657876,59.04137254229749
active,262.0,C13,1740.0,1740.0,1.0,1.8390723050550324,1.8115343654388933,59.04112124543554
active,262.0,C14,1740.0,1740.0,1.0,1.8391106373435,1.8115701268426754,59.04094002793501
active,262.0,C15,1740.0,1740.0,1.0,1.8391407926565149,1.8115954385379176,59.04081759000595
active,262.0,C16,1740.0,1740.0,1.0,1.8391644442599004,1.8116123443859966,59.04074221053192
active,262.0,C17,1740.0,1740.0,1.0,1.8391836028317186,1.8116229820357816,59.04070219667405
active,262.0,C18,1740.0,1740.0,1.0,1.8391999373003418,1.811629663754595,59.04068530592439
active,264.0,C01,1740.0,1740.0,1.0,1.831248372039582,1.801748374846092,53.970938669446696
active,264.0,C02,1740.0,1740.0,1.0,1.8358180152286436,1.8102109007712734,59.07845815622571
active,264.0,C03,1740.0,1740.0,1.0,1.8361284805375666,1.8105440931411367,59.07652165815491
active,264.0,C04,1740.0,1740.0,1.0,1.8364107059801689,1.8108430579620547,59.07479239389114
active,264.0,C05,1740.0,1740.0,1.0,1.8366659777655066,1.8111094417495266,59.07325877725798
active,264.0,C06,1740.0,1740.0,1.0,1.8368956137401933,1.811344944869307,59.07190922651259
active,264.0,C07,1740.0,1740.0,1.0,1.8371009609105082,1.811551317007521,59.07073215907334
active,264.0,C08,1740.0,1740.0,1.0,1.8372833931098973,1.8117303528868576,59.0697159857168
active,264.0,C09,1740.0,1740.0,1.0,1.8377594983707732,1.8124874524208918,59.070197340589075
active,264.0,S01,1240.0,1240.0,1.0,1.5416175453633583,1.265964053186353,69.25852980407274
active,264.0,S02,1240.0,1240.0,1.0,1.4815836041348889,1.1735144316903279,66.41666067147054
active,264.0,S03,1240.0,1240.0,1.0,1.5422936260777313,1.266841198385236,69.25171915752877
active,264.0,S04,1240.0,1240.0,1.0,1.5426171222251015,1.2672665295340229,69.24843984519107
active,264.0,S05,1240.0,1240.0,1.0,1.5364414563095978,1.2575916678426071,69.32329697605525
active,264.0,S06,1240.0,1240.0,1.0,1.5367403646175999,1.2579898897389903,69.32019385923674
active,264.0,S07,1240.0,1240.0,1.0,1.5370280584429385,1.2583760682743474,69.31718498182322
active,264.0,S08,1240.0,1240.0,1.0,1.537304737480922,1.2587502222503766,69.31426997406908
active,264.0,S09,1240.0,1240.0,1.0,1.5375706038709631,1.259112372060513,69.31144845450511
active,264.0,C10,1740.0,1740.0,1.0,1.8388931007186127,1.8136486679368022,59.06381961758114
active,264.0,C11,1740.0,1740.0,1.0,1.8389649769287706,1.8137279913049076,59.06338941615911
active,264.0,C12,1740.0,1740.0,1.0,1.83902419945921,1.813790735580392,59.0630539743989
active,264.0,C13,1740.0,1740.0,1.0,1.8390723050550324,1.81383892921588,59.06280151744078
active,264.0,C14,1740.0,1740.0,1.0,1.8391106373435,1.8138747932030967,59.06261936289
active,264.0,C15,1740.0,1740.0,1.0,1.8391407926565149,1.8139001927281633,59.06249618684275
active,264.0,C16,1740.0,1740.0,1.0,1.8391644442599004,1.8139171804031995,59.06242023236692
active,264.0,C17,1740.0,1740.0,1.0,1.8391836028317186,1.8139278930189688,59.0623797616596
active,264.0,C18,1740.0,1740.0,1.0,1.8391999373003418,1.8139346440915463,59.062362477959866
active,266.0,C01,1740.0,1740.0,1.0,1.831248372039582,1.8038319881876526,54.060198964091576
active,266.0,C02,1740.0,1740.0,1.0,1.8358180152286436,1.81230595030941,59.099740698606595
active,266.0,C03,1740.0,1740.0,1.0,1.8361284805375666,1.8126412659353384,59.097798620245264
active,266.0,C04,1740.0,1740.0,1.0,1.8364107059801689,1.8129422455330761,59.09606424450319
active,266.0,C05,1740.0,1740.0,1.0,1.8366659777655066,1.81321053708675,59.094525981842
active,266.0,C06,1740.0,1740.0,1.0,1.8368956137401933,1.8134478425070277,59.0931722425519
active,266.0,C07,1740.0,1740.0,1.0,1.8371009609105082,1.8136559130938035,59.091991431923795
active,266.0,C08,1740.0,1740.0,1.0,1.8372833931098973,1.8138365452449348,59.09097194487565
active,266.0,C09,1740.0,1740.0,1.0,1.8377594983707732,1.814595830835064,59.09143498806532
active,266.0,S01,1240.0,1240.0,1.0,1.5416175453633583,1.2674362581650307,69.25260057981379
active,266.0,S02,1240.0,1240.0,1.0,1.4815836041348889,1.1748819034129947,66.48626293873168
active,266.0,S03,1240.0,1240.0,1.0,1.5422936260777313,1.2683160423161692,69.24572973350563
active,266.0,S04,1240.0,1240.0,1.0,1.5426171222251015,1.2687426269625408,69.24242085685538
active,266.0,S05,1240.0,1240.0,1.0,1.5364414563095978,1.2590574649988633,69.31796088065391
active,266.0,S06,1240.0,1240.0,1.0,1.5367403646175999,1.259456834403108,69.31482965570031
active,266.0,S07,1240.0,1240.0,1.0,1.5370280584429385,1.2598441118318615,69.31179355666863
active,266.0,S08,1240.0,1240.0,1.0,1.537304737480922,1.2602193159048314,69.3088522127551
active,266.0,S09,1240.0,1240.0,1.0,1.5375706038709631,1.260582466827315,69.30600524144778
active,266.0,C10,1740.0,1740.0,1.0,1.8388931007186127,1.815768618949019,59.085033423079196
active,266.0,C11,1740.0,1740.0,1.0,1.8292845373571214,1.7973264077846958,59.0852802716154
active,266.0,C12,1740.0,1740.0,1.0,1.829339928554913,1.7973825476000387,59.084943669347496
active,266.0,C13,1740.0,1740.0,1.0,1.8293850784900132,1.7974256774614328,59.08469025421313
active,266.0,C14,1740.0,1740.0,1.0,1.8294211988476177,1.7974578044242004,59.084507311745824
active,266.0,C15,1740.0,1740.0,1.0,1.829449772865531,1.797480574294562,59.08438350227444
active,266.0,C16,1740.0,1740.0,1.0,1.8294723497666698,1.7974957847911337,59.08430704282261
active,266.0,C17,1740.0,1740.0,1.0,1.8294908097825258,1.7975053873895142,59.08426615835849
active,266.0,C18,1740.0,1740.0,1.0,1.8295066831010116,1.797511459016353,59.08424850767143
active,268.0,C01,1740.0,1740.0,1.0,1.831248372039582,1.8053801126408537,54.14825479857956
active,268.0,C02,1740.0,1740.0,1.0,1.8358180152286436,1.8138617218734872,59.12059607382164
active,268.0,C03,1740.0,1740.0,1.0,1.8361284805375666,1.8141977983280784,59.11864855174412
active,268.0,C04,1740.0,1740.0,1.0,1.8364107059801689,1.8144994913843062,59.11690918448878
active,268.0,C05,1740.0,1740.0,1.0,1.8366659777655066,1.814768450337258,59.11536637984743
active,268.0,C06,1740.0,1740.0,1.0,1.8368956137401933,1.8150063784585533,59.114008540910355
active,268.0,C07,1740.0,1740.0,1.0,1.8371009609105082,1.8152150284546555,59.11282406167577
active,268.0,C08,1740.0,1740.0,1.0,1.8372833931098973,1.8153961981713496,59.11180132209914
active,268.0,C09,1740.0,1740.0,1.0,1.8280360469913688,1.7975345113797068,59.112906490656215
active,268.0,S01,1240.0,1240.0,1.0,1.5416175453633583,1.268525502500838,69.24623516499913
active,268.0,S02,1240.0,1240.0,1.0,1.4815836041348889,1.1758932124567103,66.55375791087842
active,268.0,S03,1240.0,1240.0,1.0,1.5422936260777313,1.269406290684012,69.2393053869246
active,268.0,S04,1240.0,1240.0,1.0,1.5426171222251015,1.2698333591505195,69.23596756965806
active,268.0,S05,1240.0,1240.0,1.0,1.5364414563095978,1.260140168298043,69.31217443813229
active,268.0,S06,1240.0,1240.0,1.0,1.5367403646175999,1.2605399884016601,69.30901569393036
active,268.0,S07,1240.0,1240.0,1.0,1.5370280584429385,1.2609277015963873,69.30595294469173
active,268.0,S08,1240.0,1240.0,1.0,1.537304737480922,1.2613033265045281,69.30298581856896
active,268.0,S09,1240.0,1240.0,1.0,1.5375706038709631,1.2616668833346412,69.30011393202341
active,268.0,C10,1740.0,1740.0,1.0,1.8290979782558012,1.7985746905958497,59.1064858842081
active,268.0,C11,1740.0,1740.0,1.0,1.8292845373571214,1.798874178161749,59.107124157153315
active,268.0,C12,1740.0,1740.0,1.0,1.829339928554913,1.7989304088125515,59.10678655259284
active,268.0,C13,1740.0,1740.0,1.0,1.8293850784900132,1.798973617866995,59.10653230041985
active,268.0,C14,1740.0,1740.0,1.0,1.8294211988476177,1.7990058108030156,59.10634865962231
active,268.0,C15,1740.0,1740.0,1.0,1.829449772865531,1.799028637622649,59.106224279620626
active,268.0,C16,1740.0,1740.0,1.0,1.8294723497666698,1.799043901597461,59.10614735710024
active,268.0,C17,1740.0,1740.0,1.0,1.8294908097825258,1.7990535535521743,59.10610608457029
active,268.0,C18,1740.0,1740.0,1.0,1.8295066831010116,1.7990596711035263,59.106088082357836
active,270.0,C01,1740.0,1740.0,1.0,1.831248372039582,1.806755166529341,54.23509462824066
active,270.0,C02,1740.0,1740.0,1.0,1.8358180152286436,1.8152445047461312,59.141036659529576
active,270.0,C03,1740.0,1740.0,1.0,1.8361284805375666,1.8155821572962099,59.13908374397671
active,270.0,C04,1740.0,1740.0,1.0,1.8266993292724463,1.7972730776933978,59.13802330393182
active,270.0,C05,1740.0,1740.0,1.0,1.8269381967298046,1.7975122121317364,59.13647703616404
active,270.0,C06,1740.0,1740.0,1.0,1.827153302408692,1.797723659872135,59.13511605406092
active,270.0,C07,1740.0,1740.0,1.0,1.8273458878222855,1.7979089879399934,59.13392874707419
active,270.0,C08,1740.0,1740.0,1.0,1.8275172186793103,1.7980698036045866,59.132903487151744
active,270.0,C09,1740.0,1740.0,1.0,1.8280360469913688,1.7989106180918994,59.134354854490674
active,270.0,S01,1240.0,1240.0,1.0,1.5416175453633583,1.269495739420814,69.2395221935614
active,270.0,S02,1240.0,1240.0,1.0,1.4815836041348889,1.1767940489560973,66.61932498013378
active,270.0,S03,1240.0,1240.0,1.0,1.5357955603783564,1.260246540027248,69.23305897091161
active,270.0,S04,1240.0,1240.0,1.0,1.5360887169959638,1.260626166682107,69.22969513846036
active,270.0,S05,1240.0,1240.0,1.0,1.5364414563095978,1.2611045081614616,69.30602672800325
active,270.0,S06,1240.0,1240.0,1.0,1.5367403646175999,1.261504656910956,69.30284105052067
active,270.0,S07,1240.0,1240.0,1.0,1.5370280584429385,1.2618926893142606,69.29975221941552
active,270.0,S08,1240.0,1240.0,1.0,1.537304737480922,1.2622686240213064,69.29675986180918
active,270.0,S09,1240.0,1240.0,1.0,1.5375706038709631,1.2626324812698482,69.29386359314982
active,270.0,C10,1740.0,1740.0,1.0,1.8290979782558012,1.799952531298523,59.12791806883918
active,270.0,C11,1740.0,1740.0,1.0,1.8292845373571214,1.800252283598187,59.128775359615375
active,270.0,C12,1740.0,1740.0,1.0,1.829339928554913,1.8003085950970488,59.12843684801949
active,270.0,C13,1740.0,1740.0,1.0,1.8293850784900132,1.8003518746333662,59.128181831771315
active,270.0,C14,1740.0,1740.0,1.0,1.8294211988476177,1.8003841262745823,59.12799754675321
active,270.0,C15,1740.0,1740.0,1.0,1.829449772865531,1.8004070037630897,59.127872634258345
active,270.0,C16,1740.0,1740.0,1.0,1.8294723497666698,1.800422315321617,59.127795273920114
active,270.0,C17,1740.0,1740.0,1.0,1.8294908097825258,1.8004320111919185,59.127753628777455
active,270.0,C18,1740.0,1740.0,1.0,1.8295066831010116,1.8004381696033094,59.127735284393744
active,272.0,C01,1740.0,1740.0,1.0,1.831248372039582,1.807787542959699,54.320726838400596
active,272.0,C02,1740.0,1740.0,1.0,1.8260676321706997,1.797584235530951,59.16177240286433
active,272.0,C03,1740.0,1740.0,1.0,1.8263575664913902,1.7978834470072025,59.15981543371436
active,272.0,C04,1740.0,1740.0,1.0,1.8266993292724463,1.7983012169687866,59.15914998532394
active,272.0,C05,1740.0,1740.0,1.0,1.8269381967298046,1.7985406260794805,59.157600895682315
active,272.0,C06,1740.0,1740.0,1.0,1.827153302408692,1.7987523275087132,59.15623733893296
active,272.0,C07,1740.0,1740.0,1.0,1.8273458878222855,1.7989378891588574,59.15504770393729
active,272.0,C08,1740.0,1740.0,1.0,1.8275172186793103,1.7990989192000375,59.15402035873026
active,272.0,C09,1740.0,1740.0,1.0,1.8280360469913688,1.7999403255012956,59.1556395737248
active,272.0,S01,1240.0,1240.0,1.0,1.5351159795662614,1.260080826301272,69.23306696787841
active,272.0,S02,1240.0,1240.0,1.0,1.4815836041348889,1.1774680218746656,66.68311899325371
active,272.0,S03,1240.0,1240.0,1.0,1.5357955603783564,1.2609673842731899,69.22693733574366
active,272.0,S04,1240.0,1240.0,1.0,1.5360887169959638,1.261347245843435,69.2235498034976
active,272.0,S05,1240.0,1240.0,1.0,1.5364414563095978,1.2618258772052307,69.29959892951608
active,272.0,S06,1240.0,1240.0,1.0,1.5367403646175999,1.2622262717779704,69.29638689842638
active,272.0,S07,1240.0,1240.0,1.0,1.5370280584429385,1.262614542945071,69.29327254751544
active,272.0,S08,1240.0,1240.0,1.0,1.537304737480922,1.2629907093771358,69.29025550288448
active,272.0,S09,1240.0,1240.0,1.0,1.5375706038709631,1.2633547913337657,69.28733537898042
active,272.0,C10,1740.0,1740.0,1.0,1.8290979782558012,1.8009832198990203,59.149188331608535
active,272.0,C11,1740.0,1740.0,1.0,1.8292845373571214,1.8012831702102226,59.15016067134564
active,272.0,C12,1740.0,1740.0,1.0,1.829339928554913,1.8013395421686529,59.14982131064165
active,272.0,C13,1740.0,1740.0,1.0,1.8293850784900132,1.8013828744101539,59.149565574800775
active,272.0,C14,1740.0,1740.0,1.0,1.8294211988476177,1.8014151699433467,59.14938067876286
active,272.0,C15,1740.0,1740.0,1.0,1.829449772865531,1.8014380853113465,59.14925525725385
active,272.0,C16,1740.0,1740.0,1.0,1.8294723497666698,1.8014534324448375,59.149177474724574
active,272.0,C17,1740.0,1740.0,1.0,1.8294908097825258,1.801463161147373,59.14913546664834
active,272.0,C18,1740.0,1740.0,1.0,1.8295066831010116,1.801469350105354,59.149116786143736
active,274.0,C01,1740.0,1740.0,1.0,1.831248372039582,1.8085662854176054,54.40516937943823
active,274.0,C02,1740.0,1740.0,1.0,1.8260676321706997,1.7983586848770599,59.18254746922902
active,274.0,C03,1740.0,1740.0,1.0,1.8263575664913902,1.7986580524188591,59.180587246589255
active,274.0,C04,1740.0,1740.0,1.0,1.8266993292724463,1.799076028057275,59.1801453732841
active,274.0,C05,1740.0,1740.0,1.0,1.8269381967298046,1.7993155666339684,59.178593845312705
active,274.0,C06,1740.0,1740.0,1.0,1.827153302408692,1.799527385183292,59.177228054255934
active,274.0,C07,1740.0,1740.0,1.0,1.8273458878222855,1.799713052289542,59.17603639066923
active,274.0,C08,1740.0,1740.0,1.0,1.8275172186793103,1.7998741768223963,59.175007221055765
active,274.0,C09,1740.0,1740.0,1.0,1.8280360469913688,1.8007159654415177,59.176687004276005
active,274.0,S01,1240.0,1240.0,1.0,1.5351159795662614,1.2606233602142187,69.22680656242888
active,274.0,S02,1240.0,1240.0,1.0,1.4815836041348889,1.1779756608377343,66.74527265306929
active,274.0,S03,1240.0,1240.0,1.0,1.5357955603783564,1.261510326169794,69.22090928921084
active,274.0,S04,1240.0,1240.0,1.0,1.5360887169959638,1.2618903646688662,69.21749990580415
active,274.0,S05,1240.0,1240.0,1.0,1.5364414563095978,1.2623692143626257,69.2929625034032
active,274.0,S06,1240.0,1240.0,1.0,1.5367403646175999,1.2627697940796907,69.28972468953089
active,274.0,S07,1240.0,1240.0,1.0,1.5370280584429385,1.2631582450739602,69.28658537216515
active,274.0,S08,1240.0,1240.0,1.0,1.537304737480922,1.2635345860316105,69.28354417639706
active,274.0,S09,1240.0,1240.0,1.0,1.5375706038709631,1.2638988372287006,69.28060071568312
active,274.0,C10,1740.0,1740.0,1.0,1.8290979782558012,1.801759538850812,59.170222352066375
active,274.0,C11,1740.0,1740.0,1.0,1.8292845373571214,1.8020596382930825,59.1712471323618
active,274.0,C12,1740.0,1740.0,1.0,1.829339928554913,1.8021160557794642,59.170906958376044
active,274.0,C13,1740.0,1740.0,1.0,1.8293850784900132,1.802159427708282,59.17065053062332
active,274.0,C14,1740.0,1740.0,1.0,1.8294211988476177,1.8021917562885543,59.170465044478476
active,274.0,C15,1740.0,1740.0,1.0,1.829449772865531,1.8022147001744704,59.170339128945784
active,274.0,C16,1740.0,1740.0,1.0,1.8294723497666698,1.802230074091971,59.170260934338565
active,274.0,C17,1740.0,1740.0,1.0,1.8294908097825258,1.8022398275133564,59.170218569805684
active,274.0,C18,1740.0,1740.0,1.0,1.8295066831010116,1.802246039468658,59.17019955750605
active,276.0,C01,1740.0,1740.0,1.0,1.831248372039582,1.8092043382944258,54.48844281681172
active,276.0,C02,1740.0,1740.0,1.0,1.8260676321706997,1.798993220289145,59.203214179576655
active,276.0,C03,1740.0,1740.0,1.0,1.8263575664913902,1.7992927156952994,59.20125118083852
active,276.0,C04,1740.0,1740.0,1.0,1.8266993292724463,1.799710859843551,59.20092947287738
active,276.0,C05,1740.0,1740.0,1.0,1.8269381967298046,1.7999505044904318,59.19937573611528
active,276.0,C06,1740.0,1740.0,1.0,1.827153302408692,1.800162418994473,59.198007914747805
active,276.0,C07,1740.0,1740.0,1.0,1.8273458878222855,1.8003481724986907,59.19681440230789
active,276.0,C08,1740.0,1740.0,1.0,1.8275172186793103,1.8005093744459317,59.19578356512248
active,276.0,C09,1740.0,1740.0,1.0,1.8280360469913688,1.801351476303076,59.19745958765009
active,276.0,S01,1240.0,1240.0,1.0,1.5351159795662614,1.2610678779044555,69.22069798680556
active,276.0,S02,1240.0,1240.0,1.0,1.4815836041348889,1.1783915882561222,66.80589772531344
active,276.0,S03,1240.0,1240.0,1.0,1.5357955603783564,1.261955178125566,69.21495610914309
active,276.0,S04,1240.0,1240.0,1.0,1.5360887169959638,1.2623353615823776,69.21152636551331
active,276.0,S05,1240.0,1240.0,1.0,1.5364414563095978,1.2628143901563393,69.28617711752864
active,276.0,S06,1240.0,1240.0,1.0,1.5367403646175999,1.2632151215621819,69.28291408097806
active,276.0,S07,1240.0,1240.0,1.0,1.5370280584429385,1.2636037198887151,69.27975034001878
active,276.0,S08,1240.0,1240.0,1.0,1.537304737480922,1.2639802038348773,69.276685518741
active,276.0,S09,1240.0,1240.0,1.0,1.5375706038709631,1.2643445936902151,69.2737192296209
active,276.0,C10,1740.0,1740.0,1.0,1.8290979782558012,1.802395605987213,59.19098216827621
active,276.0,C11,1740.0,1740.0,1.0,1.8292845373571214,1.802695827610435,59.19202177233453
active,276.0,C12,1740.0,1740.0,1.0,1.829339928554913,1.8027522823928874,59.19168080778721
active,276.0,C13,1740.0,1740.0,1.0,1.8293850784900132,1.8027956868323254,59.191423705872424
active,276.0,C14,1740.0,1740.0,1.0,1.8294211988476177,1.8028280424812824,59.19123764329501
active,276.0,C15,1740.0,1740.0,1.0,1.829449772865531,1.8028510097246304,59.19111124376484
active,276.0,C16,1740.0,1740.0,1.0,1.8294723497666698,1.8028664055801058,59.19103264402259
active,276.0,C17,1740.0,1740.0,1.0,1.8294908097825258,1.8028761792478376,59.19098992772814
active,276.0,C18,1740.0,1740.0,1.0,1.8295066831010116,1.8028824100389897,59.19097058706177
active,278.0,C01,1740.0,1740.0,1.0,1.831248372039582,1.8097271196485183,54.57056853171488
active,278.0,C02,1740.0,1740.0,1.0,1.8260676321706997,1.7995131196759073,59.223689220506856
active,278.0,C03,1740.0,1740.0,1.0,1.8263575664913902,1.7998127198421412,59.221723730196146
active,278.0,C04,1740.0,1740.0,1.0,1.8266993292724463,1.8002310020524401,59.221459877183094
active,278.0,C05,1740.0,1740.0,1.0,1.8269381967298046,1.8004707336025916,59.2199040691895
active,278.0,C06,1740.0,1740.0,1.0,1.827153302408692,1.8006827267219028,59.21853434009031
active,278.0,C07,1740.0,1740.0,1.0,1.8273458878222855,1.8008685510111724,59.21733908708072
active,278.0,C08,1740.0,1740.0,1.0,1.8275172186793103,1.8010298163828624,59.21630667705362
active,278.0,C09,1740.0,1740.0,1.0,1.8280360469913688,1.801872174881755,59.21794056183133
active,278.0,S01,1240.0,1240.0,1.0,1.5351159795662614,1.2614320879582073,69.21471247818695
active,278.0,S02,1240.0,1240.0,1.0,1.4815836041348889,1.1787323735084865,66.8650888796465
active,278.0,S03,1240.0,1240.0,1.0,1.5357955603783564,1.2623196620465744,69.20906758769958
active,278.0,S04,1240.0,1240.0,1.0,1.5360887169959638,1.2626999642683772,69.20561870021685
active,278.0,S05,1240.0,1240.0,1.0,1.5364414563095978,1.2631791394008585,69.27929238808164
active,278.0,S06,1240.0,1240.0,1.0,1.5367403646175999,1.2635799950865392,69.27600467708109
active,278.0,S07,1240.0,1240.0,1.0,1.5370280584429385,1.2639687141234728,69.2728170438048
active,278.0,S08,1240.0,1240.0,1.0,1.537304737480922,1.264345315221055,69.26972911135103
active,278.0,S09,1240.0,1240.0,1.0,1.5375706038709631,1.2647098186798842,69.26674049122501
active,278.0,C10,1740.0,1740.0,1.0,1.8290979782558012,1.8029167602999014,59.21145077787188
active,278.0,C11,1740.0,1740.0,1.0,1.8292845373571214,1.8032170820255164,59.212482687663936
active,278.0,C12,1740.0,1740.0,1.0,1.829339928554913,1.803273567361595,59.21214094752999
active,278.0,C13,1740.0,1740.0,1.0,1.8293850784900132,1.8033169984337563,59.211883183360094
active,278.0,C14,1740.0,1740.0,1.0,1.8294211988476177,1.8033493762557495,59.211696553784925
active,278.0,C15,1740.0,1740.0,1.0,1.829449772865531,1.8033723626311304,59.2115696774051
active,278.0,C16,1740.0,1740.0,1.0,1.8294723497666698,1.8033877764564294,59.21149067767711
active,278.0,C17,1740.0,1740.0,1.0,1.8294908097825258,1.8033975667082582,59.211447613357194
active,278.0,C18,1740.0,1740.0,1.0,1.8295066831010116,1.8034038129278456,59.21142794732211
active,280.0,C01,1740.0,1740.0,1.0,1.831248372039582,1.8101554550789887,54.6515677552718
active,280.0,C02,1740.0,1740.0,1.0,1.8260676321706997,1.799939093814951,59.24392734916026
active,280.0,C03,1740.0,1740.0,1.0,1.8263575664913902,1.8002387798124948,59.24195953660458
active,280.0,C04,1740.0,1740.0,1.0,1.8266993292724463,1.8006571751394227,59.241716063724716
active,280.0,C05,1740.0,1740.0,1.0,1.8269381967298046,1.80089697789009,59.24015826716937
active,280.0,C06,1740.0,1740.0,1.0,1.827153302408692,1.8011090354192278,59.23878670434045
active,280.0,C07,1740.0,1740.0,1.0,1.8273458878222855,1.8012949177027124,59.2375897764225
active,280.0,C08,1740.0,1740.0,1.0,1.8275172186793103,1.8014562350377803,59.23655585125013
active,280.0,C09,1740.0,1740.0,1.0,1.8280360469913688,1.8022988038092043,59.23812489883392
active,280.0,S01,1240.0,1240.0,1.0,1.5351159795662614,1.2617304993511298,69.20883132065471
active,280.0,S02,1240.0,1240.0,1.0,1.4815836041348889,1.1790115922450588,66.92292680993167
active,280.0,S03,1240.0,1240.0,1.0,1.5357955603783564,1.2626182978234588,69.20323919225454
active,280.0,S04,1240.0,1240.0,1.0,1.5360887169959638,1.2629986973511085,69.19977216610403
active,280.0,S05,1240.0,1240.0,1.0,1.5364414563095978,1.2634779925614668,69.272349402726
active,280.0,S06,1240.0,1240.0,1.0,1.5367403646175999,1.2638789500714243,69.26903755298896
active,280.0,S07,1240.0,1240.0,1.0,1.5370280584429385,1.2642677680080667,69.26582654648776
active,280.0,S08,1240.0,1240.0,1.0,1.537304737480922,1.2646444650893611,69.26271600533714
active,280.0,S09,1240.0,1240.0,1.0,1.5375706038709631,1.2650090616249603,69.25970554008046
active,280.0,C10,1740.0,1740.0,1.0,1.8290979782558012,1.803343762599102,59.23162300992485
active,280.0,C11,1740.0,1740.0,1.0,1.8292845373571214,1.8036441663390916,59.23263382788003
active,280.0,C12,1740.0,1740.0,1.0,1.829339928554913,1.8037006767059565,59.23229132257935
active,280.0,C13,1740.0,1740.0,1.0,1.8293850784900132,1.8037441295963532,59.232032904645735
active,280.0,C14,1740.0,1740.0,1.0,1.8294211988476177,1.803776525581981,59.23184571504439
active,280.0,C15,1740.0,1740.0,1.0,1.829449772865531,1.8037995276292291,59.23171836731355
active,280.0,C16,1740.0,1740.0,1.0,1.8294723497666698,1.80381495617469,59.23163897175806
active,280.0,C17,1740.0,1740.0,1.0,1.8294908097825258,1.8038247600114965,59.23159556266012
active,280.0,C18,1740.0,1740.0,1.0,1.8295066831010116,1.8038310188691902,59.23157557408133
active,282.0,C01,1740.0,1740.0,1.0,1.831248372039582,1.8105064075559358,54.73146108534916
active,282.0,C02,1740.0,1740.0,1.0,1.8260676321706997,1.8002881116030025,59.263905644923774
active,282.0,C03,1740.0,1740.0,1.0,1.8263575664913902,1.8005878679237415,59.26193561070116
active,282.0,C04,1740.0,1740.0,1.0,1.8266993292724463,1.8010063559296259,59.261690049226154
active,282.0,C05,1740.0,1740.0,1.0,1.8269381967298046,1.8012462170158874,59.26013031406549
active,282.0,C06,1740.0,1740.0,1.0,1.827153302408692,1.8014583273167317,59.25875696256435
active,282.0,C07,1740.0,1740.0,1.0,1.8273458878222855,1.8016442571153504,59.257558400010595
active,282.0,C08,1740.0,1740.0,1.0,1.8275172186793103,1.8018056170242418,59.256522995337676
active,282.0,C09,1740.0,1740.0,1.0,1.8280360469913688,1.802648358077607,59.25801397450594
active,282.0,S01,1240.0,1240.0,1.0,1.5351159795662614,1.2619749996261553,69.2030427996947
active,282.0,S02,1240.0,1240.0,1.0,1.4815836041348889,1.1792403673440282,66.9794807698121
active,282.0,S03,1240.0,1240.0,1.0,1.5357955603783564,1.2628629819410733,69.19747004699808
active,282.0,S04,1240.0,1240.0,1.0,1.5360887169959638,1.2632434611933068,69.19398572452462
active,282.0,S05,1240.0,1240.0,1.0,1.5364414563095978,1.2637228547860864,69.26538204157973
active,282.0,S06,1240.0,1240.0,1.0,1.5367403646175999,1.2641238957226906,69.26204657603442
active,282.0,S07,1240.0,1240.0,1.0,1.5370280584429385,1.2645127946897743,69.25881270296821
active,282.0,S08,1240.0,1240.0,1.0,1.537304737480922,1.2648895704123255,69.25568004352067
active,282.0,S09,1240.0,1240.0,1.0,1.5375706038709631,1.2652542432074179,69.25264820728195
active,282.0,C10,1740.0,1740.0,1.0,1.8290979782558012,1.8036936227664764,59.251500155481395
active,282.0,C11,1740.0,1740.0,1.0,1.8292845373571214,1.8039940937018175,59.252481992062584
active,282.0,C12,1740.0,1740.0,1.0,1.829339928554913,1.8040506245753964,59.25213872935446
active,282.0,C13,1740.0,1740.0,1.0,1.8293850784900132,1.8040940953403357,59.25187966417002
active,282.0,C14,1740.0,1740.0,1.0,1.8294211988476177,1.8041265062057381,59.2516919200987
active,282.0,C15,1740.0,1740.0,1.0,1.829449772865531,1.8041495210910525,59.251564105586574
active,282.0,C16,1740.0,1740.0,1.0,1.8294723497666698,1.8041649616951725,59.251484317833835
active,282.0,C17,1740.0,1740.0,1.0,1.8294908097825258,1.8041747766606664,59.25144056697998
active,282.0,C18,1740.0,1740.0,1.0,1.8295066831010116,1.8041810458712424,59.25142025864517
active,284.0,C01,1740.0,1740.0,1.0,1.831248372039582,1.8107939572794638,54.810268277576455
active,284.0,C02,1740.0,1740.0,1.0,1.8260676321706997,1.800574076165026,59.283614111223166
active,284.0,C03,1740.0,1740.0,1.0,1.8263575664913902,1.800873890103191,59.281641914937225
active,284.0,C04,1740.0,1740.0,1.0,1.8266993292724463,1.8012924540433577,59.28138086189866
active,284.0,C05,1740.0,1740.0,1.0,1.8269381967298046,1.8015323629251114,59.27981921863301
active,284.0,C06,1740.0,1740.0,1.0,1.827153302408692,1.801744516462726,59.278444106307006
active,284.0,C07,1740.0,1740.0,1.0,1.8273458878222855,1.801930485191189,59.277243934299406
active,284.0,C08,1740.0,1740.0,1.0,1.8275172186793103,1.8020918799813042,59.27620707266973
active,284.0,C09,1740.0,1740.0,1.0,1.8280360469913688,1.8029347621904221,59.27761246794496
active,284.0,S01,1240.0,1240.0,1.0,1.5351159795662614,1.2621753285689257,69.1973399978412
active,284.0,S02,1240.0,1240.0,1.0,1.4815836041348889,1.1794278121010533,67.03481063397612
active,284.0,S03,1240.0,1240.0,1.0,1.5357955603783564,1.2630634615107583,69.19176151473825
active,284.0,S04,1240.0,1240.0,1.0,1.5360887169959638,1.263444006083252,69.18826061233884
active,284.0,S05,1240.0,1240.0,1.0,1.5364414563095978,1.2639234802832833,69.2584181147881
active,284.0,S06,1240.0,1240.0,1.0,1.5367403646175999,1.264324589573353,69.25505954356356
active,284.0,S07,1240.0,1240.0,1.0,1.5370280584429385,1.2647135549305992,69.25180329815761
active,284.0,S08,1240.0,1240.0,1.0,1.537304737480922,1.2650903950857637,69.2486489987428
active,284.0,S09,1240.0,1240.0,1.0,1.5375706038709631,1.265455130362001,69.24559625396448
active,284.0,C10,1740.0,1740.0,1.0,1.8290979782558012,1.80398027750172,59.27108684351324
active,284.0,C11,1740.0,1740.0,1.0,1.8292845373571214,1.804280803491398,59.27203513453791
active,284.0,C12,1740.0,1740.0,1.0,1.829339928554913,1.804337351165613,59.271691120642956
active,284.0,C13,1740.0,1740.0,1.0,1.8293850784900132,1.8043808365745422,59.271431413589255
active,284.0,C14,1740.0,1740.0,1.0,1.8294211988476177,1.8044132596299278,59.271243119803806
active,284.0,C15,1740.0,1740.0,1.0,1.829449772865531,1.8044362850323006,59.27111484256976
active,284.0,C16,1740.0,1740.0,1.0,1.8294723497666698,1.8044517355151215,59.27103466598513
active,284.0,C17,1740.0,1740.0,1.0,1.8294908097825258,1.8044615595974414,59.270990576315015
active,284.0,C18,1740.0,1740.0,1.0,1.8295066831010116,1.8044678372891982,59.27096995104085
active,286.0,C01,1740.0,1740.0,1.0,1.831248372039582,1.8110295586795386,54.88800818767619
active,286.0,C02,1740.0,1740.0,1.0,1.8260676321706997,1.8008083787821647,59.30305009431957
active,286.0,C03,1740.0,1740.0,1.0,1.8263575664913902,1.8011082399278389,59.301075771206875
active,286.0,C04,1740.0,1740.0,1.0,1.8266993292724463,1.801526866083182,59.30079129964703
active,286.0,C05,1740.0,1740.0,1.0,1.8269381967298046,1.8017668141249263,59.299227767244794
active,286.0,C06,1740.0,1740.0,1.0,1.827153302408692,1.8019790030873808,59.29785091174347
active,286.0,C07,1740.0,1740.0,1.0,1.8273458878222855,1.80216500371184,59.29664914652557
active,286.0,C08,1740.0,1740.0,1.0,1.8275172186793103,1.8023264270807462,59.29561084272742
active,286.0,C09,1740.0,1740.0,1.0,1.8280360469913688,1.8031694249433514,59.2969265867952
active,286.0,S01,1240.0,1240.0,1.0,1.5351159795662614,1.2623394662787952,69.19171921125384
active,286.0,S02,1240.0,1240.0,1.0,1.4815836041348889,1.1795813933271846,67.08896857461754
active,286.0,S03,1240.0,1240.0,1.0,1.5357955603783564,1.2632277226335924,69.18611621509748
active,286.0,S04,1240.0,1240.0,1.0,1.5360887169959638,1.2636083207247726,69.18259935139088
active,286.0,S05,1240.0,1240.0,1.0,1.5364414563095978,1.2640878609686634,69.2514803364007
active,286.0,S06,1240.0,1240.0,1.0,1.5367403646175999,1.2644890262626198,69.24809915698701
active,286.0,S07,1240.0,1240.0,1.0,1.5370280584429385,1.264878046015142,69.24482102119549
active,286.0,S08,1240.0,1240.0,1.0,1.537304737480922,1.2652549389616858,69.24164554823966
active,286.0,S09,1240.0,1240.0,1.0,1.5375706038709631,1.2656197254303876,69.23857234582839
active,286.0,C10,1740.0,1740.0,1.0,1.8290979782558012,1.8042151455911857,59.29038925219869
active,286.0,C11,1740.0,1740.0,1.0,1.8292845373571214,1.8045157166881134,59.291301440105954
active,286.0,C12,1740.0,1740.0,1.0,1.829339928554913,1.8045722781268776,59.290956680367884
active,286.0,C13,1740.0,1740.0,1.0,1.8293850784900132,1.804615775533326,59.290696336192035
active,286.0,C14,1740.0,1740.0,1.0,1.8294211988476177,1.8046482085753792,59.290507497006125
active,286.0,C15,1740.0,1740.0,1.0,1.829449772865531,1.804671242593676,59.29037876083947
active,286.0,C16,1740.0,1740.0,1.0,1.8294723497666698,1.8046867011695522,59.29029819866938
active,286.0,C17,1740.0,1740.0,1.0,1.8294908097825258,1.8046965327207503,59.29025377311376
active,286.0,C18,1740.0,1740.0,1.0,1.8295066831010116,1.804702817360578,59.29023283377347
active,288.0,C01,1740.0,1740.0,1.0,1.831248372039582,1.8112225967646218,54.964698793359204
active,288.0,C02,1740.0,1740.0,1.0,1.8260676321706997,1.8010003527237697,59.322214991485204
active,288.0,C03,1740.0,1740.0,1.0,1.8263575664913902,1.8013002525479709,59.32023856234435
active,288.0,C04,1740.0,1740.0,1.0,1.8266993292724463,1.8017189296781912,59.319926052129425
active,288.0,C05,1740.0,1740.0,1.0,1.8269381967298046,1.8019589098047926,59.31836064276307
active,288.0,C06,1740.0,1740.0,1.0,1.827153302408692,1.8021711277917385,59.316982055727514
active,288.0,C07,1740.0,1740.0,1.0,1.8273458878222855,1.8023571545493584,59.3157787082787
active,288.0,C08,1740.0,1740.0,1.0,1.8275172186793103,1.802518601333501,59.31473897253569
active,288.0,C09,1740.0,1740.0,1.0,1.8280360469913688,1.8033616939549963,59.31596307603754
active,288.0,S01,1240.0,1240.0,1.0,1.5351159795662614,1.2624739511109253,69.18617882273423
active,288.0,S02,1240.0,1240.0,1.0,1.4815836041348889,1.1797072288330201,67.14200042564289
active,288.0,S03,1240.0,1240.0,1.0,1.5357955603783564,1.2633623085818495,69.18053735785227
active,288.0,S04,1240.0,1240.0,1.0,1.5360887169959638,1.2637429505225193,69.17700507520355
active,288.0,S05,1240.0,1240.0,1.0,1.5364414563095978,1.2642225448782365,69.2445871539739
active,288.0,S06,1240.0,1240.0,1.0,1.5367403646175999,1.2646237560578901,69.24118385149592
active,288.0,S07,1240.0,1240.0,1.0,1.5370280584429385,1.2650128203781101,69.23788429527345
active,288.0,S08,1240.0,1240.0,1.0,1.537304737480922,1.265389756578215,69.2346881035688
active,288.0,S09,1240.0,1240.0,1.0,1.5375706038709631,1.2657545849904248,69.23159488316254
active,288.0,C10,1740.0,1740.0,1.0,1.8290979782558012,1.804407582837741,59.30941410934485
active,288.0,C11,1740.0,1740.0,1.0,1.8292845373571214,1.8047081908922216,59.31028884647892
active,288.0,C12,1740.0,1740.0,1.0,1.829339928554913,1.804764763608247,59.30994334575284
active,288.0,C13,1740.0,1740.0,1.0,1.8293850784900132,1.8048082708441562,59.30968236885648
active,288.0,C14,1740.0,1740.0,1.0,1.8294211988476177,1.8048407120679715,59.30949298834793
active,288.0,C15,1740.0,1740.0,1.0,1.829449772865531,1.804863753144892,59.30936379690358
active,288.0,C16,1740.0,1740.0,1.0,1.8294723497666698,1.8048792183510942,59.309282852353626
active,288.0,C17,1740.0,1740.0,1.0,1.8294908097825258,1.8048890560212423,59.309238093868544
active,288.0,C18,1740.0,1740.0,1.0,1.8295066831010116,1.8048953463533022,59.309216843398595
active,290.0,C01,1740.0,1740.0,1.0,1.831248372039582,1.8113807610108077,55.04035725451064
active,290.0,C02,1740.0,1740.0,1.0,1.8260676321706997,1.8011576450748157,59.34111232827723
active,290.0,C03,1740.0,1740.0,1.0,1.8263575664913902,1.8014575765895895,59.33913380540486
active,290.0,C04,1740.0,1740.0,1.0,1.8266993292724463,1.8018762954852594,59.338790632498515
active,290.0,C05,1740.0,1740.0,1.0,1.8269381967298046,1.8021163018999613,59.33722335437439
active,290.0,C06,1740.0,1740.0,1.0,1.827153302408692,1.8023285436675198,59.33584304393952
active,290.0,C07,1740.0,1740.0,1.0,1.8273458878222855,1.8025145918367642,59.334638122168265
active,290.0,C08,1740.0,1740.0,1.0,1.8275172186793103,1.8026760578056193,59.33359696204289
active,290.0,C09,1740.0,1740.0,1.0,1.8280360469913688,1.803519228066499,59.33472868565424
active,290.0,S01,1240.0,1240.0,1.0,1.5351159795662614,1.2625841401657572,69.18071850864762
active,290.0,S02,1240.0,1240.0,1.0,1.4815836041348889,1.1798103311585113,67.19394679342555
active,290.0,S03,1240.0,1240.0,1.0,1.5357955603783564,1.2634725804845306,69.17502830201823
active,290.0,S04,1240.0,1240.0,1.0,1.5360887169959638,1.2638532583525277,69.17148108299982
active,290.0,S05,1240.0,1240.0,1.0,1.5364414563095978,1.264332897043896,69.23775345227948
active,290.0,S06,1240.0,1240.0,1.0,1.5367403646175999,1.264734145819214,69.23432849984042
active,290.0,S07,1240.0,1240.0,1.0,1.5370280584429385,1.2651232466552074,69.23100798147954
active,290.0,S08,1240.0,1240.0,1.0,1.537304737480922,1.2655002182943618,69.2277915145159
active,290.0,S09,1240.0,1240.0,1.0,1.5375706038709631,1.2658650810722396,69.22467870480972
active,290.0,C10,1740.0,1740.0,1.0,1.8290979782558012,1.8045652547872393,59.3281681550594
active,290.0,C11,1740.0,1740.0,1.0,1.8292845373571214,1.8048658931221286,59.32900482235067
active,290.0,C12,1740.0,1740.0,1.0,1.829339928554913,1.8049224750776816,59.32865858522912
active,290.0,C13,1740.0,1740.0,1.0,1.8293850784900132,1.804965990366873,59.328396979834544
active,290.0,C14,1740.0,1740.0,1.0,1.8294211988476177,1.80499843829386,59.32820706196238
active,290.0,C15,1740.0,1740.0,1.0,1.829449772865531,1.805021485153697,59.32807741883531
active,290.0,C16,1740.0,1740.0,1.0,1.8294723497666698,1.8050369557919652,59.327996095109334
active,290.0,C17,1740.0,1740.0,1.0,1.8294908097825258,1.805046798475216,59.32795100668872
active,290.0,C18,1740.0,1740.0,1.0,1.8295066831010116,1.8050530934707518,59.327929448084724
active,292.0,C01,1740.0,1740.0,1.0,1.831248372039582,1.8115103516939755,55.11499998844105
active,292.0,C02,1740.0,1740.0,1.0,1.8260676321706997,1.801286521378949,59.3597466512715
active,292.0,C03,1740.0,1740.0,1.0,1.8263575664913902,1.801586478858903,59.35776604201065
active,292.0,C04,1740.0,1740.0,1.0,1.8266993292724463,1.8020052319745,59.35739078649894
active,292.0,C05,1740.0,1740.0,1.0,1.8269381967298046,1.8022452599279057,59.355821645547685
active,292.0,C06,1740.0,1740.0,1.0,1.827153302408692,1.8024575211796778,59.354439617835965
active,292.0,C07,1740.0,1740.0,1.0,1.8273458878222855,1.8026435868921211,59.3532331278883
active,292.0,C08,1740.0,1740.0,1.0,1.8275172186793103,1.8028050685795716,59.35219054941649
active,292.0,C09,1740.0,1740.0,1.0,1.8280360469913688,1.8036483024533119,59.35322990361626
active,292.0,S01,1240.0,1240.0,1.0,1.5351159795662614,1.2626744227097704,69.17533868874624
active,292.0,S02,1240.0,1240.0,1.0,1.4815836041348889,1.1798948072634134,67.24484396176116
active,292.0,S03,1240.0,1240.0,1.0,1.5357955603783564,1.263562930908728,69.16959227505946
active,292.0,S04,1240.0,1240.0,1.0,1.5360887169959638,1.2639436382132359,69.16603055505243
active,292.0,S05,1240.0,1240.0,1.0,1.5364414563095978,1.2644233132303833,69.23099114804478
active,292.0,S06,1240.0,1240.0,1.0,1.5367403646175999,1.264824592809141,69.22754500710799
active,292.0,S07,1240.0,1240.0,1.0,1.5370280584429385,1.2652137235637764,69.22420397361284
active,292.0,S08,1240.0,1240.0,1.0,1.537304737480922,1.2655907242393665,69.22096766394294
active,292.0,S09,1240.0,1240.0,1.0,1.5375706038709631,1.2659556151742162,69.21783568304616
active,292.0,C10,1740.0,1740.0,1.0,1.8290979782558012,1.8046944421079154,59.34665787176127
active,292.0,C11,1740.0,1740.0,1.0,1.8292845373571214,1.8049951052525135,59.34745628796003
active,292.0,C12,1740.0,1740.0,1.0,1.829339928554913,1.805051694778128,59.347109318903044
active,292.0,C13,1740.0,1740.0,1.0,1.8293850784900132,1.8050952166654415,59.346847089147175
active,292.0,C14,1740.0,1740.0,1.0,1.8294211988476177,1.805127670084292,59.34665663781634
active,292.0,C15,1740.0,1740.0,1.0,1.829449772865531,1.8051507216819735,59.34652654658071
active,292.0,C16,1740.0,1740.0,1.0,1.8294723497666698,1.8051661967706711,59.34644484689812
active,292.0,C17,1740.0,1740.0,1.0,1.8294908097825258,1.8051760435610928,59.34639943157474
active,292.0,C18,1740.0,1740.0,1.0,1.8295066831010116,1.805182342377336,59.34637756788252
active,294.0,C01,1740.0,1740.0,1.0,1.831248372039582,1.8116165308733534,55.18864274758139
active,294.0,C02,1740.0,1740.0,1.0,1.8260676321706997,1.8013921152382124,59.378122903792885
active,294.0,C03,1740.0,1740.0,1.0,1.8263575664913902,1.8016920939923773,59.37614021265361
active,294.0,C04,1740.0,1740.0,1.0,1.8266993292724463,1.8021108751456334,59.37573218022976
active,294.0,C05,1740.0,1740.0,1.0,1.8269381967298046,1.8023509207464494,59.37416118111562
active,294.0,C06,1740.0,1740.0,1.0,1.827153302408692,1.802563197962299,59.372777441128164
active,294.0,C07,1740.0,1740.0,1.0,1.8273458878222855,1.802749278048464,59.371569388167394
active,294.0,C08,1740.0,1740.0,1.0,1.8275172186793103,1.8029107726146607,59.3705253965339
active,294.0,C09,1740.0,1740.0,1.0,1.8280360469913688,1.803754058608877,59.371472839386115
active,294.0,S01,1240.0,1240.0,1.0,1.5351159795662614,1.2627483950339713,69.17004015153358
active,294.0,S02,1240.0,1240.0,1.0,1.4815836041348889,1.1799640221370225,67.29472462965276
active,294.0,S03,1240.0,1240.0,1.0,1.5357955603783564,1.2636369588496756,69.16423220429812
active,294.0,S04,1240.0,1240.0,1.0,1.5360887169959638,1.2640176902725886,69.16065638115035
active,294.0,S05,1240.0,1240.0,1.0,1.5364414563095978,1.2644973950527947,69.22430969100053
active,294.0,S06,1240.0,1240.0,1.0,1.5367403646175999,1.2648986998699356,69.22084281178797
active,294.0,S07,1240.0,1240.0,1.0,1.5370280584429385,1.2652878551380018,69.21748169926299
active,294.0,S08,1240.0,1240.0,1.0,1.537304737480922,1.2656648796041947,69.21422596888151
active,294.0,S09,1240.0,1240.0,1.0,1.5375706038709631,1.2660297936090656,69.21107522468702
active,294.0,C10,1740.0,1740.0,1.0,1.8290979782558012,1.80480029079323,59.364889365910315
active,294.0,C11,1740.0,1740.0,1.0,1.8292845373571214,1.8051009742652686,59.365649611943105
active,294.0,C12,1740.0,1740.0,1.0,1.829339928554913,1.8051575699931732,59.36530191535185
active,294.0,C13,1740.0,1740.0,1.0,1.8293850784900132,1.8052010972864259,59.36503906533783
active,294.0,C14,1740.0,1740.0,1.0,1.8294211988476177,1.805233555204773,59.364848084433596
active,294.0,C15,1740.0,1740.0,1.0,1.829449772865531,1.8052566106841428,59.36471754866179
active,294.0,C16,1740.0,1740.0,1.0,1.8294723497666698,1.8052720894190686,59.36463547626279
active,294.0,C17,1740.0,1740.0,1.0,1.8294908097825258,1.8052819395744857,59.36458973710364
active,294.0,C18,1740.0,1740.0,1.0,1.8295066831010116,1.805288241521012,59.364567571408536
active,296.0,C01,1740.0,1740.0,1.0,1.831248372039582,1.8117035280281202,55.261300693160024
active,296.0,C02,1740.0,1740.0,1.0,1.8260676321706997,1.8014786328158672,59.39624608548318
active,296.0,C03,1740.0,1740.0,1.0,1.8263575664913902,1.8017786290007907,59.394261315409416
active,296.0,C04,1740.0,1740.0,1.0,1.8266993292724463,1.8021974331263775,59.393820248263964
active,296.0,C05,1740.0,1740.0,1.0,1.8269381967298046,1.8024374931863598,59.3922473949866
active,296.0,C06,1740.0,1740.0,1.0,1.827153302408692,1.8026497834821487,59.39086194713411
active,296.0,C07,1740.0,1740.0,1.0,1.8273458878222855,1.8028358753452067,59.38965233580478
active,296.0,C08,1740.0,1740.0,1.0,1.8275172186793103,1.802997380463398,59.3886069357443
active,296.0,C09,1740.0,1740.0,1.0,1.8280360469913688,1.8038407091619817,59.38946319032983
active,296.0,S01,1240.0,1240.0,1.0,1.5351159795662614,1.2628090037187525,69.16482380549549
active,296.0,S02,1240.0,1240.0,1.0,1.4815836041348889,1.180020732847166,67.34361851324377
active,296.0,S03,1240.0,1240.0,1.0,1.5357955603783564,1.2636976131033824,69.15895062572993
active,296.0,S04,1240.0,1240.0,1.0,1.5360887169959638,1.2640783642874156,69.15536106716904
active,296.0,S05,1240.0,1240.0,1.0,1.5364414563095978,1.2645580934536351,69.21771648481946
active,296.0,S06,1240.0,1240.0,1.0,1.5367403646175999,1.2649594189495381,69.21422930671157
active,296.0,S07,1240.0,1240.0,1.0,1.5370280584429385,1.2653485943023812,69.21084854075097
active,296.0,S08,1240.0,1240.0,1.0,1.537304737480922,1.2657256382611093,69.20757380147371
active,296.0,S09,1240.0,1240.0,1.0,1.5375706038709631,1.2660905711681116,69.2044046920268
active,296.0,C10,1740.0,1740.0,1.0,1.8290979782558012,1.8048870171587283,59.38286833336451
active,296.0,C11,1740.0,1740.0,1.0,1.8292845373571214,1.805187717285767,59.38359064624063
active,296.0,C12,1740.0,1740.0,1.0,1.829339928554913,1.8052443180953517,59.383242226497934
active,296.0,C13,1740.0,1740.0,1.0,1.8293850784900132,1.8052878498177973,59.38297876032233
active,296.0,C14,1740.0,1740.0,1.0,1.8294211988476177,1.8053203114226268,59.38278725372738
active,296.0,C15,1740.0,1740.0,1.0,1.829449772865531,1.8053433700822752,59.382656276997686
active,296.0,C16,1740.0,1740.0,1.0,1.8294723497666698,1.8053588518045796,59.3825738351424
active,296.0,C17,1740.0,1740.0,1.0,1.8294908097825258,1.8053687047169569,59.38252777524158
active,296.0,C18,1740.0,1740.0,1.0,1.8295066831010116,1.8053750092281353,59.38250531065771
active,298.0,C01,1740.0,1740.0,1.0,1.831248372039582,1.8117748085409713,55.332988461917566
active,298.0,C02,1740.0,1740.0,1.0,1.8260676321706997,1.8015495203910588,59.41412107679856
active,298.0,C03,1740.0,1740.0,1.0,1.8263575664913902,1.8018495308576772,59.412134229924355
active,298.0,C04,1740.0,1740.0,1.0,1.8266993292724463,1.8022683538053985,59.4116601320791
active,298.0,C05,1740.0,1740.0,1.0,1.8269381967298046,1.8025084257123212,59.41008542833202
active,298.0,C06,1740.0,1740.0,1.0,1.827153302408692,1.8027207267249912,59.408698276750314
active,298.0,C07,1740.0,1740.0,1.0,1.8273458878222855,1.802906828237287,59.4074871114535
active,298.0,C08,1740.0,1740.0,1.0,1.8275172186793103,1.8030683420011047,59.40644030748825
active,298.0,C09,1740.0,1740.0,1.0,1.8280360469913688,1.803911705689099,59.40720625163565
active,298.0,S01,1240.0,1240.0,1.0,1.5351159795662614,1.262858663014138,69.1596905197232
active,298.0,S02,1240.0,1240.0,1.0,1.4815836041348889,1.1800671983699793,67.3915528372993
active,298.0,S03,1240.0,1240.0,1.0,1.5357955603783564,1.2637473097351761,69.15374964515911
active,298.0,S04,1240.0,1240.0,1.0,1.5360887169959638,1.2641280771102623,69.15014669449181
active,298.0,S05,1240.0,1240.0,1.0,1.5364414563095978,1.2646078262569014,69.21121723988169
active,298.0,S06,1240.0,1240.0,1.0,1.5367403646175999,1.2650091686957172,69.20771019180886
active,298.0,S07,1240.0,1240.0,1.0,1.5370280584429385,1.2653983605047976,69.20431018787754
active,298.0,S08,1240.0,1240.0,1.0,1.537304737480922,1.2657754204345126,69.20101684171162
active,298.0,S09,1240.0,1240.0,1.0,1.5375706038709631,1.2661403688287607,69.19782975556956
active,298.0,C10,1740.0,1740.0,1.0,1.8290979782558012,1.804958075801398,59.40060006867228
active,298.0,C11,1740.0,1740.0,1.0,1.8292845373571214,1.8052587895744998,59.40128477740829
active,298.0,C12,1740.0,1740.0,1.0,1.829339928554913,1.805315394547639,59.40093563889996
active,298.0,C13,1740.0,1740.0,1.0,1.8293850784900132,1.8053589298990311,59.400671560665984
active,298.0,C14,1740.0,1740.0,1.0,1.8294211988476177,1.8053913945242548,59.40047953226772
active,298.0,C15,1740.0,1740.0,1.0,1.829449772865531,1.8054144557895375,59.400348118166036
active,298.0,C16,1740.0,1740.0,1.0,1.8294723497666698,1.8054299399594416,59.400265310130536
active,298.0,C17,1740.0,1740.0,1.0,1.8294908097825258,1.8054397951306311,59.40021893260158
active,298.0,C18,1740.0,1740.0,1.0,1.8295066831010116,1.8054461017430552,59.400196172261964
active,300.0,C01,1740.0,1740.0,1.0,1.831248372039582,1.8118332117417215,55.40372022487227
active,300.0,C02,1740.0,1740.0,1.0,1.8260676321706997,1.8016076016413665,59.43175255776777
active,300.0,C03,1740.0,1740.0,1.0,1.8263575664913902,1.8019076238095428,59.42976363586795
active,300.0,C04,1740.0,1740.0,1.0,1.8266993292724463,1.8023264621789943,59.42925666765907
active,300.0,C05,1740.0,1740.0,1.0,1.8269381967298046,1.8025665437925753,59.42768011704225
active,300.0,C06,1740.0,1740.0,1.0,1.827153302408692,1.802778853585997,59.42629126577925
active,300.0,C07,1740.0,1740.0,1.0,1.8273458878222855,1.802964963004279,59.42507855083516
active,300.0,C08,1740.0,1740.0,1.0,1.8275172186793103,1.8031264838517802,59.424030347414735
active,300.0,C09,1740.0,1740.0,1.0,1.8280360469913688,1.8039698762080303,59.42470694711881
active,300.0,S01,1240.0,1240.0,1.0,1.5351159795662614,1.2628993510125976,69.1546410272755
active,300.0,S02,1240.0,1240.0,1.0,1.4815836041348889,1.1801052695766159,67.43855273684386
active,300.0,S03,1240.0,1240.0,1.0,1.5357955603783564,1.263788028324849,69.14863093371528
active,300.0,S04,1240.0,1240.0,1.0,1.5360887169959638,1.2641688089659082,69.14501491421805
active,300.0,S05,1240.0,1240.0,1.0,1.5364414563095978,1.2646485744833047,69.20481626825783
active,300.0,S06,1240.0,1240.0,1.0,1.5367403646175999,1.2650499308041236,69.20128976907739
active,300.0,S07,1240.0,1240.0,1.0,1.5370280584429385,1.2654391360964523,69.19787093287722
active,300.0,S08,1240.0,1240.0,1.0,1.537304737480922,1.2658162091118297,69.19455937237693
active,300.0,S09,1240.0,1240.0,1.0,1.5375706038709631,1.2661811701953891,69.19135468895416
active,300.0,C10,1740.0,1740.0,1.0,1.8290979782558012,1.8050162972137422,59.41808949550607
active,300.0,C11,1740.0,1740.0,1.0,1.8292845373571214,1.805317022167588,59.41873698243529
active,300.0,C12,1740.0,1740.0,1.0,1.829339928554913,1.8053736305520525,59.418387129560465
active,300.0,C13,1740.0,1740.0,1.0,1.8293850784900132,1.805417168876741,59.41812244338328
active,300.0,C14,1740.0,1740.0,1.0,1.8294211988476177,1.8054496359766365,59.41792989707579
active,300.0,C15,1740.0,1740.0,1.0,1.829449772865531,1.8054726993767591,59.41779804919423
active,300.0,C16,1740.0,1740.0,1.0,1.8294723497666698,1.8054881855520264,59.417714878265514
active,300.0,C17,1740.0,1740.0,1.0,1.8294908097825258,1.8054980425739025,59.41766818623386
active,300.0,C18,1740.0,1740.0,1.0,1.8295066831010116,1.8055043509079123,59.41764513328159
